{"keydown_event": [], "scroll_event": [], "mouse_click_event": [{"e": {"clientX": 149, "clientY": 207, "delegateTarget": {"nodeName": "#document", "clientHeight": 652, "height": 652, "clientWidth": 1366, "width": 1366, "offset": {"top": 0, "left": 0}, "offsetHeight": 322, "offsetWidth": 1366, "id": "document"}, "target": {"outerHeight": 30, "nodeName": "SELECT", "parent": {"outerHeight": 292, "nodeName": "DIV", "outerWidthWithMargin": 1356, "outerWidth": 1356, "innerWidth": 1356, "height": 292, "width": 1356, "innerHeight": 292, "offset": {"top": 10, "left": 10}, "position": {"top": 10, "left": 10}, "outerHeightWithMargin": 292, "id": "page3"}, "outerWidthWithMargin": 150, "outerWidth": 150, "innerWidth": 148, "height": 20, "width": 136, "innerHeight": 28, "offset": {"top": 194, "left": 10}, "id": "select1", "position": {"top": 194, "left": 10}, "outerHeightWithMargin": 40, "class": "input-medium", "tabindex": "1"}, "shiftKey": false, "button": 0, "ctrlKey": false, "offsetX": 139, "offsetY": 13, "altKey": false, "metaKey": false, "currentTarget": {"nodeName": "#document", "clientHeight": 652, "height": 652, "clientWidth": 1366, "width": 1366, "offset": {"top": 0, "left": 0}, "offsetHeight": 322, "offsetWidth": 1366, "id": "document"}, "which": 1, "pageY": 207, "pageX": 149, "screenY": 292, "screenX": 149, "timeStamp": 1389146216459, "eventPhase": 3}, "extra": {"selectedText": ""}, "time": 5460.0, "y": 207, "x": 149, "type": "click"}, {"e": {"clientX": 62, "clientY": 71, "delegateTarget": {"nodeName": "#document", "clientHeight": 652, "height": 652, "clientWidth": 1366, "width": 1366, "offset": {"top": 0, "left": 0}, "offsetHeight": 322, "offsetWidth": 1366, "id": "document"}, "target": {"outerHeight": 30, "nodeName": "SELECT", "parent": {"outerHeight": 292, "nodeName": "DIV", "outerWidthWithMargin": 1356, "outerWidth": 1356, "innerWidth": 1356, "height": 292, "width": 1356, "innerHeight": 292, "offset": {"top": 10, "left": 10}, "position": {"top": 10, "left": 10}, "outerHeightWithMargin": 292, "id": "page3"}, "outerWidthWithMargin": 150, "outerWidth": 150, "innerWidth": 148, "height": 20, "width": 136, "innerHeight": 28, "offset": {"top": 194, "left": 10}, "id": "select1", "position": {"top": 194, "left": 10}, "outerHeightWithMargin": 40, "class": "input-medium", "tabindex": "1"}, "shiftKey": false, "button": 0, "ctrlKey": false, "offsetX": 52, "offsetY": -123, "altKey": false, "metaKey": false, "currentTarget": {"nodeName": "#document", "clientHeight": 652, "height": 652, "clientWidth": 1366, "width": 1366, "offset": {"top": 0, "left": 0}, "offsetHeight": 322, "offsetWidth": 1366, "id": "document"}, "which": 1, "pageY": 71, "pageX": 62, "screenY": 381, "screenX": 73, "timeStamp": 1389146221123, "eventPhase": 3}, "extra": {"selectedText": ""}, "time": 10124.0, "y": 71, "x": 62, "type": "click"}, {"e": {"clientX": 51, "clientY": 287, "delegateTarget": {"nodeName": "#document", "clientHeight": 652, "height": 652, "clientWidth": 1366, "width": 1366, "offset": {"top": 0, "left": 0}, "offsetHeight": 322, "offsetWidth": 1366, "id": "document"}, "target": {"outerHeight": 26, "nodeName": "INPUT", "outerWidthWithMargin": 79, "outerWidth": 79, "innerWidth": 75, "height": 20, "width": 63, "innerHeight": 22, "offset": {"top": 276, "left": 10}, "position": {"top": 276, "left": 10}, "outerHeightWithMargin": 26, "id": "submit", "tabindex": "2"}, "shiftKey": false, "button": 0, "ctrlKey": false, "offsetX": 41, "offsetY": 11, "altKey": false, "metaKey": false, "currentTarget": {"nodeName": "#document", "clientHeight": 652, "height": 652, "clientWidth": 1366, "width": 1366, "offset": {"top": 0, "left": 0}, "offsetHeight": 322, "offsetWidth": 1366, "id": "document"}, "which": 1, "pageY": 287, "pageX": 51, "screenY": 372, "screenX": 51, "timeStamp": 1389146225585, "eventPhase": 3}, "extra": {"selectedText": ""}, "time": 14586.0, "y": 287, "x": 51, "type": "click"}], "mouse_move_event": [{"e": {"clientX": 301, "clientY": 347, "delegateTarget": {"nodeName": "#document", "clientHeight": 652, "height": 652, "clientWidth": 1366, "width": 1366, "offset": {"top": 0, "left": 0}, "offsetHeight": 322, "offsetWidth": 1366, "id": "document"}, "target": {"outerHeight": 322, "nodeName": "HTML", "outerWidthWithMargin": 1366, "outerWidth": 1366, "innerWidth": 1366, "height": 322, "width": 1366, "innerHeight": 322, "offset": {"top": 0, "left": 0}, "id": "index-page", "position": {"top": 0, "left": 0}, "outerHeightWithMargin": 322, "class": "  flexbox flexboxlegacy canvas canvastext webgl no-touch geolocation postmessage websqldatabase hashchange history draganddrop websockets rgba hsla multiplebgs backgroundsize borderimage borderradius boxshadow textshadow opacity cssanimations csscolumns cssgradients cssreflections csstransforms csstransforms3d csstransitions fontface generatedcontent video audio localstorage sessionstorage webworkers applicationcache svg inlinesvg smil svgclippaths cookies js no-mobile desktop no-ie root-section w-1366 gt-240 gt-320 gt-480 gt-640 gt-768 gt-800 gt-1024 gt-1280 lt-1440 lt-1680 lt-1920 no-portrait landscape gradient rgba opacity textshadow multiplebgs boxshadow borderimage borderradius cssreflections csstransforms csstransitions no-touch no-retina fontface domloaded"}, "shiftKey": false, "button": 0, "ctrlKey": false, "offsetX": 301, "offsetY": 347, "altKey": false, "metaKey": false, "currentTarget": {"nodeName": "#document", "clientHeight": 652, "height": 652, "clientWidth": 1366, "width": 1366, "offset": {"top": 0, "left": 0}, "offsetHeight": 322, "offsetWidth": 1366, "id": "document"}, "which": 0, "pageY": 347, "pageX": 301, "screenY": 432, "screenX": 301, "timeStamp": 1389146211014, "eventPhase": 3}, "extra": {"selectedText": ""}, "time": 15.0, "y": 347, "x": 301, "type": "mousemove"}, {"e": {"clientX": 301, "clientY": 346, "delegateTarget": {"nodeName": "#document", "clientHeight": 652, "height": 652, "clientWidth": 1366, "width": 1366, "offset": {"top": 0, "left": 0}, "offsetHeight": 322, "offsetWidth": 1366, "id": "document"}, "target": {"outerHeight": 322, "nodeName": "HTML", "outerWidthWithMargin": 1366, "outerWidth": 1366, "innerWidth": 1366, "height": 322, "width": 1366, "innerHeight": 322, "offset": {"top": 0, "left": 0}, "id": "index-page", "position": {"top": 0, "left": 0}, "outerHeightWithMargin": 322, "class": "  flexbox flexboxlegacy canvas canvastext webgl no-touch geolocation postmessage websqldatabase hashchange history draganddrop websockets rgba hsla multiplebgs backgroundsize borderimage borderradius boxshadow textshadow opacity cssanimations csscolumns cssgradients cssreflections csstransforms csstransforms3d csstransitions fontface generatedcontent video audio localstorage sessionstorage webworkers applicationcache svg inlinesvg smil svgclippaths cookies js no-mobile desktop no-ie root-section w-1366 gt-240 gt-320 gt-480 gt-640 gt-768 gt-800 gt-1024 gt-1280 lt-1440 lt-1680 lt-1920 no-portrait landscape gradient rgba opacity textshadow multiplebgs boxshadow borderimage borderradius cssreflections csstransforms csstransitions no-touch no-retina fontface domloaded"}, "shiftKey": false, "button": 0, "ctrlKey": false, "offsetX": 301, "offsetY": 346, "altKey": false, "metaKey": false, "currentTarget": {"nodeName": "#document", "clientHeight": 652, "height": 652, "clientWidth": 1366, "width": 1366, "offset": {"top": 0, "left": 0}, "offsetHeight": 322, "offsetWidth": 1366, "id": "document"}, "which": 0, "pageY": 346, "pageX": 301, "screenY": 431, "screenX": 301, "timeStamp": 1389146214478, "eventPhase": 3}, "extra": {"selectedText": ""}, "time": 3479.0, "y": 346, "x": 301, "type": "mousemove"}, {"e": {"clientX": 237, "clientY": 192, "delegateTarget": {"nodeName": "#document", "clientHeight": 652, "height": 652, "clientWidth": 1366, "width": 1366, "offset": {"top": 0, "left": 0}, "offsetHeight": 322, "offsetWidth": 1366, "id": "document"}, "target": {"outerHeight": 292, "nodeName": "DIV", "outerWidthWithMargin": 1356, "outerWidth": 1356, "innerWidth": 1356, "height": 292, "width": 1356, "innerHeight": 292, "offset": {"top": 10, "left": 10}, "position": {"top": 10, "left": 10}, "outerHeightWithMargin": 292, "id": "page3"}, "shiftKey": false, "button": 0, "ctrlKey": false, "offsetX": 227, "offsetY": 182, "altKey": false, "metaKey": false, "currentTarget": {"nodeName": "#document", "clientHeight": 652, "height": 652, "clientWidth": 1366, "width": 1366, "offset": {"top": 0, "left": 0}, "offsetHeight": 322, "offsetWidth": 1366, "id": "document"}, "which": 0, "pageY": 192, "pageX": 237, "screenY": 277, "screenX": 237, "timeStamp": 1389146214727, "eventPhase": 3}, "extra": {"selectedText": ""}, "time": 3728.0, "y": 192, "x": 237, "type": "mousemove"}, {"e": {"clientX": 200, "clientY": 191, "delegateTarget": {"nodeName": "#document", "clientHeight": 652, "height": 652, "clientWidth": 1366, "width": 1366, "offset": {"top": 0, "left": 0}, "offsetHeight": 322, "offsetWidth": 1366, "id": "document"}, "target": {"outerHeight": 292, "nodeName": "DIV", "outerWidthWithMargin": 1356, "outerWidth": 1356, "innerWidth": 1356, "height": 292, "width": 1356, "innerHeight": 292, "offset": {"top": 10, "left": 10}, "position": {"top": 10, "left": 10}, "outerHeightWithMargin": 292, "id": "page3"}, "shiftKey": false, "button": 0, "ctrlKey": false, "offsetX": 190, "offsetY": 181, "altKey": false, "metaKey": false, "currentTarget": {"nodeName": "#document", "clientHeight": 652, "height": 652, "clientWidth": 1366, "width": 1366, "offset": {"top": 0, "left": 0}, "offsetHeight": 322, "offsetWidth": 1366, "id": "document"}, "which": 0, "pageY": 191, "pageX": 200, "screenY": 276, "screenX": 200, "timeStamp": 1389146215538, "eventPhase": 3}, "extra": {"selectedText": ""}, "time": 4539.0, "y": 191, "x": 200, "type": "mousemove"}, {"e": {"clientX": 149, "clientY": 207, "delegateTarget": {"nodeName": "#document", "clientHeight": 652, "height": 652, "clientWidth": 1366, "width": 1366, "offset": {"top": 0, "left": 0}, "offsetHeight": 322, "offsetWidth": 1366, "id": "document"}, "target": {"outerHeight": 30, "nodeName": "SELECT", "parent": {"outerHeight": 292, "nodeName": "DIV", "outerWidthWithMargin": 1356, "outerWidth": 1356, "innerWidth": 1356, "height": 292, "width": 1356, "innerHeight": 292, "offset": {"top": 10, "left": 10}, "position": {"top": 10, "left": 10}, "outerHeightWithMargin": 292, "id": "page3"}, "outerWidthWithMargin": 150, "outerWidth": 150, "innerWidth": 148, "height": 20, "width": 136, "innerHeight": 28, "offset": {"top": 194, "left": 10}, "id": "select1", "position": {"top": 194, "left": 10}, "outerHeightWithMargin": 40, "class": "input-medium", "tabindex": "1"}, "shiftKey": false, "button": 0, "ctrlKey": false, "offsetX": 139, "offsetY": 13, "altKey": false, "metaKey": false, "currentTarget": {"nodeName": "#document", "clientHeight": 652, "height": 652, "clientWidth": 1366, "width": 1366, "offset": {"top": 0, "left": 0}, "offsetHeight": 322, "offsetWidth": 1366, "id": "document"}, "which": 0, "pageY": 207, "pageX": 149, "screenY": 292, "screenX": 149, "timeStamp": 1389146215928, "eventPhase": 3}, "extra": {"selectedText": ""}, "time": 4929.0, "y": 207, "x": 149, "type": "mousemove"}, {"e": {"clientX": 149, "clientY": 207, "delegateTarget": {"nodeName": "#document", "clientHeight": 652, "height": 652, "clientWidth": 1366, "width": 1366, "offset": {"top": 0, "left": 0}, "offsetHeight": 322, "offsetWidth": 1366, "id": "document"}, "target": {"outerHeight": 30, "nodeName": "SELECT", "parent": {"outerHeight": 292, "nodeName": "DIV", "outerWidthWithMargin": 1356, "outerWidth": 1356, "innerWidth": 1356, "height": 292, "width": 1356, "innerHeight": 292, "offset": {"top": 10, "left": 10}, "position": {"top": 10, "left": 10}, "outerHeightWithMargin": 292, "id": "page3"}, "outerWidthWithMargin": 150, "outerWidth": 150, "innerWidth": 148, "height": 20, "width": 136, "innerHeight": 28, "offset": {"top": 194, "left": 10}, "id": "select1", "position": {"top": 194, "left": 10}, "outerHeightWithMargin": 40, "class": "input-medium", "tabindex": "1"}, "shiftKey": false, "button": 0, "ctrlKey": false, "offsetX": 139, "offsetY": 13, "altKey": false, "metaKey": false, "currentTarget": {"nodeName": "#document", "clientHeight": 652, "height": 652, "clientWidth": 1366, "width": 1366, "offset": {"top": 0, "left": 0}, "offsetHeight": 322, "offsetWidth": 1366, "id": "document"}, "which": 0, "pageY": 207, "pageX": 149, "screenY": 292, "screenX": 149, "timeStamp": 1389146216474, "eventPhase": 3}, "extra": {"selectedText": ""}, "time": 5475.0, "y": 207, "x": 149, "type": "mousemove"}, {"e": {"clientX": 148, "clientY": 208, "delegateTarget": {"nodeName": "#document", "clientHeight": 652, "height": 652, "clientWidth": 1366, "width": 1366, "offset": {"top": 0, "left": 0}, "offsetHeight": 322, "offsetWidth": 1366, "id": "document"}, "target": {"outerHeight": 30, "nodeName": "SELECT", "parent": {"outerHeight": 292, "nodeName": "DIV", "outerWidthWithMargin": 1356, "outerWidth": 1356, "innerWidth": 1356, "height": 292, "width": 1356, "innerHeight": 292, "offset": {"top": 10, "left": 10}, "position": {"top": 10, "left": 10}, "outerHeightWithMargin": 292, "id": "page3"}, "outerWidthWithMargin": 150, "outerWidth": 150, "innerWidth": 148, "height": 20, "width": 136, "innerHeight": 28, "offset": {"top": 194, "left": 10}, "id": "select1", "position": {"top": 194, "left": 10}, "outerHeightWithMargin": 40, "class": "input-medium", "tabindex": "1"}, "shiftKey": false, "button": 0, "ctrlKey": false, "offsetX": 138, "offsetY": 14, "altKey": false, "metaKey": false, "currentTarget": {"nodeName": "#document", "clientHeight": 652, "height": 652, "clientWidth": 1366, "width": 1366, "offset": {"top": 0, "left": 0}, "offsetHeight": 322, "offsetWidth": 1366, "id": "document"}, "which": 0, "pageY": 208, "pageX": 148, "screenY": 293, "screenX": 148, "timeStamp": 1389146216677, "eventPhase": 3}, "extra": {"selectedText": ""}, "time": 5678.0, "y": 208, "x": 148, "type": "mousemove"}, {"e": {"clientX": 147, "clientY": 208, "delegateTarget": {"nodeName": "#document", "clientHeight": 652, "height": 652, "clientWidth": 1366, "width": 1366, "offset": {"top": 0, "left": 0}, "offsetHeight": 322, "offsetWidth": 1366, "id": "document"}, "target": {"outerHeight": 30, "nodeName": "SELECT", "parent": {"outerHeight": 292, "nodeName": "DIV", "outerWidthWithMargin": 1356, "outerWidth": 1356, "innerWidth": 1356, "height": 292, "width": 1356, "innerHeight": 292, "offset": {"top": 10, "left": 10}, "position": {"top": 10, "left": 10}, "outerHeightWithMargin": 292, "id": "page3"}, "outerWidthWithMargin": 150, "outerWidth": 150, "innerWidth": 148, "height": 20, "width": 136, "innerHeight": 28, "offset": {"top": 194, "left": 10}, "id": "select1", "position": {"top": 194, "left": 10}, "outerHeightWithMargin": 40, "class": "input-medium", "tabindex": "1"}, "shiftKey": false, "button": 0, "ctrlKey": false, "offsetX": 137, "offsetY": 14, "altKey": false, "metaKey": false, "currentTarget": {"nodeName": "#document", "clientHeight": 652, "height": 652, "clientWidth": 1366, "width": 1366, "offset": {"top": 0, "left": 0}, "offsetHeight": 322, "offsetWidth": 1366, "id": "document"}, "which": 0, "pageY": 208, "pageX": 147, "screenY": 293, "screenX": 147, "timeStamp": 1389146216911, "eventPhase": 3}, "extra": {"selectedText": ""}, "time": 5912.0, "y": 208, "x": 147, "type": "mousemove"}, {"e": {"clientX": 147, "clientY": 209, "delegateTarget": {"nodeName": "#document", "clientHeight": 652, "height": 652, "clientWidth": 1366, "width": 1366, "offset": {"top": 0, "left": 0}, "offsetHeight": 322, "offsetWidth": 1366, "id": "document"}, "target": {"outerHeight": 30, "nodeName": "SELECT", "parent": {"outerHeight": 292, "nodeName": "DIV", "outerWidthWithMargin": 1356, "outerWidth": 1356, "innerWidth": 1356, "height": 292, "width": 1356, "innerHeight": 292, "offset": {"top": 10, "left": 10}, "position": {"top": 10, "left": 10}, "outerHeightWithMargin": 292, "id": "page3"}, "outerWidthWithMargin": 150, "outerWidth": 150, "innerWidth": 148, "height": 20, "width": 136, "innerHeight": 28, "offset": {"top": 194, "left": 10}, "id": "select1", "position": {"top": 194, "left": 10}, "outerHeightWithMargin": 40, "class": "input-medium", "tabindex": "1"}, "shiftKey": false, "button": 0, "ctrlKey": false, "offsetX": 137, "offsetY": 15, "altKey": false, "metaKey": false, "currentTarget": {"nodeName": "#document", "clientHeight": 652, "height": 652, "clientWidth": 1366, "width": 1366, "offset": {"top": 0, "left": 0}, "offsetHeight": 322, "offsetWidth": 1366, "id": "document"}, "which": 0, "pageY": 209, "pageX": 147, "screenY": 294, "screenX": 147, "timeStamp": 1389146218206, "eventPhase": 3}, "extra": {"selectedText": ""}, "time": 7207.0, "y": 209, "x": 147, "type": "mousemove"}, {"e": {"clientX": 137, "clientY": 224, "delegateTarget": {"nodeName": "#document", "clientHeight": 652, "height": 652, "clientWidth": 1366, "width": 1366, "offset": {"top": 0, "left": 0}, "offsetHeight": 322, "offsetWidth": 1366, "id": "document"}, "target": {"outerHeight": 292, "nodeName": "DIV", "outerWidthWithMargin": 1356, "outerWidth": 1356, "innerWidth": 1356, "height": 292, "width": 1356, "innerHeight": 292, "offset": {"top": 10, "left": 10}, "position": {"top": 10, "left": 10}, "outerHeightWithMargin": 292, "id": "page3"}, "shiftKey": false, "button": 0, "ctrlKey": false, "offsetX": 127, "offsetY": 214, "altKey": false, "metaKey": false, "currentTarget": {"nodeName": "#document", "clientHeight": 652, "height": 652, "clientWidth": 1366, "width": 1366, "offset": {"top": 0, "left": 0}, "offsetHeight": 322, "offsetWidth": 1366, "id": "document"}, "which": 0, "pageY": 224, "pageX": 137, "screenY": 309, "screenX": 137, "timeStamp": 1389146218362, "eventPhase": 3}, "extra": {"selectedText": ""}, "time": 7363.0, "y": 224, "x": 137, "type": "mousemove"}, {"e": {"clientX": 61, "clientY": 298, "delegateTarget": {"nodeName": "#document", "clientHeight": 652, "height": 652, "clientWidth": 1366, "width": 1366, "offset": {"top": 0, "left": 0}, "offsetHeight": 322, "offsetWidth": 1366, "id": "document"}, "target": {"outerHeight": 26, "nodeName": "INPUT", "outerWidthWithMargin": 79, "outerWidth": 79, "innerWidth": 75, "height": 20, "width": 63, "innerHeight": 22, "offset": {"top": 276, "left": 10}, "position": {"top": 276, "left": 10}, "outerHeightWithMargin": 26, "id": "submit", "tabindex": "2"}, "shiftKey": false, "button": 0, "ctrlKey": false, "offsetX": 51, "offsetY": 22, "altKey": false, "metaKey": false, "currentTarget": {"nodeName": "#document", "clientHeight": 652, "height": 652, "clientWidth": 1366, "width": 1366, "offset": {"top": 0, "left": 0}, "offsetHeight": 322, "offsetWidth": 1366, "id": "document"}, "which": 0, "pageY": 298, "pageX": 61, "screenY": 383, "screenX": 61, "timeStamp": 1389146223042, "eventPhase": 3}, "extra": {"selectedText": ""}, "time": 12043.0, "y": 298, "x": 61, "type": "mousemove"}, {"e": {"clientX": 50, "clientY": 293, "delegateTarget": {"nodeName": "#document", "clientHeight": 652, "height": 652, "clientWidth": 1366, "width": 1366, "offset": {"top": 0, "left": 0}, "offsetHeight": 322, "offsetWidth": 1366, "id": "document"}, "target": {"outerHeight": 26, "nodeName": "INPUT", "outerWidthWithMargin": 79, "outerWidth": 79, "innerWidth": 75, "height": 20, "width": 63, "innerHeight": 22, "offset": {"top": 276, "left": 10}, "position": {"top": 276, "left": 10}, "outerHeightWithMargin": 26, "id": "submit", "tabindex": "2"}, "shiftKey": false, "button": 0, "ctrlKey": false, "offsetX": 40, "offsetY": 17, "altKey": false, "metaKey": false, "currentTarget": {"nodeName": "#document", "clientHeight": 652, "height": 652, "clientWidth": 1366, "width": 1366, "offset": {"top": 0, "left": 0}, "offsetHeight": 322, "offsetWidth": 1366, "id": "document"}, "which": 0, "pageY": 293, "pageX": 50, "screenY": 378, "screenX": 50, "timeStamp": 1389146223120, "eventPhase": 3}, "extra": {"selectedText": ""}, "time": 12121.0, "y": 293, "x": 50, "type": "mousemove"}, {"e": {"clientX": 50, "clientY": 292, "delegateTarget": {"nodeName": "#document", "clientHeight": 652, "height": 652, "clientWidth": 1366, "width": 1366, "offset": {"top": 0, "left": 0}, "offsetHeight": 322, "offsetWidth": 1366, "id": "document"}, "target": {"outerHeight": 26, "nodeName": "INPUT", "outerWidthWithMargin": 79, "outerWidth": 79, "innerWidth": 75, "height": 20, "width": 63, "innerHeight": 22, "offset": {"top": 276, "left": 10}, "position": {"top": 276, "left": 10}, "outerHeightWithMargin": 26, "id": "submit", "tabindex": "2"}, "shiftKey": false, "button": 0, "ctrlKey": false, "offsetX": 40, "offsetY": 16, "altKey": false, "metaKey": false, "currentTarget": {"nodeName": "#document", "clientHeight": 652, "height": 652, "clientWidth": 1366, "width": 1366, "offset": {"top": 0, "left": 0}, "offsetHeight": 322, "offsetWidth": 1366, "id": "document"}, "which": 0, "pageY": 292, "pageX": 50, "screenY": 377, "screenX": 50, "timeStamp": 1389146223229, "eventPhase": 3}, "extra": {"selectedText": ""}, "time": 12230.0, "y": 292, "x": 50, "type": "mousemove"}, {"e": {"clientX": 50, "clientY": 289, "delegateTarget": {"nodeName": "#document", "clientHeight": 652, "height": 652, "clientWidth": 1366, "width": 1366, "offset": {"top": 0, "left": 0}, "offsetHeight": 322, "offsetWidth": 1366, "id": "document"}, "target": {"outerHeight": 26, "nodeName": "INPUT", "outerWidthWithMargin": 79, "outerWidth": 79, "innerWidth": 75, "height": 20, "width": 63, "innerHeight": 22, "offset": {"top": 276, "left": 10}, "position": {"top": 276, "left": 10}, "outerHeightWithMargin": 26, "id": "submit", "tabindex": "2"}, "shiftKey": false, "button": 0, "ctrlKey": false, "offsetX": 40, "offsetY": 13, "altKey": false, "metaKey": false, "currentTarget": {"nodeName": "#document", "clientHeight": 652, "height": 652, "clientWidth": 1366, "width": 1366, "offset": {"top": 0, "left": 0}, "offsetHeight": 322, "offsetWidth": 1366, "id": "document"}, "which": 0, "pageY": 289, "pageX": 50, "screenY": 374, "screenX": 50, "timeStamp": 1389146223416, "eventPhase": 3}, "extra": {"selectedText": ""}, "time": 12417.0, "y": 289, "x": 50, "type": "mousemove"}, {"e": {"clientX": 51, "clientY": 287, "delegateTarget": {"nodeName": "#document", "clientHeight": 652, "height": 652, "clientWidth": 1366, "width": 1366, "offset": {"top": 0, "left": 0}, "offsetHeight": 322, "offsetWidth": 1366, "id": "document"}, "target": {"outerHeight": 26, "nodeName": "INPUT", "outerWidthWithMargin": 79, "outerWidth": 79, "innerWidth": 75, "height": 20, "width": 63, "innerHeight": 22, "offset": {"top": 276, "left": 10}, "position": {"top": 276, "left": 10}, "outerHeightWithMargin": 26, "id": "submit", "tabindex": "2"}, "shiftKey": false, "button": 0, "ctrlKey": false, "offsetX": 41, "offsetY": 11, "altKey": false, "metaKey": false, "currentTarget": {"nodeName": "#document", "clientHeight": 652, "height": 652, "clientWidth": 1366, "width": 1366, "offset": {"top": 0, "left": 0}, "offsetHeight": 322, "offsetWidth": 1366, "id": "document"}, "which": 0, "pageY": 287, "pageX": 51, "screenY": 372, "screenX": 51, "timeStamp": 1389146223838, "eventPhase": 3}, "extra": {"selectedText": ""}, "time": 12839.0, "y": 287, "x": 51, "type": "mousemove"}], "init_event": [{"type": "init", "time": 0.0, "e": {"clientX": 301, "clientY": 347, "delegateTarget": {"nodeName": "#document", "clientHeight": 652, "height": 652, "clientWidth": 1366, "width": 1366, "offset": {"top": 0, "left": 0}, "offsetHeight": 322, "offsetWidth": 1366, "id": "document"}, "target": {"outerHeight": 322, "nodeName": "HTML", "outerWidthWithMargin": 1366, "outerWidth": 1366, "innerWidth": 1366, "height": 322, "width": 1366, "innerHeight": 322, "offset": {"top": 0, "left": 0}, "id": "index-page", "position": {"top": 0, "left": 0}, "outerHeightWithMargin": 322, "class": "  flexbox flexboxlegacy canvas canvastext webgl no-touch geolocation postmessage websqldatabase hashchange history draganddrop websockets rgba hsla multiplebgs backgroundsize borderimage borderradius boxshadow textshadow opacity cssanimations csscolumns cssgradients cssreflections csstransforms csstransforms3d csstransitions fontface generatedcontent video audio localstorage sessionstorage webworkers applicationcache svg inlinesvg smil svgclippaths cookies js no-mobile desktop no-ie root-section w-1366 gt-240 gt-320 gt-480 gt-640 gt-768 gt-800 gt-1024 gt-1280 lt-1440 lt-1680 lt-1920 no-portrait landscape gradient rgba opacity textshadow multiplebgs boxshadow borderimage borderradius cssreflections csstransforms csstransitions no-touch no-retina fontface domloaded"}, "shiftKey": false, "button": 0, "ctrlKey": false, "offsetX": 301, "offsetY": 347, "altKey": false, "metaKey": false, "currentTarget": {"nodeName": "#document", "clientHeight": 652, "height": 652, "clientWidth": 1366, "width": 1366, "offset": {"top": 0, "left": 0}, "offsetHeight": 322, "offsetWidth": 1366, "id": "document"}, "which": 0, "pageY": 347, "pageX": 301, "screenY": 432, "screenX": 301, "timeStamp": 1389146210999, "eventPhase": 3}, "extra": {"body": {"outerWidth": 1366, "innerWidth": 1366, "outerHeight": 302, "height": 292, "width": 1356, "innerHeight": 302, "offset": {"top": 0, "left": 0}, "outerWidthWithMargin": 1366, "outerHeightWithMargin": 302}, "scrollOffset": {"pageYOffset": 0, "pageXOffset": 0}, "screen": {"pixelDepth": 32, "width": 1366, "availHeight": 738, "height": 768, "availWidth": 1366, "colorDepth": 32}, "zoom": {"zoomLevel": 0, "devicePixelRatio": 1}, "window": {"screenX": 0, "outerWidth": 1366, "innerWidth": 1366, "height": 652, "width": 1366, "innerHeight": 652, "offset": {"top": 0, "left": 0}, "screenY": 0, "outerHeight": 738}, "version": 2, "navigator": {"product": "Gecko", "language": "en-US", "appName": "Netscape", "appCodeName": "Mozilla", "cookieEnabled": true, "appVersion": "5.0 (Windows NT 6.1; WOW64) AppleWebKit/537.36 (KHTML, like Gecko) Chrome/31.0.1650.63 Safari/537.36", "platform": "Win32", "userAgent": "Mozilla/5.0 (Windows NT 6.1; WOW64) AppleWebKit/537.36 (KHTML, like Gecko) Chrome/31.0.1650.63 Safari/537.36"}, "document": {"clientHeight": 652, "height": 652, "clientWidth": 1366, "width": 1366, "offset": {"top": 0, "left": 0}, "offsetHeight": 322, "offsetWidth": 1366}}}], "misc_event": [{"type": "init", "time": 0.0, "e": {"clientX": 301, "clientY": 347, "delegateTarget": {"nodeName": "#document", "clientHeight": 652, "height": 652, "clientWidth": 1366, "width": 1366, "offset": {"top": 0, "left": 0}, "offsetHeight": 322, "offsetWidth": 1366, "id": "document"}, "target": {"outerHeight": 322, "nodeName": "HTML", "outerWidthWithMargin": 1366, "outerWidth": 1366, "innerWidth": 1366, "height": 322, "width": 1366, "innerHeight": 322, "offset": {"top": 0, "left": 0}, "id": "index-page", "position": {"top": 0, "left": 0}, "outerHeightWithMargin": 322, "class": "  flexbox flexboxlegacy canvas canvastext webgl no-touch geolocation postmessage websqldatabase hashchange history draganddrop websockets rgba hsla multiplebgs backgroundsize borderimage borderradius boxshadow textshadow opacity cssanimations csscolumns cssgradients cssreflections csstransforms csstransforms3d csstransitions fontface generatedcontent video audio localstorage sessionstorage webworkers applicationcache svg inlinesvg smil svgclippaths cookies js no-mobile desktop no-ie root-section w-1366 gt-240 gt-320 gt-480 gt-640 gt-768 gt-800 gt-1024 gt-1280 lt-1440 lt-1680 lt-1920 no-portrait landscape gradient rgba opacity textshadow multiplebgs boxshadow borderimage borderradius cssreflections csstransforms csstransitions no-touch no-retina fontface domloaded"}, "shiftKey": false, "button": 0, "ctrlKey": false, "offsetX": 301, "offsetY": 347, "altKey": false, "metaKey": false, "currentTarget": {"nodeName": "#document", "clientHeight": 652, "height": 652, "clientWidth": 1366, "width": 1366, "offset": {"top": 0, "left": 0}, "offsetHeight": 322, "offsetWidth": 1366, "id": "document"}, "which": 0, "pageY": 347, "pageX": 301, "screenY": 432, "screenX": 301, "timeStamp": 1389146210999, "eventPhase": 3}, "extra": {"body": {"outerWidth": 1366, "innerWidth": 1366, "outerHeight": 302, "height": 292, "width": 1356, "innerHeight": 302, "offset": {"top": 0, "left": 0}, "outerWidthWithMargin": 1366, "outerHeightWithMargin": 302}, "scrollOffset": {"pageYOffset": 0, "pageXOffset": 0}, "screen": {"pixelDepth": 32, "width": 1366, "availHeight": 738, "height": 768, "availWidth": 1366, "colorDepth": 32}, "zoom": {"zoomLevel": 0, "devicePixelRatio": 1}, "window": {"screenX": 0, "outerWidth": 1366, "innerWidth": 1366, "height": 652, "width": 1366, "innerHeight": 652, "offset": {"top": 0, "left": 0}, "screenY": 0, "outerHeight": 738}, "version": 2, "navigator": {"product": "Gecko", "language": "en-US", "appName": "Netscape", "appCodeName": "Mozilla", "cookieEnabled": true, "appVersion": "5.0 (Windows NT 6.1; WOW64) AppleWebKit/537.36 (KHTML, like Gecko) Chrome/31.0.1650.63 Safari/537.36", "platform": "Win32", "userAgent": "Mozilla/5.0 (Windows NT 6.1; WOW64) AppleWebKit/537.36 (KHTML, like Gecko) Chrome/31.0.1650.63 Safari/537.36"}, "document": {"clientHeight": 652, "height": 652, "clientWidth": 1366, "width": 1366, "offset": {"top": 0, "left": 0}, "offsetHeight": 322, "offsetWidth": 1366}}}, {"type": "mouseenter", "time": 0.0, "e": {"clientX": 301, "clientY": 347, "delegateTarget": {"nodeName": "#document", "clientHeight": 652, "height": 652, "clientWidth": 1366, "width": 1366, "offset": {"top": 0, "left": 0}, "offsetHeight": 322, "offsetWidth": 1366, "id": "document"}, "target": {"outerHeight": 322, "nodeName": "HTML", "outerWidthWithMargin": 1366, "outerWidth": 1366, "innerWidth": 1366, "height": 322, "width": 1366, "innerHeight": 322, "offset": {"top": 0, "left": 0}, "id": "index-page", "position": {"top": 0, "left": 0}, "outerHeightWithMargin": 322, "class": "  flexbox flexboxlegacy canvas canvastext webgl no-touch geolocation postmessage websqldatabase hashchange history draganddrop websockets rgba hsla multiplebgs backgroundsize borderimage borderradius boxshadow textshadow opacity cssanimations csscolumns cssgradients cssreflections csstransforms csstransforms3d csstransitions fontface generatedcontent video audio localstorage sessionstorage webworkers applicationcache svg inlinesvg smil svgclippaths cookies js no-mobile desktop no-ie root-section w-1366 gt-240 gt-320 gt-480 gt-640 gt-768 gt-800 gt-1024 gt-1280 lt-1440 lt-1680 lt-1920 no-portrait landscape gradient rgba opacity textshadow multiplebgs boxshadow borderimage borderradius cssreflections csstransforms csstransitions no-touch no-retina fontface domloaded"}, "shiftKey": false, "button": 0, "ctrlKey": false, "offsetX": 301, "offsetY": 347, "altKey": false, "metaKey": false, "currentTarget": {"nodeName": "#document", "clientHeight": 652, "height": 652, "clientWidth": 1366, "width": 1366, "offset": {"top": 0, "left": 0}, "offsetHeight": 322, "offsetWidth": 1366, "id": "document"}, "which": 0, "pageY": 347, "pageX": 301, "screenY": 432, "screenX": 301, "timeStamp": 1389146210999, "eventPhase": 3}, "extra": {}}, {"e": {"clientX": 301, "clientY": 347, "delegateTarget": {"nodeName": "#document", "clientHeight": 652, "height": 652, "clientWidth": 1366, "width": 1366, "offset": {"top": 0, "left": 0}, "offsetHeight": 322, "offsetWidth": 1366, "id": "document"}, "target": {"outerHeight": 322, "nodeName": "HTML", "outerWidthWithMargin": 1366, "outerWidth": 1366, "innerWidth": 1366, "height": 322, "width": 1366, "innerHeight": 322, "offset": {"top": 0, "left": 0}, "id": "index-page", "position": {"top": 0, "left": 0}, "outerHeightWithMargin": 322, "class": "  flexbox flexboxlegacy canvas canvastext webgl no-touch geolocation postmessage websqldatabase hashchange history draganddrop websockets rgba hsla multiplebgs backgroundsize borderimage borderradius boxshadow textshadow opacity cssanimations csscolumns cssgradients cssreflections csstransforms csstransforms3d csstransitions fontface generatedcontent video audio localstorage sessionstorage webworkers applicationcache svg inlinesvg smil svgclippaths cookies js no-mobile desktop no-ie root-section w-1366 gt-240 gt-320 gt-480 gt-640 gt-768 gt-800 gt-1024 gt-1280 lt-1440 lt-1680 lt-1920 no-portrait landscape gradient rgba opacity textshadow multiplebgs boxshadow borderimage borderradius cssreflections csstransforms csstransitions no-touch no-retina fontface domloaded"}, "shiftKey": false, "button": 0, "ctrlKey": false, "offsetX": 301, "offsetY": 347, "altKey": false, "metaKey": false, "currentTarget": {"nodeName": "#document", "clientHeight": 652, "height": 652, "clientWidth": 1366, "width": 1366, "offset": {"top": 0, "left": 0}, "offsetHeight": 322, "offsetWidth": 1366, "id": "document"}, "which": 0, "pageY": 347, "pageX": 301, "screenY": 432, "screenX": 301, "timeStamp": 1389146211014, "eventPhase": 3}, "extra": {"selectedText": ""}, "time": 15.0, "y": 347, "x": 301, "type": "mousemove"}, {"e": {"clientX": 301, "clientY": 346, "delegateTarget": {"nodeName": "#document", "clientHeight": 652, "height": 652, "clientWidth": 1366, "width": 1366, "offset": {"top": 0, "left": 0}, "offsetHeight": 322, "offsetWidth": 1366, "id": "document"}, "target": {"outerHeight": 322, "nodeName": "HTML", "outerWidthWithMargin": 1366, "outerWidth": 1366, "innerWidth": 1366, "height": 322, "width": 1366, "innerHeight": 322, "offset": {"top": 0, "left": 0}, "id": "index-page", "position": {"top": 0, "left": 0}, "outerHeightWithMargin": 322, "class": "  flexbox flexboxlegacy canvas canvastext webgl no-touch geolocation postmessage websqldatabase hashchange history draganddrop websockets rgba hsla multiplebgs backgroundsize borderimage borderradius boxshadow textshadow opacity cssanimations csscolumns cssgradients cssreflections csstransforms csstransforms3d csstransitions fontface generatedcontent video audio localstorage sessionstorage webworkers applicationcache svg inlinesvg smil svgclippaths cookies js no-mobile desktop no-ie root-section w-1366 gt-240 gt-320 gt-480 gt-640 gt-768 gt-800 gt-1024 gt-1280 lt-1440 lt-1680 lt-1920 no-portrait landscape gradient rgba opacity textshadow multiplebgs boxshadow borderimage borderradius cssreflections csstransforms csstransitions no-touch no-retina fontface domloaded"}, "shiftKey": false, "button": 0, "ctrlKey": false, "offsetX": 301, "offsetY": 346, "altKey": false, "metaKey": false, "currentTarget": {"nodeName": "#document", "clientHeight": 652, "height": 652, "clientWidth": 1366, "width": 1366, "offset": {"top": 0, "left": 0}, "offsetHeight": 322, "offsetWidth": 1366, "id": "document"}, "which": 0, "pageY": 346, "pageX": 301, "screenY": 431, "screenX": 301, "timeStamp": 1389146214478, "eventPhase": 3}, "extra": {"selectedText": ""}, "time": 3479.0, "y": 346, "x": 301, "type": "mousemove"}, {"e": {"clientX": 237, "clientY": 192, "delegateTarget": {"nodeName": "#document", "clientHeight": 652, "height": 652, "clientWidth": 1366, "width": 1366, "offset": {"top": 0, "left": 0}, "offsetHeight": 322, "offsetWidth": 1366, "id": "document"}, "target": {"outerHeight": 292, "nodeName": "DIV", "outerWidthWithMargin": 1356, "outerWidth": 1356, "innerWidth": 1356, "height": 292, "width": 1356, "innerHeight": 292, "offset": {"top": 10, "left": 10}, "position": {"top": 10, "left": 10}, "outerHeightWithMargin": 292, "id": "page3"}, "shiftKey": false, "button": 0, "ctrlKey": false, "offsetX": 227, "offsetY": 182, "altKey": false, "metaKey": false, "currentTarget": {"nodeName": "#document", "clientHeight": 652, "height": 652, "clientWidth": 1366, "width": 1366, "offset": {"top": 0, "left": 0}, "offsetHeight": 322, "offsetWidth": 1366, "id": "document"}, "which": 0, "pageY": 192, "pageX": 237, "screenY": 277, "screenX": 237, "timeStamp": 1389146214727, "eventPhase": 3}, "extra": {"selectedText": ""}, "time": 3728.0, "y": 192, "x": 237, "type": "mousemove"}, {"e": {"clientX": 200, "clientY": 191, "delegateTarget": {"nodeName": "#document", "clientHeight": 652, "height": 652, "clientWidth": 1366, "width": 1366, "offset": {"top": 0, "left": 0}, "offsetHeight": 322, "offsetWidth": 1366, "id": "document"}, "target": {"outerHeight": 292, "nodeName": "DIV", "outerWidthWithMargin": 1356, "outerWidth": 1356, "innerWidth": 1356, "height": 292, "width": 1356, "innerHeight": 292, "offset": {"top": 10, "left": 10}, "position": {"top": 10, "left": 10}, "outerHeightWithMargin": 292, "id": "page3"}, "shiftKey": false, "button": 0, "ctrlKey": false, "offsetX": 190, "offsetY": 181, "altKey": false, "metaKey": false, "currentTarget": {"nodeName": "#document", "clientHeight": 652, "height": 652, "clientWidth": 1366, "width": 1366, "offset": {"top": 0, "left": 0}, "offsetHeight": 322, "offsetWidth": 1366, "id": "document"}, "which": 0, "pageY": 191, "pageX": 200, "screenY": 276, "screenX": 200, "timeStamp": 1389146215538, "eventPhase": 3}, "extra": {"selectedText": ""}, "time": 4539.0, "y": 191, "x": 200, "type": "mousemove"}, {"e": {"clientX": 149, "clientY": 207, "delegateTarget": {"nodeName": "#document", "clientHeight": 652, "height": 652, "clientWidth": 1366, "width": 1366, "offset": {"top": 0, "left": 0}, "offsetHeight": 322, "offsetWidth": 1366, "id": "document"}, "target": {"outerHeight": 30, "nodeName": "SELECT", "parent": {"outerHeight": 292, "nodeName": "DIV", "outerWidthWithMargin": 1356, "outerWidth": 1356, "innerWidth": 1356, "height": 292, "width": 1356, "innerHeight": 292, "offset": {"top": 10, "left": 10}, "position": {"top": 10, "left": 10}, "outerHeightWithMargin": 292, "id": "page3"}, "outerWidthWithMargin": 150, "outerWidth": 150, "innerWidth": 148, "height": 20, "width": 136, "innerHeight": 28, "offset": {"top": 194, "left": 10}, "id": "select1", "position": {"top": 194, "left": 10}, "outerHeightWithMargin": 40, "class": "input-medium", "tabindex": "1"}, "shiftKey": false, "button": 0, "ctrlKey": false, "offsetX": 139, "offsetY": 13, "altKey": false, "metaKey": false, "currentTarget": {"nodeName": "#document", "clientHeight": 652, "height": 652, "clientWidth": 1366, "width": 1366, "offset": {"top": 0, "left": 0}, "offsetHeight": 322, "offsetWidth": 1366, "id": "document"}, "which": 0, "pageY": 207, "pageX": 149, "screenY": 292, "screenX": 149, "timeStamp": 1389146215928, "eventPhase": 3}, "extra": {"selectedText": ""}, "time": 4929.0, "y": 207, "x": 149, "type": "mousemove"}, {"type": "mousedown", "time": 5429.0, "e": {"clientX": 149, "clientY": 207, "delegateTarget": {"nodeName": "#document", "clientHeight": 652, "height": 652, "clientWidth": 1366, "width": 1366, "offset": {"top": 0, "left": 0}, "offsetHeight": 322, "offsetWidth": 1366, "id": "document"}, "target": {"outerHeight": 30, "nodeName": "SELECT", "parent": {"outerHeight": 292, "nodeName": "DIV", "outerWidthWithMargin": 1356, "outerWidth": 1356, "innerWidth": 1356, "height": 292, "width": 1356, "innerHeight": 292, "offset": {"top": 10, "left": 10}, "position": {"top": 10, "left": 10}, "outerHeightWithMargin": 292, "id": "page3"}, "outerWidthWithMargin": 150, "outerWidth": 150, "innerWidth": 148, "height": 20, "width": 136, "innerHeight": 28, "offset": {"top": 194, "left": 10}, "id": "select1", "position": {"top": 194, "left": 10}, "outerHeightWithMargin": 40, "class": "input-medium", "tabindex": "1"}, "shiftKey": false, "button": 0, "ctrlKey": false, "offsetX": 139, "offsetY": 13, "altKey": false, "metaKey": false, "currentTarget": {"nodeName": "#document", "clientHeight": 652, "height": 652, "clientWidth": 1366, "width": 1366, "offset": {"top": 0, "left": 0}, "offsetHeight": 322, "offsetWidth": 1366, "id": "document"}, "which": 1, "pageY": 207, "pageX": 149, "screenY": 292, "screenX": 149, "timeStamp": 1389146216428, "eventPhase": 3}, "extra": {}}, {"type": "focusin", "time": 5444.0, "e": {"target": {"outerHeight": 30, "nodeName": "SELECT", "parent": {"outerHeight": 292, "nodeName": "DIV", "outerWidthWithMargin": 1356, "outerWidth": 1356, "innerWidth": 1356, "height": 292, "width": 1356, "innerHeight": 292, "offset": {"top": 10, "left": 10}, "position": {"top": 10, "left": 10}, "outerHeightWithMargin": 292, "id": "page3"}, "outerWidthWithMargin": 150, "outerWidth": 150, "innerWidth": 148, "height": 20, "width": 136, "innerHeight": 28, "offset": {"top": 194, "left": 10}, "id": "select1", "position": {"top": 194, "left": 10}, "outerHeightWithMargin": 40, "class": "input-medium", "tabindex": "1"}, "timeStamp": 1389146216443, "delegateTarget": {"nodeName": "#document", "clientHeight": 652, "height": 652, "clientWidth": 1366, "width": 1366, "offset": {"top": 0, "left": 0}, "offsetHeight": 322, "offsetWidth": 1366, "id": "document"}, "currentTarget": {"nodeName": "#document", "clientHeight": 652, "height": 652, "clientWidth": 1366, "width": 1366, "offset": {"top": 0, "left": 0}, "offsetHeight": 322, "offsetWidth": 1366, "id": "document"}, "which": 0, "eventPhase": 1}, "extra": {"body": {"outerWidth": 1366, "innerWidth": 1366, "outerHeight": 302, "height": 292, "width": 1356, "innerHeight": 302, "offset": {"top": 0, "left": 0}, "outerWidthWithMargin": 1366, "outerHeightWithMargin": 302}, "window": {"screenX": 0, "outerWidth": 1366, "innerWidth": 1366, "height": 652, "width": 1366, "innerHeight": 652, "offset": {"top": 0, "left": 0}, "screenY": 0, "outerHeight": 738}, "document": {"clientHeight": 652, "height": 652, "clientWidth": 1366, "width": 1366, "offset": {"top": 0, "left": 0}, "offsetHeight": 322, "offsetWidth": 1366}}}, {"type": "mouseup", "time": 5444.0, "e": {"clientX": 149, "clientY": 207, "delegateTarget": {"nodeName": "#document", "clientHeight": 652, "height": 652, "clientWidth": 1366, "width": 1366, "offset": {"top": 0, "left": 0}, "offsetHeight": 322, "offsetWidth": 1366, "id": "document"}, "target": {"outerHeight": 30, "nodeName": "SELECT", "parent": {"outerHeight": 292, "nodeName": "DIV", "outerWidthWithMargin": 1356, "outerWidth": 1356, "innerWidth": 1356, "height": 292, "width": 1356, "innerHeight": 292, "offset": {"top": 10, "left": 10}, "position": {"top": 10, "left": 10}, "outerHeightWithMargin": 292, "id": "page3"}, "outerWidthWithMargin": 150, "outerWidth": 150, "innerWidth": 148, "height": 20, "width": 136, "innerHeight": 28, "offset": {"top": 194, "left": 10}, "id": "select1", "position": {"top": 194, "left": 10}, "outerHeightWithMargin": 40, "class": "input-medium", "tabindex": "1"}, "shiftKey": false, "button": 0, "ctrlKey": false, "offsetX": 139, "offsetY": 13, "altKey": false, "metaKey": false, "currentTarget": {"nodeName": "#document", "clientHeight": 652, "height": 652, "clientWidth": 1366, "width": 1366, "offset": {"top": 0, "left": 0}, "offsetHeight": 322, "offsetWidth": 1366, "id": "document"}, "which": 1, "pageY": 207, "pageX": 149, "screenY": 292, "screenX": 149, "timeStamp": 1389146216443, "eventPhase": 3}, "extra": {"selectedText": ""}}, {"e": {"clientX": 149, "clientY": 207, "delegateTarget": {"nodeName": "#document", "clientHeight": 652, "height": 652, "clientWidth": 1366, "width": 1366, "offset": {"top": 0, "left": 0}, "offsetHeight": 322, "offsetWidth": 1366, "id": "document"}, "target": {"outerHeight": 30, "nodeName": "SELECT", "parent": {"outerHeight": 292, "nodeName": "DIV", "outerWidthWithMargin": 1356, "outerWidth": 1356, "innerWidth": 1356, "height": 292, "width": 1356, "innerHeight": 292, "offset": {"top": 10, "left": 10}, "position": {"top": 10, "left": 10}, "outerHeightWithMargin": 292, "id": "page3"}, "outerWidthWithMargin": 150, "outerWidth": 150, "innerWidth": 148, "height": 20, "width": 136, "innerHeight": 28, "offset": {"top": 194, "left": 10}, "id": "select1", "position": {"top": 194, "left": 10}, "outerHeightWithMargin": 40, "class": "input-medium", "tabindex": "1"}, "shiftKey": false, "button": 0, "ctrlKey": false, "offsetX": 139, "offsetY": 13, "altKey": false, "metaKey": false, "currentTarget": {"nodeName": "#document", "clientHeight": 652, "height": 652, "clientWidth": 1366, "width": 1366, "offset": {"top": 0, "left": 0}, "offsetHeight": 322, "offsetWidth": 1366, "id": "document"}, "which": 1, "pageY": 207, "pageX": 149, "screenY": 292, "screenX": 149, "timeStamp": 1389146216459, "eventPhase": 3}, "extra": {"selectedText": ""}, "time": 5460.0, "y": 207, "x": 149, "type": "click"}, {"e": {"clientX": 149, "clientY": 207, "delegateTarget": {"nodeName": "#document", "clientHeight": 652, "height": 652, "clientWidth": 1366, "width": 1366, "offset": {"top": 0, "left": 0}, "offsetHeight": 322, "offsetWidth": 1366, "id": "document"}, "target": {"outerHeight": 30, "nodeName": "SELECT", "parent": {"outerHeight": 292, "nodeName": "DIV", "outerWidthWithMargin": 1356, "outerWidth": 1356, "innerWidth": 1356, "height": 292, "width": 1356, "innerHeight": 292, "offset": {"top": 10, "left": 10}, "position": {"top": 10, "left": 10}, "outerHeightWithMargin": 292, "id": "page3"}, "outerWidthWithMargin": 150, "outerWidth": 150, "innerWidth": 148, "height": 20, "width": 136, "innerHeight": 28, "offset": {"top": 194, "left": 10}, "id": "select1", "position": {"top": 194, "left": 10}, "outerHeightWithMargin": 40, "class": "input-medium", "tabindex": "1"}, "shiftKey": false, "button": 0, "ctrlKey": false, "offsetX": 139, "offsetY": 13, "altKey": false, "metaKey": false, "currentTarget": {"nodeName": "#document", "clientHeight": 652, "height": 652, "clientWidth": 1366, "width": 1366, "offset": {"top": 0, "left": 0}, "offsetHeight": 322, "offsetWidth": 1366, "id": "document"}, "which": 0, "pageY": 207, "pageX": 149, "screenY": 292, "screenX": 149, "timeStamp": 1389146216474, "eventPhase": 3}, "extra": {"selectedText": ""}, "time": 5475.0, "y": 207, "x": 149, "type": "mousemove"}, {"e": {"clientX": 148, "clientY": 208, "delegateTarget": {"nodeName": "#document", "clientHeight": 652, "height": 652, "clientWidth": 1366, "width": 1366, "offset": {"top": 0, "left": 0}, "offsetHeight": 322, "offsetWidth": 1366, "id": "document"}, "target": {"outerHeight": 30, "nodeName": "SELECT", "parent": {"outerHeight": 292, "nodeName": "DIV", "outerWidthWithMargin": 1356, "outerWidth": 1356, "innerWidth": 1356, "height": 292, "width": 1356, "innerHeight": 292, "offset": {"top": 10, "left": 10}, "position": {"top": 10, "left": 10}, "outerHeightWithMargin": 292, "id": "page3"}, "outerWidthWithMargin": 150, "outerWidth": 150, "innerWidth": 148, "height": 20, "width": 136, "innerHeight": 28, "offset": {"top": 194, "left": 10}, "id": "select1", "position": {"top": 194, "left": 10}, "outerHeightWithMargin": 40, "class": "input-medium", "tabindex": "1"}, "shiftKey": false, "button": 0, "ctrlKey": false, "offsetX": 138, "offsetY": 14, "altKey": false, "metaKey": false, "currentTarget": {"nodeName": "#document", "clientHeight": 652, "height": 652, "clientWidth": 1366, "width": 1366, "offset": {"top": 0, "left": 0}, "offsetHeight": 322, "offsetWidth": 1366, "id": "document"}, "which": 0, "pageY": 208, "pageX": 148, "screenY": 293, "screenX": 148, "timeStamp": 1389146216677, "eventPhase": 3}, "extra": {"selectedText": ""}, "time": 5678.0, "y": 208, "x": 148, "type": "mousemove"}, {"e": {"clientX": 147, "clientY": 208, "delegateTarget": {"nodeName": "#document", "clientHeight": 652, "height": 652, "clientWidth": 1366, "width": 1366, "offset": {"top": 0, "left": 0}, "offsetHeight": 322, "offsetWidth": 1366, "id": "document"}, "target": {"outerHeight": 30, "nodeName": "SELECT", "parent": {"outerHeight": 292, "nodeName": "DIV", "outerWidthWithMargin": 1356, "outerWidth": 1356, "innerWidth": 1356, "height": 292, "width": 1356, "innerHeight": 292, "offset": {"top": 10, "left": 10}, "position": {"top": 10, "left": 10}, "outerHeightWithMargin": 292, "id": "page3"}, "outerWidthWithMargin": 150, "outerWidth": 150, "innerWidth": 148, "height": 20, "width": 136, "innerHeight": 28, "offset": {"top": 194, "left": 10}, "id": "select1", "position": {"top": 194, "left": 10}, "outerHeightWithMargin": 40, "class": "input-medium", "tabindex": "1"}, "shiftKey": false, "button": 0, "ctrlKey": false, "offsetX": 137, "offsetY": 14, "altKey": false, "metaKey": false, "currentTarget": {"nodeName": "#document", "clientHeight": 652, "height": 652, "clientWidth": 1366, "width": 1366, "offset": {"top": 0, "left": 0}, "offsetHeight": 322, "offsetWidth": 1366, "id": "document"}, "which": 0, "pageY": 208, "pageX": 147, "screenY": 293, "screenX": 147, "timeStamp": 1389146216911, "eventPhase": 3}, "extra": {"selectedText": ""}, "time": 5912.0, "y": 208, "x": 147, "type": "mousemove"}, {"e": {"clientX": 147, "clientY": 209, "delegateTarget": {"nodeName": "#document", "clientHeight": 652, "height": 652, "clientWidth": 1366, "width": 1366, "offset": {"top": 0, "left": 0}, "offsetHeight": 322, "offsetWidth": 1366, "id": "document"}, "target": {"outerHeight": 30, "nodeName": "SELECT", "parent": {"outerHeight": 292, "nodeName": "DIV", "outerWidthWithMargin": 1356, "outerWidth": 1356, "innerWidth": 1356, "height": 292, "width": 1356, "innerHeight": 292, "offset": {"top": 10, "left": 10}, "position": {"top": 10, "left": 10}, "outerHeightWithMargin": 292, "id": "page3"}, "outerWidthWithMargin": 150, "outerWidth": 150, "innerWidth": 148, "height": 20, "width": 136, "innerHeight": 28, "offset": {"top": 194, "left": 10}, "id": "select1", "position": {"top": 194, "left": 10}, "outerHeightWithMargin": 40, "class": "input-medium", "tabindex": "1"}, "shiftKey": false, "button": 0, "ctrlKey": false, "offsetX": 137, "offsetY": 15, "altKey": false, "metaKey": false, "currentTarget": {"nodeName": "#document", "clientHeight": 652, "height": 652, "clientWidth": 1366, "width": 1366, "offset": {"top": 0, "left": 0}, "offsetHeight": 322, "offsetWidth": 1366, "id": "document"}, "which": 0, "pageY": 209, "pageX": 147, "screenY": 294, "screenX": 147, "timeStamp": 1389146218206, "eventPhase": 3}, "extra": {"selectedText": ""}, "time": 7207.0, "y": 209, "x": 147, "type": "mousemove"}, {"e": {"clientX": 137, "clientY": 224, "delegateTarget": {"nodeName": "#document", "clientHeight": 652, "height": 652, "clientWidth": 1366, "width": 1366, "offset": {"top": 0, "left": 0}, "offsetHeight": 322, "offsetWidth": 1366, "id": "document"}, "target": {"outerHeight": 292, "nodeName": "DIV", "outerWidthWithMargin": 1356, "outerWidth": 1356, "innerWidth": 1356, "height": 292, "width": 1356, "innerHeight": 292, "offset": {"top": 10, "left": 10}, "position": {"top": 10, "left": 10}, "outerHeightWithMargin": 292, "id": "page3"}, "shiftKey": false, "button": 0, "ctrlKey": false, "offsetX": 127, "offsetY": 214, "altKey": false, "metaKey": false, "currentTarget": {"nodeName": "#document", "clientHeight": 652, "height": 652, "clientWidth": 1366, "width": 1366, "offset": {"top": 0, "left": 0}, "offsetHeight": 322, "offsetWidth": 1366, "id": "document"}, "which": 0, "pageY": 224, "pageX": 137, "screenY": 309, "screenX": 137, "timeStamp": 1389146218362, "eventPhase": 3}, "extra": {"selectedText": ""}, "time": 7363.0, "y": 224, "x": 137, "type": "mousemove"}, {"type": "mouseup", "time": 10124.0, "e": {"clientX": 62, "clientY": 71, "delegateTarget": {"nodeName": "#document", "clientHeight": 652, "height": 652, "clientWidth": 1366, "width": 1366, "offset": {"top": 0, "left": 0}, "offsetHeight": 322, "offsetWidth": 1366, "id": "document"}, "target": {"outerHeight": 30, "nodeName": "SELECT", "parent": {"outerHeight": 292, "nodeName": "DIV", "outerWidthWithMargin": 1356, "outerWidth": 1356, "innerWidth": 1356, "height": 292, "width": 1356, "innerHeight": 292, "offset": {"top": 10, "left": 10}, "position": {"top": 10, "left": 10}, "outerHeightWithMargin": 292, "id": "page3"}, "outerWidthWithMargin": 150, "outerWidth": 150, "innerWidth": 148, "height": 20, "width": 136, "innerHeight": 28, "offset": {"top": 194, "left": 10}, "id": "select1", "position": {"top": 194, "left": 10}, "outerHeightWithMargin": 40, "class": "input-medium", "tabindex": "1"}, "shiftKey": false, "button": 0, "ctrlKey": false, "offsetX": 52, "offsetY": -123, "altKey": false, "metaKey": false, "currentTarget": {"nodeName": "#document", "clientHeight": 652, "height": 652, "clientWidth": 1366, "width": 1366, "offset": {"top": 0, "left": 0}, "offsetHeight": 322, "offsetWidth": 1366, "id": "document"}, "which": 1, "pageY": 71, "pageX": 62, "screenY": 381, "screenX": 73, "timeStamp": 1389146221123, "eventPhase": 3}, "extra": {"selectedText": ""}}, {"e": {"clientX": 62, "clientY": 71, "delegateTarget": {"nodeName": "#document", "clientHeight": 652, "height": 652, "clientWidth": 1366, "width": 1366, "offset": {"top": 0, "left": 0}, "offsetHeight": 322, "offsetWidth": 1366, "id": "document"}, "target": {"outerHeight": 30, "nodeName": "SELECT", "parent": {"outerHeight": 292, "nodeName": "DIV", "outerWidthWithMargin": 1356, "outerWidth": 1356, "innerWidth": 1356, "height": 292, "width": 1356, "innerHeight": 292, "offset": {"top": 10, "left": 10}, "position": {"top": 10, "left": 10}, "outerHeightWithMargin": 292, "id": "page3"}, "outerWidthWithMargin": 150, "outerWidth": 150, "innerWidth": 148, "height": 20, "width": 136, "innerHeight": 28, "offset": {"top": 194, "left": 10}, "id": "select1", "position": {"top": 194, "left": 10}, "outerHeightWithMargin": 40, "class": "input-medium", "tabindex": "1"}, "shiftKey": false, "button": 0, "ctrlKey": false, "offsetX": 52, "offsetY": -123, "altKey": false, "metaKey": false, "currentTarget": {"nodeName": "#document", "clientHeight": 652, "height": 652, "clientWidth": 1366, "width": 1366, "offset": {"top": 0, "left": 0}, "offsetHeight": 322, "offsetWidth": 1366, "id": "document"}, "which": 1, "pageY": 71, "pageX": 62, "screenY": 381, "screenX": 73, "timeStamp": 1389146221123, "eventPhase": 3}, "extra": {"selectedText": ""}, "time": 10124.0, "y": 71, "x": 62, "type": "click"}, {"e": {"clientX": 61, "clientY": 298, "delegateTarget": {"nodeName": "#document", "clientHeight": 652, "height": 652, "clientWidth": 1366, "width": 1366, "offset": {"top": 0, "left": 0}, "offsetHeight": 322, "offsetWidth": 1366, "id": "document"}, "target": {"outerHeight": 26, "nodeName": "INPUT", "outerWidthWithMargin": 79, "outerWidth": 79, "innerWidth": 75, "height": 20, "width": 63, "innerHeight": 22, "offset": {"top": 276, "left": 10}, "position": {"top": 276, "left": 10}, "outerHeightWithMargin": 26, "id": "submit", "tabindex": "2"}, "shiftKey": false, "button": 0, "ctrlKey": false, "offsetX": 51, "offsetY": 22, "altKey": false, "metaKey": false, "currentTarget": {"nodeName": "#document", "clientHeight": 652, "height": 652, "clientWidth": 1366, "width": 1366, "offset": {"top": 0, "left": 0}, "offsetHeight": 322, "offsetWidth": 1366, "id": "document"}, "which": 0, "pageY": 298, "pageX": 61, "screenY": 383, "screenX": 61, "timeStamp": 1389146223042, "eventPhase": 3}, "extra": {"selectedText": ""}, "time": 12043.0, "y": 298, "x": 61, "type": "mousemove"}, {"e": {"clientX": 50, "clientY": 293, "delegateTarget": {"nodeName": "#document", "clientHeight": 652, "height": 652, "clientWidth": 1366, "width": 1366, "offset": {"top": 0, "left": 0}, "offsetHeight": 322, "offsetWidth": 1366, "id": "document"}, "target": {"outerHeight": 26, "nodeName": "INPUT", "outerWidthWithMargin": 79, "outerWidth": 79, "innerWidth": 75, "height": 20, "width": 63, "innerHeight": 22, "offset": {"top": 276, "left": 10}, "position": {"top": 276, "left": 10}, "outerHeightWithMargin": 26, "id": "submit", "tabindex": "2"}, "shiftKey": false, "button": 0, "ctrlKey": false, "offsetX": 40, "offsetY": 17, "altKey": false, "metaKey": false, "currentTarget": {"nodeName": "#document", "clientHeight": 652, "height": 652, "clientWidth": 1366, "width": 1366, "offset": {"top": 0, "left": 0}, "offsetHeight": 322, "offsetWidth": 1366, "id": "document"}, "which": 0, "pageY": 293, "pageX": 50, "screenY": 378, "screenX": 50, "timeStamp": 1389146223120, "eventPhase": 3}, "extra": {"selectedText": ""}, "time": 12121.0, "y": 293, "x": 50, "type": "mousemove"}, {"e": {"clientX": 50, "clientY": 292, "delegateTarget": {"nodeName": "#document", "clientHeight": 652, "height": 652, "clientWidth": 1366, "width": 1366, "offset": {"top": 0, "left": 0}, "offsetHeight": 322, "offsetWidth": 1366, "id": "document"}, "target": {"outerHeight": 26, "nodeName": "INPUT", "outerWidthWithMargin": 79, "outerWidth": 79, "innerWidth": 75, "height": 20, "width": 63, "innerHeight": 22, "offset": {"top": 276, "left": 10}, "position": {"top": 276, "left": 10}, "outerHeightWithMargin": 26, "id": "submit", "tabindex": "2"}, "shiftKey": false, "button": 0, "ctrlKey": false, "offsetX": 40, "offsetY": 16, "altKey": false, "metaKey": false, "currentTarget": {"nodeName": "#document", "clientHeight": 652, "height": 652, "clientWidth": 1366, "width": 1366, "offset": {"top": 0, "left": 0}, "offsetHeight": 322, "offsetWidth": 1366, "id": "document"}, "which": 0, "pageY": 292, "pageX": 50, "screenY": 377, "screenX": 50, "timeStamp": 1389146223229, "eventPhase": 3}, "extra": {"selectedText": ""}, "time": 12230.0, "y": 292, "x": 50, "type": "mousemove"}, {"e": {"clientX": 50, "clientY": 289, "delegateTarget": {"nodeName": "#document", "clientHeight": 652, "height": 652, "clientWidth": 1366, "width": 1366, "offset": {"top": 0, "left": 0}, "offsetHeight": 322, "offsetWidth": 1366, "id": "document"}, "target": {"outerHeight": 26, "nodeName": "INPUT", "outerWidthWithMargin": 79, "outerWidth": 79, "innerWidth": 75, "height": 20, "width": 63, "innerHeight": 22, "offset": {"top": 276, "left": 10}, "position": {"top": 276, "left": 10}, "outerHeightWithMargin": 26, "id": "submit", "tabindex": "2"}, "shiftKey": false, "button": 0, "ctrlKey": false, "offsetX": 40, "offsetY": 13, "altKey": false, "metaKey": false, "currentTarget": {"nodeName": "#document", "clientHeight": 652, "height": 652, "clientWidth": 1366, "width": 1366, "offset": {"top": 0, "left": 0}, "offsetHeight": 322, "offsetWidth": 1366, "id": "document"}, "which": 0, "pageY": 289, "pageX": 50, "screenY": 374, "screenX": 50, "timeStamp": 1389146223416, "eventPhase": 3}, "extra": {"selectedText": ""}, "time": 12417.0, "y": 289, "x": 50, "type": "mousemove"}, {"e": {"clientX": 51, "clientY": 287, "delegateTarget": {"nodeName": "#document", "clientHeight": 652, "height": 652, "clientWidth": 1366, "width": 1366, "offset": {"top": 0, "left": 0}, "offsetHeight": 322, "offsetWidth": 1366, "id": "document"}, "target": {"outerHeight": 26, "nodeName": "INPUT", "outerWidthWithMargin": 79, "outerWidth": 79, "innerWidth": 75, "height": 20, "width": 63, "innerHeight": 22, "offset": {"top": 276, "left": 10}, "position": {"top": 276, "left": 10}, "outerHeightWithMargin": 26, "id": "submit", "tabindex": "2"}, "shiftKey": false, "button": 0, "ctrlKey": false, "offsetX": 41, "offsetY": 11, "altKey": false, "metaKey": false, "currentTarget": {"nodeName": "#document", "clientHeight": 652, "height": 652, "clientWidth": 1366, "width": 1366, "offset": {"top": 0, "left": 0}, "offsetHeight": 322, "offsetWidth": 1366, "id": "document"}, "which": 0, "pageY": 287, "pageX": 51, "screenY": 372, "screenX": 51, "timeStamp": 1389146223838, "eventPhase": 3}, "extra": {"selectedText": ""}, "time": 12839.0, "y": 287, "x": 51, "type": "mousemove"}, {"type": "mousedown", "time": 14555.0, "e": {"clientX": 51, "clientY": 287, "delegateTarget": {"nodeName": "#document", "clientHeight": 652, "height": 652, "clientWidth": 1366, "width": 1366, "offset": {"top": 0, "left": 0}, "offsetHeight": 322, "offsetWidth": 1366, "id": "document"}, "target": {"outerHeight": 26, "nodeName": "INPUT", "outerWidthWithMargin": 79, "outerWidth": 79, "innerWidth": 75, "height": 20, "width": 63, "innerHeight": 22, "offset": {"top": 276, "left": 10}, "position": {"top": 276, "left": 10}, "outerHeightWithMargin": 26, "id": "submit", "tabindex": "2"}, "shiftKey": false, "button": 0, "ctrlKey": false, "offsetX": 41, "offsetY": 11, "altKey": false, "metaKey": false, "currentTarget": {"nodeName": "#document", "clientHeight": 652, "height": 652, "clientWidth": 1366, "width": 1366, "offset": {"top": 0, "left": 0}, "offsetHeight": 322, "offsetWidth": 1366, "id": "document"}, "which": 1, "pageY": 287, "pageX": 51, "screenY": 372, "screenX": 51, "timeStamp": 1389146225554, "eventPhase": 3}, "extra": {}}, {"type": "focusout", "time": 14555.0, "e": {"target": {"outerHeight": 30, "nodeName": "SELECT", "parent": {"outerHeight": 292, "nodeName": "DIV", "outerWidthWithMargin": 1356, "outerWidth": 1356, "innerWidth": 1356, "height": 292, "width": 1356, "innerHeight": 292, "offset": {"top": 10, "left": 10}, "position": {"top": 10, "left": 10}, "outerHeightWithMargin": 292, "id": "page3"}, "outerWidthWithMargin": 150, "outerWidth": 150, "innerWidth": 148, "height": 20, "width": 136, "innerHeight": 28, "offset": {"top": 194, "left": 10}, "id": "select1", "position": {"top": 194, "left": 10}, "outerHeightWithMargin": 40, "class": "input-medium", "tabindex": "1"}, "relatedTarget": {"outerHeight": 26, "nodeName": "INPUT", "outerWidthWithMargin": 79, "outerWidth": 79, "innerWidth": 75, "height": 20, "width": 63, "innerHeight": 22, "offset": {"top": 276, "left": 10}, "position": {"top": 276, "left": 10}, "outerHeightWithMargin": 26, "id": "submit", "tabindex": "2"}, "timeStamp": 1389146225554, "delegateTarget": {"nodeName": "#document", "clientHeight": 652, "height": 652, "clientWidth": 1366, "width": 1366, "offset": {"top": 0, "left": 0}, "offsetHeight": 322, "offsetWidth": 1366, "id": "document"}, "currentTarget": {"nodeName": "#document", "clientHeight": 652, "height": 652, "clientWidth": 1366, "width": 1366, "offset": {"top": 0, "left": 0}, "offsetHeight": 322, "offsetWidth": 1366, "id": "document"}, "which": 0, "eventPhase": 1}, "extra": {}}, {"type": "focusin", "time": 14570.0, "e": {"target": {"outerHeight": 26, "nodeName": "INPUT", "outerWidthWithMargin": 79, "outerWidth": 79, "innerWidth": 75, "height": 20, "width": 63, "innerHeight": 22, "offset": {"top": 276, "left": 10}, "position": {"top": 276, "left": 10}, "outerHeightWithMargin": 26, "id": "submit", "tabindex": "2"}, "relatedTarget": {"outerHeight": 30, "nodeName": "SELECT", "parent": {"outerHeight": 292, "nodeName": "DIV", "outerWidthWithMargin": 1356, "outerWidth": 1356, "innerWidth": 1356, "height": 292, "width": 1356, "innerHeight": 292, "offset": {"top": 10, "left": 10}, "position": {"top": 10, "left": 10}, "outerHeightWithMargin": 292, "id": "page3"}, "outerWidthWithMargin": 150, "outerWidth": 150, "innerWidth": 148, "height": 20, "width": 136, "innerHeight": 28, "offset": {"top": 194, "left": 10}, "id": "select1", "position": {"top": 194, "left": 10}, "outerHeightWithMargin": 40, "class": "input-medium", "tabindex": "1"}, "timeStamp": 1389146225569, "delegateTarget": {"nodeName": "#document", "clientHeight": 652, "height": 652, "clientWidth": 1366, "width": 1366, "offset": {"top": 0, "left": 0}, "offsetHeight": 322, "offsetWidth": 1366, "id": "document"}, "currentTarget": {"nodeName": "#document", "clientHeight": 652, "height": 652, "clientWidth": 1366, "width": 1366, "offset": {"top": 0, "left": 0}, "offsetHeight": 322, "offsetWidth": 1366, "id": "document"}, "which": 0, "eventPhase": 1}, "extra": {"body": {"outerWidth": 1366, "innerWidth": 1366, "outerHeight": 302, "height": 292, "width": 1356, "innerHeight": 302, "offset": {"top": 0, "left": 0}, "outerWidthWithMargin": 1366, "outerHeightWithMargin": 302}, "window": {"screenX": 0, "outerWidth": 1366, "innerWidth": 1366, "height": 652, "width": 1366, "innerHeight": 652, "offset": {"top": 0, "left": 0}, "screenY": 0, "outerHeight": 738}, "document": {"clientHeight": 652, "height": 652, "clientWidth": 1366, "width": 1366, "offset": {"top": 0, "left": 0}, "offsetHeight": 322, "offsetWidth": 1366}}}, {"type": "mouseup", "time": 14570.0, "e": {"clientX": 51, "clientY": 287, "delegateTarget": {"nodeName": "#document", "clientHeight": 652, "height": 652, "clientWidth": 1366, "width": 1366, "offset": {"top": 0, "left": 0}, "offsetHeight": 322, "offsetWidth": 1366, "id": "document"}, "target": {"outerHeight": 26, "nodeName": "INPUT", "outerWidthWithMargin": 79, "outerWidth": 79, "innerWidth": 75, "height": 20, "width": 63, "innerHeight": 22, "offset": {"top": 276, "left": 10}, "position": {"top": 276, "left": 10}, "outerHeightWithMargin": 26, "id": "submit", "tabindex": "2"}, "shiftKey": false, "button": 0, "ctrlKey": false, "offsetX": 41, "offsetY": 11, "altKey": false, "metaKey": false, "currentTarget": {"nodeName": "#document", "clientHeight": 652, "height": 652, "clientWidth": 1366, "width": 1366, "offset": {"top": 0, "left": 0}, "offsetHeight": 322, "offsetWidth": 1366, "id": "document"}, "which": 1, "pageY": 287, "pageX": 51, "screenY": 372, "screenX": 51, "timeStamp": 1389146225569, "eventPhase": 3}, "extra": {"selectedText": ""}}, {"e": {"clientX": 51, "clientY": 287, "delegateTarget": {"nodeName": "#document", "clientHeight": 652, "height": 652, "clientWidth": 1366, "width": 1366, "offset": {"top": 0, "left": 0}, "offsetHeight": 322, "offsetWidth": 1366, "id": "document"}, "target": {"outerHeight": 26, "nodeName": "INPUT", "outerWidthWithMargin": 79, "outerWidth": 79, "innerWidth": 75, "height": 20, "width": 63, "innerHeight": 22, "offset": {"top": 276, "left": 10}, "position": {"top": 276, "left": 10}, "outerHeightWithMargin": 26, "id": "submit", "tabindex": "2"}, "shiftKey": false, "button": 0, "ctrlKey": false, "offsetX": 41, "offsetY": 11, "altKey": false, "metaKey": false, "currentTarget": {"nodeName": "#document", "clientHeight": 652, "height": 652, "clientWidth": 1366, "width": 1366, "offset": {"top": 0, "left": 0}, "offsetHeight": 322, "offsetWidth": 1366, "id": "document"}, "which": 1, "pageY": 287, "pageX": 51, "screenY": 372, "screenX": 51, "timeStamp": 1389146225585, "eventPhase": 3}, "extra": {"selectedText": ""}, "time": 14586.0, "y": 287, "x": 51, "type": "click"}]}