{"keydown_event": [], "scroll_event": [], "mouse_click_event": [{"e": {"clientX": 63, "clientY": 646, "delegateTarget": {"nodeName": "#document", "clientHeight": 698, "height": 720, "clientWidth": 1263, "width": 1263, "offset": {"top": 0, "left": 0}, "offsetHeight": 720, "offsetWidth": 1263, "id": "document"}, "target": {"outerHeight": 26, "nodeName": "INPUT", "outerWidthWithMargin": 79, "outerWidth": 79, "innerWidth": 75, "height": 20, "width": 63, "innerHeight": 22, "offset": {"top": 654, "left": 10}, "position": {"top": 654, "left": 10}, "outerHeightWithMargin": 26, "id": "submit", "tabindex": "2"}, "shiftKey": false, "button": 0, "ctrlKey": false, "offsetX": 53, "offsetY": 14, "altKey": false, "metaKey": false, "currentTarget": {"nodeName": "#document", "clientHeight": 698, "height": 720, "clientWidth": 1263, "width": 1263, "offset": {"top": 0, "left": 0}, "offsetHeight": 720, "offsetWidth": 1263, "id": "document"}, "which": 1, "pageY": 668, "pageX": 63, "screenY": 707, "screenX": 63, "timeStamp": 1389121963512, "eventPhase": 3}, "extra": {"selectedText": ""}, "time": 4336.0, "y": 668, "x": 63, "type": "click"}], "mouse_move_event": [{"e": {"clientX": 61, "clientY": 647, "delegateTarget": {"nodeName": "#document", "clientHeight": 698, "height": 720, "clientWidth": 1263, "width": 1263, "offset": {"top": 0, "left": 0}, "offsetHeight": 720, "offsetWidth": 1263, "id": "document"}, "target": {"outerHeight": 26, "nodeName": "INPUT", "outerWidthWithMargin": 79, "outerWidth": 79, "innerWidth": 75, "height": 20, "width": 63, "innerHeight": 22, "offset": {"top": 654, "left": 10}, "position": {"top": 654, "left": 10}, "outerHeightWithMargin": 26, "id": "submit", "tabindex": "2"}, "shiftKey": false, "button": 0, "ctrlKey": false, "offsetX": 51, "offsetY": 15, "altKey": false, "metaKey": false, "currentTarget": {"nodeName": "#document", "clientHeight": 698, "height": 720, "clientWidth": 1263, "width": 1263, "offset": {"top": 0, "left": 0}, "offsetHeight": 720, "offsetWidth": 1263, "id": "document"}, "which": 0, "pageY": 669, "pageX": 61, "screenY": 708, "screenX": 61, "timeStamp": 1389121959176, "eventPhase": 3}, "extra": {"selectedText": ""}, "time": 0.0, "y": 669, "x": 61, "type": "mousemove"}, {"e": {"clientX": 61, "clientY": 647, "delegateTarget": {"nodeName": "#document", "clientHeight": 698, "height": 720, "clientWidth": 1263, "width": 1263, "offset": {"top": 0, "left": 0}, "offsetHeight": 720, "offsetWidth": 1263, "id": "document"}, "target": {"outerHeight": 26, "nodeName": "INPUT", "outerWidthWithMargin": 79, "outerWidth": 79, "innerWidth": 75, "height": 20, "width": 63, "innerHeight": 22, "offset": {"top": 654, "left": 10}, "position": {"top": 654, "left": 10}, "outerHeightWithMargin": 26, "id": "submit", "tabindex": "2"}, "shiftKey": false, "button": 0, "ctrlKey": false, "offsetX": 51, "offsetY": 15, "altKey": false, "metaKey": false, "currentTarget": {"nodeName": "#document", "clientHeight": 698, "height": 720, "clientWidth": 1263, "width": 1263, "offset": {"top": 0, "left": 0}, "offsetHeight": 720, "offsetWidth": 1263, "id": "document"}, "which": 0, "pageY": 669, "pageX": 61, "screenY": 708, "screenX": 61, "timeStamp": 1389121959378, "eventPhase": 3}, "extra": {"selectedText": ""}, "time": 202.0, "y": 669, "x": 61, "type": "mousemove"}, {"e": {"clientX": 62, "clientY": 647, "delegateTarget": {"nodeName": "#document", "clientHeight": 698, "height": 720, "clientWidth": 1263, "width": 1263, "offset": {"top": 0, "left": 0}, "offsetHeight": 720, "offsetWidth": 1263, "id": "document"}, "target": {"outerHeight": 26, "nodeName": "INPUT", "outerWidthWithMargin": 79, "outerWidth": 79, "innerWidth": 75, "height": 20, "width": 63, "innerHeight": 22, "offset": {"top": 654, "left": 10}, "position": {"top": 654, "left": 10}, "outerHeightWithMargin": 26, "id": "submit", "tabindex": "2"}, "shiftKey": false, "button": 0, "ctrlKey": false, "offsetX": 52, "offsetY": 15, "altKey": false, "metaKey": false, "currentTarget": {"nodeName": "#document", "clientHeight": 698, "height": 720, "clientWidth": 1263, "width": 1263, "offset": {"top": 0, "left": 0}, "offsetHeight": 720, "offsetWidth": 1263, "id": "document"}, "which": 0, "pageY": 669, "pageX": 62, "screenY": 708, "screenX": 62, "timeStamp": 1389121960767, "eventPhase": 3}, "extra": {"selectedText": ""}, "time": 1591.0, "y": 669, "x": 62, "type": "mousemove"}, {"e": {"clientX": 63, "clientY": 646, "delegateTarget": {"nodeName": "#document", "clientHeight": 698, "height": 720, "clientWidth": 1263, "width": 1263, "offset": {"top": 0, "left": 0}, "offsetHeight": 720, "offsetWidth": 1263, "id": "document"}, "target": {"outerHeight": 26, "nodeName": "INPUT", "outerWidthWithMargin": 79, "outerWidth": 79, "innerWidth": 75, "height": 20, "width": 63, "innerHeight": 22, "offset": {"top": 654, "left": 10}, "position": {"top": 654, "left": 10}, "outerHeightWithMargin": 26, "id": "submit", "tabindex": "2"}, "shiftKey": false, "button": 0, "ctrlKey": false, "offsetX": 53, "offsetY": 14, "altKey": false, "metaKey": false, "currentTarget": {"nodeName": "#document", "clientHeight": 698, "height": 720, "clientWidth": 1263, "width": 1263, "offset": {"top": 0, "left": 0}, "offsetHeight": 720, "offsetWidth": 1263, "id": "document"}, "which": 1, "pageY": 668, "pageX": 63, "screenY": 707, "screenX": 63, "timeStamp": 1389121963341, "eventPhase": 3}, "extra": {"selectedText": ""}, "time": 4165.0, "y": 668, "x": 63, "type": "mousemove"}], "init_event": [{"type": "init", "time": 0.0, "e": {"clientX": 61, "clientY": 647, "delegateTarget": {"nodeName": "#document", "clientHeight": 698, "height": 720, "clientWidth": 1263, "width": 1263, "offset": {"top": 0, "left": 0}, "offsetHeight": 720, "offsetWidth": 1263, "id": "document"}, "target": {"outerHeight": 26, "nodeName": "INPUT", "outerWidthWithMargin": 79, "outerWidth": 79, "innerWidth": 75, "height": 20, "width": 63, "innerHeight": 22, "offset": {"top": 654, "left": 10}, "position": {"top": 654, "left": 10}, "outerHeightWithMargin": 26, "id": "submit", "tabindex": "2"}, "shiftKey": false, "button": 0, "ctrlKey": false, "offsetX": 51, "offsetY": 15, "altKey": false, "metaKey": false, "currentTarget": {"nodeName": "#document", "clientHeight": 698, "height": 720, "clientWidth": 1263, "width": 1263, "offset": {"top": 0, "left": 0}, "offsetHeight": 720, "offsetWidth": 1263, "id": "document"}, "which": 0, "pageY": 669, "pageX": 61, "screenY": 708, "screenX": 61, "timeStamp": 1389121959176, "eventPhase": 3}, "extra": {"body": {"outerWidth": 1263, "innerWidth": 1263, "outerHeight": 700, "height": 690, "width": 1253, "innerHeight": 700, "offset": {"top": 0, "left": 0}, "outerWidthWithMargin": 1263, "outerHeightWithMargin": 700}, "scrollOffset": {"pageYOffset": 22, "pageXOffset": 0}, "screen": {"pixelDepth": 32, "width": 1280, "availHeight": 760, "height": 800, "availWidth": 1280, "colorDepth": 32}, "zoom": {"zoomLevel": 0, "devicePixelRatio": 1}, "window": {"screenX": 0, "outerWidth": 1280, "innerWidth": 1280, "height": 698, "width": 1263, "innerHeight": 698, "offset": {"top": 0, "left": 0}, "screenY": 0, "outerHeight": 760}, "version": 2, "navigator": {"product": "Gecko", "language": "en-US", "appName": "Netscape", "appCodeName": "Mozilla", "cookieEnabled": true, "appVersion": "5.0 (Windows NT 6.2) AppleWebKit/537.36 (KHTML, like Gecko) Chrome/31.0.1650.63 Safari/537.36", "platform": "Win32", "userAgent": "Mozilla/5.0 (Windows NT 6.2) AppleWebKit/537.36 (KHTML, like Gecko) Chrome/31.0.1650.63 Safari/537.36"}, "document": {"clientHeight": 698, "height": 720, "clientWidth": 1263, "width": 1263, "offset": {"top": 0, "left": 0}, "offsetHeight": 720, "offsetWidth": 1263}}}], "misc_event": [{"type": "init", "time": 0.0, "e": {"clientX": 61, "clientY": 647, "delegateTarget": {"nodeName": "#document", "clientHeight": 698, "height": 720, "clientWidth": 1263, "width": 1263, "offset": {"top": 0, "left": 0}, "offsetHeight": 720, "offsetWidth": 1263, "id": "document"}, "target": {"outerHeight": 26, "nodeName": "INPUT", "outerWidthWithMargin": 79, "outerWidth": 79, "innerWidth": 75, "height": 20, "width": 63, "innerHeight": 22, "offset": {"top": 654, "left": 10}, "position": {"top": 654, "left": 10}, "outerHeightWithMargin": 26, "id": "submit", "tabindex": "2"}, "shiftKey": false, "button": 0, "ctrlKey": false, "offsetX": 51, "offsetY": 15, "altKey": false, "metaKey": false, "currentTarget": {"nodeName": "#document", "clientHeight": 698, "height": 720, "clientWidth": 1263, "width": 1263, "offset": {"top": 0, "left": 0}, "offsetHeight": 720, "offsetWidth": 1263, "id": "document"}, "which": 0, "pageY": 669, "pageX": 61, "screenY": 708, "screenX": 61, "timeStamp": 1389121959176, "eventPhase": 3}, "extra": {"body": {"outerWidth": 1263, "innerWidth": 1263, "outerHeight": 700, "height": 690, "width": 1253, "innerHeight": 700, "offset": {"top": 0, "left": 0}, "outerWidthWithMargin": 1263, "outerHeightWithMargin": 700}, "scrollOffset": {"pageYOffset": 22, "pageXOffset": 0}, "screen": {"pixelDepth": 32, "width": 1280, "availHeight": 760, "height": 800, "availWidth": 1280, "colorDepth": 32}, "zoom": {"zoomLevel": 0, "devicePixelRatio": 1}, "window": {"screenX": 0, "outerWidth": 1280, "innerWidth": 1280, "height": 698, "width": 1263, "innerHeight": 698, "offset": {"top": 0, "left": 0}, "screenY": 0, "outerHeight": 760}, "version": 2, "navigator": {"product": "Gecko", "language": "en-US", "appName": "Netscape", "appCodeName": "Mozilla", "cookieEnabled": true, "appVersion": "5.0 (Windows NT 6.2) AppleWebKit/537.36 (KHTML, like Gecko) Chrome/31.0.1650.63 Safari/537.36", "platform": "Win32", "userAgent": "Mozilla/5.0 (Windows NT 6.2) AppleWebKit/537.36 (KHTML, like Gecko) Chrome/31.0.1650.63 Safari/537.36"}, "document": {"clientHeight": 698, "height": 720, "clientWidth": 1263, "width": 1263, "offset": {"top": 0, "left": 0}, "offsetHeight": 720, "offsetWidth": 1263}}}, {"e": {"clientX": 61, "clientY": 647, "delegateTarget": {"nodeName": "#document", "clientHeight": 698, "height": 720, "clientWidth": 1263, "width": 1263, "offset": {"top": 0, "left": 0}, "offsetHeight": 720, "offsetWidth": 1263, "id": "document"}, "target": {"outerHeight": 26, "nodeName": "INPUT", "outerWidthWithMargin": 79, "outerWidth": 79, "innerWidth": 75, "height": 20, "width": 63, "innerHeight": 22, "offset": {"top": 654, "left": 10}, "position": {"top": 654, "left": 10}, "outerHeightWithMargin": 26, "id": "submit", "tabindex": "2"}, "shiftKey": false, "button": 0, "ctrlKey": false, "offsetX": 51, "offsetY": 15, "altKey": false, "metaKey": false, "currentTarget": {"nodeName": "#document", "clientHeight": 698, "height": 720, "clientWidth": 1263, "width": 1263, "offset": {"top": 0, "left": 0}, "offsetHeight": 720, "offsetWidth": 1263, "id": "document"}, "which": 0, "pageY": 669, "pageX": 61, "screenY": 708, "screenX": 61, "timeStamp": 1389121959176, "eventPhase": 3}, "extra": {"selectedText": ""}, "time": 0.0, "y": 669, "x": 61, "type": "mousemove"}, {"e": {"clientX": 61, "clientY": 647, "delegateTarget": {"nodeName": "#document", "clientHeight": 698, "height": 720, "clientWidth": 1263, "width": 1263, "offset": {"top": 0, "left": 0}, "offsetHeight": 720, "offsetWidth": 1263, "id": "document"}, "target": {"outerHeight": 26, "nodeName": "INPUT", "outerWidthWithMargin": 79, "outerWidth": 79, "innerWidth": 75, "height": 20, "width": 63, "innerHeight": 22, "offset": {"top": 654, "left": 10}, "position": {"top": 654, "left": 10}, "outerHeightWithMargin": 26, "id": "submit", "tabindex": "2"}, "shiftKey": false, "button": 0, "ctrlKey": false, "offsetX": 51, "offsetY": 15, "altKey": false, "metaKey": false, "currentTarget": {"nodeName": "#document", "clientHeight": 698, "height": 720, "clientWidth": 1263, "width": 1263, "offset": {"top": 0, "left": 0}, "offsetHeight": 720, "offsetWidth": 1263, "id": "document"}, "which": 0, "pageY": 669, "pageX": 61, "screenY": 708, "screenX": 61, "timeStamp": 1389121959378, "eventPhase": 3}, "extra": {"selectedText": ""}, "time": 202.0, "y": 669, "x": 61, "type": "mousemove"}, {"e": {"clientX": 62, "clientY": 647, "delegateTarget": {"nodeName": "#document", "clientHeight": 698, "height": 720, "clientWidth": 1263, "width": 1263, "offset": {"top": 0, "left": 0}, "offsetHeight": 720, "offsetWidth": 1263, "id": "document"}, "target": {"outerHeight": 26, "nodeName": "INPUT", "outerWidthWithMargin": 79, "outerWidth": 79, "innerWidth": 75, "height": 20, "width": 63, "innerHeight": 22, "offset": {"top": 654, "left": 10}, "position": {"top": 654, "left": 10}, "outerHeightWithMargin": 26, "id": "submit", "tabindex": "2"}, "shiftKey": false, "button": 0, "ctrlKey": false, "offsetX": 52, "offsetY": 15, "altKey": false, "metaKey": false, "currentTarget": {"nodeName": "#document", "clientHeight": 698, "height": 720, "clientWidth": 1263, "width": 1263, "offset": {"top": 0, "left": 0}, "offsetHeight": 720, "offsetWidth": 1263, "id": "document"}, "which": 0, "pageY": 669, "pageX": 62, "screenY": 708, "screenX": 62, "timeStamp": 1389121960767, "eventPhase": 3}, "extra": {"selectedText": ""}, "time": 1591.0, "y": 669, "x": 62, "type": "mousemove"}, {"type": "mousedown", "time": 4149.0, "e": {"clientX": 62, "clientY": 647, "delegateTarget": {"nodeName": "#document", "clientHeight": 698, "height": 720, "clientWidth": 1263, "width": 1263, "offset": {"top": 0, "left": 0}, "offsetHeight": 720, "offsetWidth": 1263, "id": "document"}, "target": {"outerHeight": 26, "nodeName": "INPUT", "outerWidthWithMargin": 79, "outerWidth": 79, "innerWidth": 75, "height": 20, "width": 63, "innerHeight": 22, "offset": {"top": 654, "left": 10}, "position": {"top": 654, "left": 10}, "outerHeightWithMargin": 26, "id": "submit", "tabindex": "2"}, "shiftKey": false, "button": 0, "ctrlKey": false, "offsetX": 52, "offsetY": 15, "altKey": false, "metaKey": false, "currentTarget": {"nodeName": "#document", "clientHeight": 698, "height": 720, "clientWidth": 1263, "width": 1263, "offset": {"top": 0, "left": 0}, "offsetHeight": 720, "offsetWidth": 1263, "id": "document"}, "which": 1, "pageY": 669, "pageX": 62, "screenY": 708, "screenX": 62, "timeStamp": 1389121963325, "eventPhase": 3}, "extra": {}}, {"e": {"clientX": 63, "clientY": 646, "delegateTarget": {"nodeName": "#document", "clientHeight": 698, "height": 720, "clientWidth": 1263, "width": 1263, "offset": {"top": 0, "left": 0}, "offsetHeight": 720, "offsetWidth": 1263, "id": "document"}, "target": {"outerHeight": 26, "nodeName": "INPUT", "outerWidthWithMargin": 79, "outerWidth": 79, "innerWidth": 75, "height": 20, "width": 63, "innerHeight": 22, "offset": {"top": 654, "left": 10}, "position": {"top": 654, "left": 10}, "outerHeightWithMargin": 26, "id": "submit", "tabindex": "2"}, "shiftKey": false, "button": 0, "ctrlKey": false, "offsetX": 53, "offsetY": 14, "altKey": false, "metaKey": false, "currentTarget": {"nodeName": "#document", "clientHeight": 698, "height": 720, "clientWidth": 1263, "width": 1263, "offset": {"top": 0, "left": 0}, "offsetHeight": 720, "offsetWidth": 1263, "id": "document"}, "which": 1, "pageY": 668, "pageX": 63, "screenY": 707, "screenX": 63, "timeStamp": 1389121963341, "eventPhase": 3}, "extra": {"selectedText": ""}, "time": 4165.0, "y": 668, "x": 63, "type": "mousemove"}, {"type": "mouseup", "time": 4336.0, "e": {"clientX": 63, "clientY": 646, "delegateTarget": {"nodeName": "#document", "clientHeight": 698, "height": 720, "clientWidth": 1263, "width": 1263, "offset": {"top": 0, "left": 0}, "offsetHeight": 720, "offsetWidth": 1263, "id": "document"}, "target": {"outerHeight": 26, "nodeName": "INPUT", "outerWidthWithMargin": 79, "outerWidth": 79, "innerWidth": 75, "height": 20, "width": 63, "innerHeight": 22, "offset": {"top": 654, "left": 10}, "position": {"top": 654, "left": 10}, "outerHeightWithMargin": 26, "id": "submit", "tabindex": "2"}, "shiftKey": false, "button": 0, "ctrlKey": false, "offsetX": 53, "offsetY": 14, "altKey": false, "metaKey": false, "currentTarget": {"nodeName": "#document", "clientHeight": 698, "height": 720, "clientWidth": 1263, "width": 1263, "offset": {"top": 0, "left": 0}, "offsetHeight": 720, "offsetWidth": 1263, "id": "document"}, "which": 1, "pageY": 668, "pageX": 63, "screenY": 707, "screenX": 63, "timeStamp": 1389121963512, "eventPhase": 3}, "extra": {"selectedText": ""}}, {"e": {"clientX": 63, "clientY": 646, "delegateTarget": {"nodeName": "#document", "clientHeight": 698, "height": 720, "clientWidth": 1263, "width": 1263, "offset": {"top": 0, "left": 0}, "offsetHeight": 720, "offsetWidth": 1263, "id": "document"}, "target": {"outerHeight": 26, "nodeName": "INPUT", "outerWidthWithMargin": 79, "outerWidth": 79, "innerWidth": 75, "height": 20, "width": 63, "innerHeight": 22, "offset": {"top": 654, "left": 10}, "position": {"top": 654, "left": 10}, "outerHeightWithMargin": 26, "id": "submit", "tabindex": "2"}, "shiftKey": false, "button": 0, "ctrlKey": false, "offsetX": 53, "offsetY": 14, "altKey": false, "metaKey": false, "currentTarget": {"nodeName": "#document", "clientHeight": 698, "height": 720, "clientWidth": 1263, "width": 1263, "offset": {"top": 0, "left": 0}, "offsetHeight": 720, "offsetWidth": 1263, "id": "document"}, "which": 1, "pageY": 668, "pageX": 63, "screenY": 707, "screenX": 63, "timeStamp": 1389121963512, "eventPhase": 3}, "extra": {"selectedText": ""}, "time": 4336.0, "y": 668, "x": 63, "type": "click"}]}