{"keydown_event": [], "scroll_event": [], "mouse_click_event": [{"e": {"clientX": 47, "clientY": 612, "delegateTarget": {"nodeName": "#document", "clientHeight": 648, "height": 683, "clientWidth": 1003, "width": 1003, "offset": {"top": 0, "left": 0}, "offsetHeight": 683, "offsetWidth": 1003, "id": "document"}, "target": {"outerHeight": 26, "nodeName": "INPUT", "outerWidthWithMargin": 79, "outerWidth": 79, "innerWidth": 75, "height": 20, "width": 63, "innerHeight": 22, "offset": {"top": 637, "left": 10}, "position": {"top": 637, "left": 10}, "outerHeightWithMargin": 26, "id": "submit", "tabindex": "8"}, "shiftKey": false, "button": 0, "ctrlKey": false, "offsetX": 37, "offsetY": 10, "altKey": false, "metaKey": false, "currentTarget": {"nodeName": "#document", "clientHeight": 648, "height": 683, "clientWidth": 1003, "width": 1003, "offset": {"top": 0, "left": 0}, "offsetHeight": 683, "offsetWidth": 1003, "id": "document"}, "which": 1, "pageY": 647, "pageX": 47, "screenY": 697, "screenX": 47, "timeStamp": 1389129580803, "eventPhase": 3}, "extra": {"selectedText": ""}, "time": 3877.0, "y": 647, "x": 47, "type": "click"}], "mouse_move_event": [{"e": {"clientX": 34, "clientY": 616, "delegateTarget": {"nodeName": "#document", "clientHeight": 648, "height": 683, "clientWidth": 1003, "width": 1003, "offset": {"top": 0, "left": 0}, "offsetHeight": 683, "offsetWidth": 1003, "id": "document"}, "target": {"outerHeight": 26, "nodeName": "INPUT", "outerWidthWithMargin": 79, "outerWidth": 79, "innerWidth": 75, "height": 20, "width": 63, "innerHeight": 22, "offset": {"top": 637, "left": 10}, "position": {"top": 637, "left": 10}, "outerHeightWithMargin": 26, "id": "submit", "tabindex": "8"}, "shiftKey": false, "button": 0, "ctrlKey": false, "offsetX": 24, "offsetY": 14, "altKey": false, "metaKey": false, "currentTarget": {"nodeName": "#document", "clientHeight": 648, "height": 683, "clientWidth": 1003, "width": 1003, "offset": {"top": 0, "left": 0}, "offsetHeight": 683, "offsetWidth": 1003, "id": "document"}, "which": 0, "pageY": 651, "pageX": 34, "screenY": 701, "screenX": 34, "timeStamp": 1389129576927, "eventPhase": 3}, "extra": {"selectedText": ""}, "time": 1.0, "y": 651, "x": 34, "type": "mousemove"}, {"e": {"clientX": 374, "clientY": 419, "delegateTarget": {"nodeName": "#document", "clientHeight": 648, "height": 683, "clientWidth": 1003, "width": 1003, "offset": {"top": 0, "left": 0}, "offsetHeight": 683, "offsetWidth": 1003, "id": "document"}, "target": {"outerHeight": 40, "nodeName": "P", "outerWidthWithMargin": 993, "outerWidth": 993, "innerWidth": 993, "height": 40, "width": 993, "innerHeight": 40, "offset": {"top": 444, "left": 10}, "position": {"top": 444, "left": 10}, "outerHeightWithMargin": 50, "id": "answer_paragraph1"}, "shiftKey": false, "button": 0, "ctrlKey": false, "offsetX": 364, "offsetY": 10, "altKey": false, "metaKey": false, "currentTarget": {"nodeName": "#document", "clientHeight": 648, "height": 683, "clientWidth": 1003, "width": 1003, "offset": {"top": 0, "left": 0}, "offsetHeight": 683, "offsetWidth": 1003, "id": "document"}, "which": 0, "pageY": 454, "pageX": 374, "screenY": 504, "screenX": 374, "timeStamp": 1389129580127, "eventPhase": 3}, "extra": {"selectedText": ""}, "time": 3201.0, "y": 454, "x": 374, "type": "mousemove"}, {"e": {"clientX": 47, "clientY": 612, "delegateTarget": {"nodeName": "#document", "clientHeight": 648, "height": 683, "clientWidth": 1003, "width": 1003, "offset": {"top": 0, "left": 0}, "offsetHeight": 683, "offsetWidth": 1003, "id": "document"}, "target": {"outerHeight": 26, "nodeName": "INPUT", "outerWidthWithMargin": 79, "outerWidth": 79, "innerWidth": 75, "height": 20, "width": 63, "innerHeight": 22, "offset": {"top": 637, "left": 10}, "position": {"top": 637, "left": 10}, "outerHeightWithMargin": 26, "id": "submit", "tabindex": "8"}, "shiftKey": false, "button": 0, "ctrlKey": false, "offsetX": 37, "offsetY": 10, "altKey": false, "metaKey": false, "currentTarget": {"nodeName": "#document", "clientHeight": 648, "height": 683, "clientWidth": 1003, "width": 1003, "offset": {"top": 0, "left": 0}, "offsetHeight": 683, "offsetWidth": 1003, "id": "document"}, "which": 0, "pageY": 647, "pageX": 47, "screenY": 697, "screenX": 47, "timeStamp": 1389129580520, "eventPhase": 3}, "extra": {"selectedText": ""}, "time": 3594.0, "y": 647, "x": 47, "type": "mousemove"}, {"e": {"clientX": 47, "clientY": 612, "delegateTarget": {"nodeName": "#document", "clientHeight": 648, "height": 683, "clientWidth": 1003, "width": 1003, "offset": {"top": 0, "left": 0}, "offsetHeight": 683, "offsetWidth": 1003, "id": "document"}, "target": {"outerHeight": 26, "nodeName": "INPUT", "outerWidthWithMargin": 79, "outerWidth": 79, "innerWidth": 75, "height": 20, "width": 63, "innerHeight": 22, "offset": {"top": 637, "left": 10}, "position": {"top": 637, "left": 10}, "outerHeightWithMargin": 26, "id": "submit", "tabindex": "8"}, "shiftKey": false, "button": 0, "ctrlKey": false, "offsetX": 37, "offsetY": 10, "altKey": false, "metaKey": false, "currentTarget": {"nodeName": "#document", "clientHeight": 648, "height": 683, "clientWidth": 1003, "width": 1003, "offset": {"top": 0, "left": 0}, "offsetHeight": 683, "offsetWidth": 1003, "id": "document"}, "which": 1, "pageY": 647, "pageX": 47, "screenY": 697, "screenX": 47, "timeStamp": 1389129580725, "eventPhase": 3}, "extra": {"selectedText": ""}, "time": 3799.0, "y": 647, "x": 47, "type": "mousemove"}], "init_event": [{"type": "init", "time": 0.0, "e": {"clientX": 34, "clientY": 616, "delegateTarget": {"nodeName": "#document", "clientHeight": 648, "height": 683, "clientWidth": 1003, "width": 1003, "offset": {"top": 0, "left": 0}, "offsetHeight": 683, "offsetWidth": 1003, "id": "document"}, "target": {"outerHeight": 26, "nodeName": "INPUT", "outerWidthWithMargin": 79, "outerWidth": 79, "innerWidth": 75, "height": 20, "width": 63, "innerHeight": 22, "offset": {"top": 637, "left": 10}, "position": {"top": 637, "left": 10}, "outerHeightWithMargin": 26, "id": "submit", "tabindex": "8"}, "shiftKey": false, "button": 0, "ctrlKey": false, "offsetX": 24, "offsetY": 14, "altKey": false, "metaKey": false, "currentTarget": {"nodeName": "#document", "clientHeight": 648, "height": 683, "clientWidth": 1003, "width": 1003, "offset": {"top": 0, "left": 0}, "offsetHeight": 683, "offsetWidth": 1003, "id": "document"}, "which": 0, "pageY": 651, "pageX": 34, "screenY": 701, "screenX": 34, "timeStamp": 1389129576926, "eventPhase": 3}, "extra": {"body": {"outerWidth": 1003, "innerWidth": 1003, "outerHeight": 663, "height": 653, "width": 993, "innerHeight": 663, "offset": {"top": 0, "left": 0}, "outerWidthWithMargin": 1003, "outerHeightWithMargin": 663}, "scrollOffset": {"pageYOffset": 35, "pageXOffset": 0}, "screen": {"pixelDepth": 32, "width": 1024, "availHeight": 734, "height": 768, "availWidth": 1024, "colorDepth": 32}, "zoom": {"zoomLevel": 0, "devicePixelRatio": 1}, "window": {"screenX": 0, "outerWidth": 1024, "innerWidth": 1024, "height": 648, "width": 1003, "innerHeight": 648, "offset": {"top": 0, "left": 0}, "screenY": 0, "outerHeight": 734}, "version": 2, "navigator": {"product": "Gecko", "language": "en-US", "appName": "Netscape", "appCodeName": "Mozilla", "cookieEnabled": true, "appVersion": "5.0 (Windows NT 5.1) AppleWebKit/537.36 (KHTML, like Gecko) Chrome/31.0.1650.63 Safari/537.36", "platform": "Win32", "userAgent": "Mozilla/5.0 (Windows NT 5.1) AppleWebKit/537.36 (KHTML, like Gecko) Chrome/31.0.1650.63 Safari/537.36"}, "document": {"clientHeight": 648, "height": 683, "clientWidth": 1003, "width": 1003, "offset": {"top": 0, "left": 0}, "offsetHeight": 683, "offsetWidth": 1003}}}], "misc_event": [{"type": "init", "time": 0.0, "e": {"clientX": 34, "clientY": 616, "delegateTarget": {"nodeName": "#document", "clientHeight": 648, "height": 683, "clientWidth": 1003, "width": 1003, "offset": {"top": 0, "left": 0}, "offsetHeight": 683, "offsetWidth": 1003, "id": "document"}, "target": {"outerHeight": 26, "nodeName": "INPUT", "outerWidthWithMargin": 79, "outerWidth": 79, "innerWidth": 75, "height": 20, "width": 63, "innerHeight": 22, "offset": {"top": 637, "left": 10}, "position": {"top": 637, "left": 10}, "outerHeightWithMargin": 26, "id": "submit", "tabindex": "8"}, "shiftKey": false, "button": 0, "ctrlKey": false, "offsetX": 24, "offsetY": 14, "altKey": false, "metaKey": false, "currentTarget": {"nodeName": "#document", "clientHeight": 648, "height": 683, "clientWidth": 1003, "width": 1003, "offset": {"top": 0, "left": 0}, "offsetHeight": 683, "offsetWidth": 1003, "id": "document"}, "which": 0, "pageY": 651, "pageX": 34, "screenY": 701, "screenX": 34, "timeStamp": 1389129576926, "eventPhase": 3}, "extra": {"body": {"outerWidth": 1003, "innerWidth": 1003, "outerHeight": 663, "height": 653, "width": 993, "innerHeight": 663, "offset": {"top": 0, "left": 0}, "outerWidthWithMargin": 1003, "outerHeightWithMargin": 663}, "scrollOffset": {"pageYOffset": 35, "pageXOffset": 0}, "screen": {"pixelDepth": 32, "width": 1024, "availHeight": 734, "height": 768, "availWidth": 1024, "colorDepth": 32}, "zoom": {"zoomLevel": 0, "devicePixelRatio": 1}, "window": {"screenX": 0, "outerWidth": 1024, "innerWidth": 1024, "height": 648, "width": 1003, "innerHeight": 648, "offset": {"top": 0, "left": 0}, "screenY": 0, "outerHeight": 734}, "version": 2, "navigator": {"product": "Gecko", "language": "en-US", "appName": "Netscape", "appCodeName": "Mozilla", "cookieEnabled": true, "appVersion": "5.0 (Windows NT 5.1) AppleWebKit/537.36 (KHTML, like Gecko) Chrome/31.0.1650.63 Safari/537.36", "platform": "Win32", "userAgent": "Mozilla/5.0 (Windows NT 5.1) AppleWebKit/537.36 (KHTML, like Gecko) Chrome/31.0.1650.63 Safari/537.36"}, "document": {"clientHeight": 648, "height": 683, "clientWidth": 1003, "width": 1003, "offset": {"top": 0, "left": 0}, "offsetHeight": 683, "offsetWidth": 1003}}}, {"e": {"clientX": 34, "clientY": 616, "delegateTarget": {"nodeName": "#document", "clientHeight": 648, "height": 683, "clientWidth": 1003, "width": 1003, "offset": {"top": 0, "left": 0}, "offsetHeight": 683, "offsetWidth": 1003, "id": "document"}, "target": {"outerHeight": 26, "nodeName": "INPUT", "outerWidthWithMargin": 79, "outerWidth": 79, "innerWidth": 75, "height": 20, "width": 63, "innerHeight": 22, "offset": {"top": 637, "left": 10}, "position": {"top": 637, "left": 10}, "outerHeightWithMargin": 26, "id": "submit", "tabindex": "8"}, "shiftKey": false, "button": 0, "ctrlKey": false, "offsetX": 24, "offsetY": 14, "altKey": false, "metaKey": false, "currentTarget": {"nodeName": "#document", "clientHeight": 648, "height": 683, "clientWidth": 1003, "width": 1003, "offset": {"top": 0, "left": 0}, "offsetHeight": 683, "offsetWidth": 1003, "id": "document"}, "which": 0, "pageY": 651, "pageX": 34, "screenY": 701, "screenX": 34, "timeStamp": 1389129576927, "eventPhase": 3}, "extra": {"selectedText": ""}, "time": 1.0, "y": 651, "x": 34, "type": "mousemove"}, {"e": {"clientX": 374, "clientY": 419, "delegateTarget": {"nodeName": "#document", "clientHeight": 648, "height": 683, "clientWidth": 1003, "width": 1003, "offset": {"top": 0, "left": 0}, "offsetHeight": 683, "offsetWidth": 1003, "id": "document"}, "target": {"outerHeight": 40, "nodeName": "P", "outerWidthWithMargin": 993, "outerWidth": 993, "innerWidth": 993, "height": 40, "width": 993, "innerHeight": 40, "offset": {"top": 444, "left": 10}, "position": {"top": 444, "left": 10}, "outerHeightWithMargin": 50, "id": "answer_paragraph1"}, "shiftKey": false, "button": 0, "ctrlKey": false, "offsetX": 364, "offsetY": 10, "altKey": false, "metaKey": false, "currentTarget": {"nodeName": "#document", "clientHeight": 648, "height": 683, "clientWidth": 1003, "width": 1003, "offset": {"top": 0, "left": 0}, "offsetHeight": 683, "offsetWidth": 1003, "id": "document"}, "which": 0, "pageY": 454, "pageX": 374, "screenY": 504, "screenX": 374, "timeStamp": 1389129580127, "eventPhase": 3}, "extra": {"selectedText": ""}, "time": 3201.0, "y": 454, "x": 374, "type": "mousemove"}, {"e": {"clientX": 47, "clientY": 612, "delegateTarget": {"nodeName": "#document", "clientHeight": 648, "height": 683, "clientWidth": 1003, "width": 1003, "offset": {"top": 0, "left": 0}, "offsetHeight": 683, "offsetWidth": 1003, "id": "document"}, "target": {"outerHeight": 26, "nodeName": "INPUT", "outerWidthWithMargin": 79, "outerWidth": 79, "innerWidth": 75, "height": 20, "width": 63, "innerHeight": 22, "offset": {"top": 637, "left": 10}, "position": {"top": 637, "left": 10}, "outerHeightWithMargin": 26, "id": "submit", "tabindex": "8"}, "shiftKey": false, "button": 0, "ctrlKey": false, "offsetX": 37, "offsetY": 10, "altKey": false, "metaKey": false, "currentTarget": {"nodeName": "#document", "clientHeight": 648, "height": 683, "clientWidth": 1003, "width": 1003, "offset": {"top": 0, "left": 0}, "offsetHeight": 683, "offsetWidth": 1003, "id": "document"}, "which": 0, "pageY": 647, "pageX": 47, "screenY": 697, "screenX": 47, "timeStamp": 1389129580520, "eventPhase": 3}, "extra": {"selectedText": ""}, "time": 3594.0, "y": 647, "x": 47, "type": "mousemove"}, {"type": "mousedown", "time": 3761.0, "e": {"clientX": 47, "clientY": 612, "delegateTarget": {"nodeName": "#document", "clientHeight": 648, "height": 683, "clientWidth": 1003, "width": 1003, "offset": {"top": 0, "left": 0}, "offsetHeight": 683, "offsetWidth": 1003, "id": "document"}, "target": {"outerHeight": 26, "nodeName": "INPUT", "outerWidthWithMargin": 79, "outerWidth": 79, "innerWidth": 75, "height": 20, "width": 63, "innerHeight": 22, "offset": {"top": 637, "left": 10}, "position": {"top": 637, "left": 10}, "outerHeightWithMargin": 26, "id": "submit", "tabindex": "8"}, "shiftKey": false, "button": 0, "ctrlKey": false, "offsetX": 37, "offsetY": 10, "altKey": false, "metaKey": false, "currentTarget": {"nodeName": "#document", "clientHeight": 648, "height": 683, "clientWidth": 1003, "width": 1003, "offset": {"top": 0, "left": 0}, "offsetHeight": 683, "offsetWidth": 1003, "id": "document"}, "which": 1, "pageY": 647, "pageX": 47, "screenY": 697, "screenX": 47, "timeStamp": 1389129580687, "eventPhase": 3}, "extra": {}}, {"e": {"clientX": 47, "clientY": 612, "delegateTarget": {"nodeName": "#document", "clientHeight": 648, "height": 683, "clientWidth": 1003, "width": 1003, "offset": {"top": 0, "left": 0}, "offsetHeight": 683, "offsetWidth": 1003, "id": "document"}, "target": {"outerHeight": 26, "nodeName": "INPUT", "outerWidthWithMargin": 79, "outerWidth": 79, "innerWidth": 75, "height": 20, "width": 63, "innerHeight": 22, "offset": {"top": 637, "left": 10}, "position": {"top": 637, "left": 10}, "outerHeightWithMargin": 26, "id": "submit", "tabindex": "8"}, "shiftKey": false, "button": 0, "ctrlKey": false, "offsetX": 37, "offsetY": 10, "altKey": false, "metaKey": false, "currentTarget": {"nodeName": "#document", "clientHeight": 648, "height": 683, "clientWidth": 1003, "width": 1003, "offset": {"top": 0, "left": 0}, "offsetHeight": 683, "offsetWidth": 1003, "id": "document"}, "which": 1, "pageY": 647, "pageX": 47, "screenY": 697, "screenX": 47, "timeStamp": 1389129580725, "eventPhase": 3}, "extra": {"selectedText": ""}, "time": 3799.0, "y": 647, "x": 47, "type": "mousemove"}, {"type": "mouseup", "time": 3872.0, "e": {"clientX": 47, "clientY": 612, "delegateTarget": {"nodeName": "#document", "clientHeight": 648, "height": 683, "clientWidth": 1003, "width": 1003, "offset": {"top": 0, "left": 0}, "offsetHeight": 683, "offsetWidth": 1003, "id": "document"}, "target": {"outerHeight": 26, "nodeName": "INPUT", "outerWidthWithMargin": 79, "outerWidth": 79, "innerWidth": 75, "height": 20, "width": 63, "innerHeight": 22, "offset": {"top": 637, "left": 10}, "position": {"top": 637, "left": 10}, "outerHeightWithMargin": 26, "id": "submit", "tabindex": "8"}, "shiftKey": false, "button": 0, "ctrlKey": false, "offsetX": 37, "offsetY": 10, "altKey": false, "metaKey": false, "currentTarget": {"nodeName": "#document", "clientHeight": 648, "height": 683, "clientWidth": 1003, "width": 1003, "offset": {"top": 0, "left": 0}, "offsetHeight": 683, "offsetWidth": 1003, "id": "document"}, "which": 1, "pageY": 647, "pageX": 47, "screenY": 697, "screenX": 47, "timeStamp": 1389129580798, "eventPhase": 3}, "extra": {"selectedText": ""}}, {"e": {"clientX": 47, "clientY": 612, "delegateTarget": {"nodeName": "#document", "clientHeight": 648, "height": 683, "clientWidth": 1003, "width": 1003, "offset": {"top": 0, "left": 0}, "offsetHeight": 683, "offsetWidth": 1003, "id": "document"}, "target": {"outerHeight": 26, "nodeName": "INPUT", "outerWidthWithMargin": 79, "outerWidth": 79, "innerWidth": 75, "height": 20, "width": 63, "innerHeight": 22, "offset": {"top": 637, "left": 10}, "position": {"top": 637, "left": 10}, "outerHeightWithMargin": 26, "id": "submit", "tabindex": "8"}, "shiftKey": false, "button": 0, "ctrlKey": false, "offsetX": 37, "offsetY": 10, "altKey": false, "metaKey": false, "currentTarget": {"nodeName": "#document", "clientHeight": 648, "height": 683, "clientWidth": 1003, "width": 1003, "offset": {"top": 0, "left": 0}, "offsetHeight": 683, "offsetWidth": 1003, "id": "document"}, "which": 1, "pageY": 647, "pageX": 47, "screenY": 697, "screenX": 47, "timeStamp": 1389129580803, "eventPhase": 3}, "extra": {"selectedText": ""}, "time": 3877.0, "y": 647, "x": 47, "type": "click"}]}