{"keydown_event": [], "scroll_event": [], "mouse_click_event": [{"e": {"clientX": 142, "clientY": 212, "delegateTarget": {"nodeName": "#document", "clientHeight": 668, "height": 668, "clientWidth": 1127, "width": 1127, "offset": {"top": 0, "left": 0}, "offsetHeight": 321, "offsetWidth": 1127, "id": "document"}, "target": {"outerHeight": 30, "nodeName": "SELECT", "parent": {"outerHeight": 291, "nodeName": "DIV", "outerWidthWithMargin": 1117, "outerWidth": 1117, "innerWidth": 1117, "height": 291, "width": 1117, "innerHeight": 291, "offset": {"top": 10, "left": 10}, "position": {"top": 10, "left": 10}, "outerHeightWithMargin": 291, "id": "page3"}, "outerWidthWithMargin": 150, "outerWidth": 150, "innerWidth": 148, "height": 28, "width": 148, "innerHeight": 28, "offset": {"top": 194, "left": 10}, "id": "select1", "position": {"top": 194, "left": 10}, "outerHeightWithMargin": 40, "class": "input-medium", "tabindex": "1"}, "shiftKey": false, "button": 0, "ctrlKey": false, "offsetX": 132, "offsetY": 18, "altKey": false, "metaKey": false, "currentTarget": {"nodeName": "#document", "clientHeight": 668, "height": 668, "clientWidth": 1127, "width": 1127, "offset": {"top": 0, "left": 0}, "offsetHeight": 321, "offsetWidth": 1127, "id": "document"}, "which": 1, "pageY": 212, "pageX": 142, "screenY": 328, "screenX": 196, "timeStamp": 1389164748676, "eventPhase": 3}, "extra": {"selectedText": ""}, "time": 5795.0, "y": 212, "x": 142, "type": "click"}, {"e": {"clientX": 62, "clientY": 283, "delegateTarget": {"nodeName": "#document", "clientHeight": 668, "height": 668, "clientWidth": 1127, "width": 1127, "offset": {"top": 0, "left": 0}, "offsetHeight": 321, "offsetWidth": 1127, "id": "document"}, "target": {"outerHeight": 25, "nodeName": "INPUT", "outerWidthWithMargin": 81, "outerWidth": 81, "innerWidth": 77, "height": 20, "width": 65, "innerHeight": 25, "offset": {"top": 276, "left": 10}, "position": {"top": 276, "left": 10}, "outerHeightWithMargin": 25, "id": "submit", "tabindex": "2"}, "shiftKey": false, "button": 0, "ctrlKey": false, "offsetX": 52, "offsetY": 7, "altKey": false, "metaKey": false, "currentTarget": {"nodeName": "#document", "clientHeight": 668, "height": 668, "clientWidth": 1127, "width": 1127, "offset": {"top": 0, "left": 0}, "offsetHeight": 321, "offsetWidth": 1127, "id": "document"}, "which": 1, "pageY": 283, "pageX": 62, "screenY": 399, "screenX": 116, "timeStamp": 1389164749312, "eventPhase": 3}, "extra": {"selectedText": ""}, "time": 6431.0, "y": 283, "x": 62, "type": "click"}], "mouse_move_event": [{"e": {"clientX": 142, "clientY": 212, "delegateTarget": {"nodeName": "#document", "clientHeight": 668, "height": 668, "clientWidth": 1127, "width": 1127, "offset": {"top": 0, "left": 0}, "offsetHeight": 321, "offsetWidth": 1127, "id": "document"}, "target": {"outerHeight": 30, "nodeName": "SELECT", "parent": {"outerHeight": 291, "nodeName": "DIV", "outerWidthWithMargin": 1117, "outerWidth": 1117, "innerWidth": 1117, "height": 291, "width": 1117, "innerHeight": 291, "offset": {"top": 10, "left": 10}, "position": {"top": 10, "left": 10}, "outerHeightWithMargin": 291, "id": "page3"}, "outerWidthWithMargin": 150, "outerWidth": 150, "innerWidth": 148, "height": 28, "width": 148, "innerHeight": 28, "offset": {"top": 194, "left": 10}, "id": "select1", "position": {"top": 194, "left": 10}, "outerHeightWithMargin": 40, "class": "input-medium", "tabindex": "1"}, "shiftKey": false, "button": 0, "ctrlKey": false, "offsetX": 132, "offsetY": 18, "altKey": false, "metaKey": false, "currentTarget": {"nodeName": "#document", "clientHeight": 668, "height": 668, "clientWidth": 1127, "width": 1127, "offset": {"top": 0, "left": 0}, "offsetHeight": 321, "offsetWidth": 1127, "id": "document"}, "which": 0, "pageY": 212, "pageX": 142, "screenY": 328, "screenX": 196, "timeStamp": 1389164743013, "eventPhase": 3}, "extra": {"selectedText": ""}, "time": 132.0, "y": 212, "x": 142, "type": "mousemove"}, {"e": {"clientX": 106, "clientY": 293, "delegateTarget": {"nodeName": "#document", "clientHeight": 668, "height": 668, "clientWidth": 1127, "width": 1127, "offset": {"top": 0, "left": 0}, "offsetHeight": 321, "offsetWidth": 1127, "id": "document"}, "target": {"outerHeight": 16, "nodeName": "FONT", "outerWidthWithMargin": 265, "outerWidth": 265, "innerWidth": 265, "height": 16, "width": 265, "innerHeight": 16, "offset": {"top": 278, "left": 94.8896484375}, "position": {"top": 278, "left": 94.8896484375}, "outerHeightWithMargin": 16, "id": "font1"}, "shiftKey": false, "button": 0, "ctrlKey": false, "offsetX": 96, "offsetY": 17, "altKey": false, "metaKey": false, "currentTarget": {"nodeName": "#document", "clientHeight": 668, "height": 668, "clientWidth": 1127, "width": 1127, "offset": {"top": 0, "left": 0}, "offsetHeight": 321, "offsetWidth": 1127, "id": "document"}, "which": 0, "pageY": 293, "pageX": 106, "screenY": 409, "screenX": 160, "timeStamp": 1389164748668, "eventPhase": 3}, "extra": {"selectedText": ""}, "time": 5787.0, "y": 293, "x": 106, "type": "mousemove"}, {"e": {"clientX": 106, "clientY": 293, "delegateTarget": {"nodeName": "#document", "clientHeight": 668, "height": 668, "clientWidth": 1127, "width": 1127, "offset": {"top": 0, "left": 0}, "offsetHeight": 321, "offsetWidth": 1127, "id": "document"}, "target": {"outerHeight": 16, "nodeName": "FONT", "outerWidthWithMargin": 265, "outerWidth": 265, "innerWidth": 265, "height": 16, "width": 265, "innerHeight": 16, "offset": {"top": 278, "left": 94.8896484375}, "position": {"top": 278, "left": 94.8896484375}, "outerHeightWithMargin": 16, "id": "font1"}, "shiftKey": false, "button": 0, "ctrlKey": false, "offsetX": 96, "offsetY": 17, "altKey": false, "metaKey": false, "currentTarget": {"nodeName": "#document", "clientHeight": 668, "height": 668, "clientWidth": 1127, "width": 1127, "offset": {"top": 0, "left": 0}, "offsetHeight": 321, "offsetWidth": 1127, "id": "document"}, "which": 0, "pageY": 293, "pageX": 106, "screenY": 409, "screenX": 160, "timeStamp": 1389164748682, "eventPhase": 3}, "extra": {"selectedText": ""}, "time": 5801.0, "y": 293, "x": 106, "type": "mousemove"}, {"e": {"clientX": 103, "clientY": 293, "delegateTarget": {"nodeName": "#document", "clientHeight": 668, "height": 668, "clientWidth": 1127, "width": 1127, "offset": {"top": 0, "left": 0}, "offsetHeight": 321, "offsetWidth": 1127, "id": "document"}, "target": {"outerHeight": 16, "nodeName": "FONT", "outerWidthWithMargin": 265, "outerWidth": 265, "innerWidth": 265, "height": 16, "width": 265, "innerHeight": 16, "offset": {"top": 278, "left": 94.8896484375}, "position": {"top": 278, "left": 94.8896484375}, "outerHeightWithMargin": 16, "id": "font1"}, "shiftKey": false, "button": 0, "ctrlKey": false, "offsetX": 93, "offsetY": 17, "altKey": false, "metaKey": false, "currentTarget": {"nodeName": "#document", "clientHeight": 668, "height": 668, "clientWidth": 1127, "width": 1127, "offset": {"top": 0, "left": 0}, "offsetHeight": 321, "offsetWidth": 1127, "id": "document"}, "which": 0, "pageY": 293, "pageX": 103, "screenY": 409, "screenX": 157, "timeStamp": 1389164748724, "eventPhase": 3}, "extra": {"selectedText": ""}, "time": 5843.0, "y": 293, "x": 103, "type": "mousemove"}, {"e": {"clientX": 103, "clientY": 293, "delegateTarget": {"nodeName": "#document", "clientHeight": 668, "height": 668, "clientWidth": 1127, "width": 1127, "offset": {"top": 0, "left": 0}, "offsetHeight": 321, "offsetWidth": 1127, "id": "document"}, "target": {"outerHeight": 16, "nodeName": "FONT", "outerWidthWithMargin": 265, "outerWidth": 265, "innerWidth": 265, "height": 16, "width": 265, "innerHeight": 16, "offset": {"top": 278, "left": 94.8896484375}, "position": {"top": 278, "left": 94.8896484375}, "outerHeightWithMargin": 16, "id": "font1"}, "shiftKey": false, "button": 0, "ctrlKey": false, "offsetX": 93, "offsetY": 17, "altKey": false, "metaKey": false, "currentTarget": {"nodeName": "#document", "clientHeight": 668, "height": 668, "clientWidth": 1127, "width": 1127, "offset": {"top": 0, "left": 0}, "offsetHeight": 321, "offsetWidth": 1127, "id": "document"}, "which": 0, "pageY": 293, "pageX": 103, "screenY": 409, "screenX": 157, "timeStamp": 1389164748726, "eventPhase": 3}, "extra": {"selectedText": ""}, "time": 5845.0, "y": 293, "x": 103, "type": "mousemove"}, {"e": {"clientX": 100, "clientY": 293, "delegateTarget": {"nodeName": "#document", "clientHeight": 668, "height": 668, "clientWidth": 1127, "width": 1127, "offset": {"top": 0, "left": 0}, "offsetHeight": 321, "offsetWidth": 1127, "id": "document"}, "target": {"outerHeight": 16, "nodeName": "FONT", "outerWidthWithMargin": 265, "outerWidth": 265, "innerWidth": 265, "height": 16, "width": 265, "innerHeight": 16, "offset": {"top": 278, "left": 94.8896484375}, "position": {"top": 278, "left": 94.8896484375}, "outerHeightWithMargin": 16, "id": "font1"}, "shiftKey": false, "button": 0, "ctrlKey": false, "offsetX": 90, "offsetY": 17, "altKey": false, "metaKey": false, "currentTarget": {"nodeName": "#document", "clientHeight": 668, "height": 668, "clientWidth": 1127, "width": 1127, "offset": {"top": 0, "left": 0}, "offsetHeight": 321, "offsetWidth": 1127, "id": "document"}, "which": 0, "pageY": 293, "pageX": 100, "screenY": 409, "screenX": 154, "timeStamp": 1389164748741, "eventPhase": 3}, "extra": {"selectedText": ""}, "time": 5860.0, "y": 293, "x": 100, "type": "mousemove"}, {"e": {"clientX": 100, "clientY": 293, "delegateTarget": {"nodeName": "#document", "clientHeight": 668, "height": 668, "clientWidth": 1127, "width": 1127, "offset": {"top": 0, "left": 0}, "offsetHeight": 321, "offsetWidth": 1127, "id": "document"}, "target": {"outerHeight": 16, "nodeName": "FONT", "outerWidthWithMargin": 265, "outerWidth": 265, "innerWidth": 265, "height": 16, "width": 265, "innerHeight": 16, "offset": {"top": 278, "left": 94.8896484375}, "position": {"top": 278, "left": 94.8896484375}, "outerHeightWithMargin": 16, "id": "font1"}, "shiftKey": false, "button": 0, "ctrlKey": false, "offsetX": 90, "offsetY": 17, "altKey": false, "metaKey": false, "currentTarget": {"nodeName": "#document", "clientHeight": 668, "height": 668, "clientWidth": 1127, "width": 1127, "offset": {"top": 0, "left": 0}, "offsetHeight": 321, "offsetWidth": 1127, "id": "document"}, "which": 0, "pageY": 293, "pageX": 100, "screenY": 409, "screenX": 154, "timeStamp": 1389164748743, "eventPhase": 3}, "extra": {"selectedText": ""}, "time": 5862.0, "y": 293, "x": 100, "type": "mousemove"}, {"e": {"clientX": 94, "clientY": 292, "delegateTarget": {"nodeName": "#document", "clientHeight": 668, "height": 668, "clientWidth": 1127, "width": 1127, "offset": {"top": 0, "left": 0}, "offsetHeight": 321, "offsetWidth": 1127, "id": "document"}, "target": {"outerHeight": 16, "nodeName": "FONT", "outerWidthWithMargin": 265, "outerWidth": 265, "innerWidth": 265, "height": 16, "width": 265, "innerHeight": 16, "offset": {"top": 278, "left": 94.8896484375}, "position": {"top": 278, "left": 94.8896484375}, "outerHeightWithMargin": 16, "id": "font1"}, "shiftKey": false, "button": 0, "ctrlKey": false, "offsetX": 84, "offsetY": 16, "altKey": false, "metaKey": false, "currentTarget": {"nodeName": "#document", "clientHeight": 668, "height": 668, "clientWidth": 1127, "width": 1127, "offset": {"top": 0, "left": 0}, "offsetHeight": 321, "offsetWidth": 1127, "id": "document"}, "which": 0, "pageY": 292, "pageX": 94, "screenY": 408, "screenX": 148, "timeStamp": 1389164748759, "eventPhase": 3}, "extra": {"selectedText": ""}, "time": 5878.0, "y": 292, "x": 94, "type": "mousemove"}, {"e": {"clientX": 94, "clientY": 292, "delegateTarget": {"nodeName": "#document", "clientHeight": 668, "height": 668, "clientWidth": 1127, "width": 1127, "offset": {"top": 0, "left": 0}, "offsetHeight": 321, "offsetWidth": 1127, "id": "document"}, "target": {"outerHeight": 16, "nodeName": "FONT", "outerWidthWithMargin": 265, "outerWidth": 265, "innerWidth": 265, "height": 16, "width": 265, "innerHeight": 16, "offset": {"top": 278, "left": 94.8896484375}, "position": {"top": 278, "left": 94.8896484375}, "outerHeightWithMargin": 16, "id": "font1"}, "shiftKey": false, "button": 0, "ctrlKey": false, "offsetX": 84, "offsetY": 16, "altKey": false, "metaKey": false, "currentTarget": {"nodeName": "#document", "clientHeight": 668, "height": 668, "clientWidth": 1127, "width": 1127, "offset": {"top": 0, "left": 0}, "offsetHeight": 321, "offsetWidth": 1127, "id": "document"}, "which": 0, "pageY": 292, "pageX": 94, "screenY": 408, "screenX": 148, "timeStamp": 1389164748760, "eventPhase": 3}, "extra": {"selectedText": ""}, "time": 5879.0, "y": 292, "x": 94, "type": "mousemove"}, {"e": {"clientX": 85, "clientY": 291, "delegateTarget": {"nodeName": "#document", "clientHeight": 668, "height": 668, "clientWidth": 1127, "width": 1127, "offset": {"top": 0, "left": 0}, "offsetHeight": 321, "offsetWidth": 1127, "id": "document"}, "target": {"outerHeight": 25, "nodeName": "INPUT", "outerWidthWithMargin": 81, "outerWidth": 81, "innerWidth": 77, "height": 20, "width": 65, "innerHeight": 25, "offset": {"top": 276, "left": 10}, "position": {"top": 276, "left": 10}, "outerHeightWithMargin": 25, "id": "submit", "tabindex": "2"}, "shiftKey": false, "button": 0, "ctrlKey": false, "offsetX": 75, "offsetY": 15, "altKey": false, "metaKey": false, "currentTarget": {"nodeName": "#document", "clientHeight": 668, "height": 668, "clientWidth": 1127, "width": 1127, "offset": {"top": 0, "left": 0}, "offsetHeight": 321, "offsetWidth": 1127, "id": "document"}, "which": 0, "pageY": 291, "pageX": 85, "screenY": 407, "screenX": 139, "timeStamp": 1389164748775, "eventPhase": 3}, "extra": {"selectedText": ""}, "time": 5894.0, "y": 291, "x": 85, "type": "mousemove"}, {"e": {"clientX": 85, "clientY": 291, "delegateTarget": {"nodeName": "#document", "clientHeight": 668, "height": 668, "clientWidth": 1127, "width": 1127, "offset": {"top": 0, "left": 0}, "offsetHeight": 321, "offsetWidth": 1127, "id": "document"}, "target": {"outerHeight": 25, "nodeName": "INPUT", "outerWidthWithMargin": 81, "outerWidth": 81, "innerWidth": 77, "height": 20, "width": 65, "innerHeight": 25, "offset": {"top": 276, "left": 10}, "position": {"top": 276, "left": 10}, "outerHeightWithMargin": 25, "id": "submit", "tabindex": "2"}, "shiftKey": false, "button": 0, "ctrlKey": false, "offsetX": 75, "offsetY": 15, "altKey": false, "metaKey": false, "currentTarget": {"nodeName": "#document", "clientHeight": 668, "height": 668, "clientWidth": 1127, "width": 1127, "offset": {"top": 0, "left": 0}, "offsetHeight": 321, "offsetWidth": 1127, "id": "document"}, "which": 0, "pageY": 291, "pageX": 85, "screenY": 407, "screenX": 139, "timeStamp": 1389164748776, "eventPhase": 3}, "extra": {"selectedText": ""}, "time": 5895.0, "y": 291, "x": 85, "type": "mousemove"}, {"e": {"clientX": 77, "clientY": 289, "delegateTarget": {"nodeName": "#document", "clientHeight": 668, "height": 668, "clientWidth": 1127, "width": 1127, "offset": {"top": 0, "left": 0}, "offsetHeight": 321, "offsetWidth": 1127, "id": "document"}, "target": {"outerHeight": 25, "nodeName": "INPUT", "outerWidthWithMargin": 81, "outerWidth": 81, "innerWidth": 77, "height": 20, "width": 65, "innerHeight": 25, "offset": {"top": 276, "left": 10}, "position": {"top": 276, "left": 10}, "outerHeightWithMargin": 25, "id": "submit", "tabindex": "2"}, "shiftKey": false, "button": 0, "ctrlKey": false, "offsetX": 67, "offsetY": 13, "altKey": false, "metaKey": false, "currentTarget": {"nodeName": "#document", "clientHeight": 668, "height": 668, "clientWidth": 1127, "width": 1127, "offset": {"top": 0, "left": 0}, "offsetHeight": 321, "offsetWidth": 1127, "id": "document"}, "which": 0, "pageY": 289, "pageX": 77, "screenY": 405, "screenX": 131, "timeStamp": 1389164748792, "eventPhase": 3}, "extra": {"selectedText": ""}, "time": 5911.0, "y": 289, "x": 77, "type": "mousemove"}, {"e": {"clientX": 77, "clientY": 289, "delegateTarget": {"nodeName": "#document", "clientHeight": 668, "height": 668, "clientWidth": 1127, "width": 1127, "offset": {"top": 0, "left": 0}, "offsetHeight": 321, "offsetWidth": 1127, "id": "document"}, "target": {"outerHeight": 25, "nodeName": "INPUT", "outerWidthWithMargin": 81, "outerWidth": 81, "innerWidth": 77, "height": 20, "width": 65, "innerHeight": 25, "offset": {"top": 276, "left": 10}, "position": {"top": 276, "left": 10}, "outerHeightWithMargin": 25, "id": "submit", "tabindex": "2"}, "shiftKey": false, "button": 0, "ctrlKey": false, "offsetX": 67, "offsetY": 13, "altKey": false, "metaKey": false, "currentTarget": {"nodeName": "#document", "clientHeight": 668, "height": 668, "clientWidth": 1127, "width": 1127, "offset": {"top": 0, "left": 0}, "offsetHeight": 321, "offsetWidth": 1127, "id": "document"}, "which": 0, "pageY": 289, "pageX": 77, "screenY": 405, "screenX": 131, "timeStamp": 1389164748793, "eventPhase": 3}, "extra": {"selectedText": ""}, "time": 5912.0, "y": 289, "x": 77, "type": "mousemove"}, {"e": {"clientX": 71, "clientY": 288, "delegateTarget": {"nodeName": "#document", "clientHeight": 668, "height": 668, "clientWidth": 1127, "width": 1127, "offset": {"top": 0, "left": 0}, "offsetHeight": 321, "offsetWidth": 1127, "id": "document"}, "target": {"outerHeight": 25, "nodeName": "INPUT", "outerWidthWithMargin": 81, "outerWidth": 81, "innerWidth": 77, "height": 20, "width": 65, "innerHeight": 25, "offset": {"top": 276, "left": 10}, "position": {"top": 276, "left": 10}, "outerHeightWithMargin": 25, "id": "submit", "tabindex": "2"}, "shiftKey": false, "button": 0, "ctrlKey": false, "offsetX": 61, "offsetY": 12, "altKey": false, "metaKey": false, "currentTarget": {"nodeName": "#document", "clientHeight": 668, "height": 668, "clientWidth": 1127, "width": 1127, "offset": {"top": 0, "left": 0}, "offsetHeight": 321, "offsetWidth": 1127, "id": "document"}, "which": 0, "pageY": 288, "pageX": 71, "screenY": 404, "screenX": 125, "timeStamp": 1389164748811, "eventPhase": 3}, "extra": {"selectedText": ""}, "time": 5930.0, "y": 288, "x": 71, "type": "mousemove"}, {"e": {"clientX": 71, "clientY": 288, "delegateTarget": {"nodeName": "#document", "clientHeight": 668, "height": 668, "clientWidth": 1127, "width": 1127, "offset": {"top": 0, "left": 0}, "offsetHeight": 321, "offsetWidth": 1127, "id": "document"}, "target": {"outerHeight": 25, "nodeName": "INPUT", "outerWidthWithMargin": 81, "outerWidth": 81, "innerWidth": 77, "height": 20, "width": 65, "innerHeight": 25, "offset": {"top": 276, "left": 10}, "position": {"top": 276, "left": 10}, "outerHeightWithMargin": 25, "id": "submit", "tabindex": "2"}, "shiftKey": false, "button": 0, "ctrlKey": false, "offsetX": 61, "offsetY": 12, "altKey": false, "metaKey": false, "currentTarget": {"nodeName": "#document", "clientHeight": 668, "height": 668, "clientWidth": 1127, "width": 1127, "offset": {"top": 0, "left": 0}, "offsetHeight": 321, "offsetWidth": 1127, "id": "document"}, "which": 0, "pageY": 288, "pageX": 71, "screenY": 404, "screenX": 125, "timeStamp": 1389164748812, "eventPhase": 3}, "extra": {"selectedText": ""}, "time": 5931.0, "y": 288, "x": 71, "type": "mousemove"}, {"e": {"clientX": 68, "clientY": 287, "delegateTarget": {"nodeName": "#document", "clientHeight": 668, "height": 668, "clientWidth": 1127, "width": 1127, "offset": {"top": 0, "left": 0}, "offsetHeight": 321, "offsetWidth": 1127, "id": "document"}, "target": {"outerHeight": 25, "nodeName": "INPUT", "outerWidthWithMargin": 81, "outerWidth": 81, "innerWidth": 77, "height": 20, "width": 65, "innerHeight": 25, "offset": {"top": 276, "left": 10}, "position": {"top": 276, "left": 10}, "outerHeightWithMargin": 25, "id": "submit", "tabindex": "2"}, "shiftKey": false, "button": 0, "ctrlKey": false, "offsetX": 58, "offsetY": 11, "altKey": false, "metaKey": false, "currentTarget": {"nodeName": "#document", "clientHeight": 668, "height": 668, "clientWidth": 1127, "width": 1127, "offset": {"top": 0, "left": 0}, "offsetHeight": 321, "offsetWidth": 1127, "id": "document"}, "which": 0, "pageY": 287, "pageX": 68, "screenY": 403, "screenX": 122, "timeStamp": 1389164748827, "eventPhase": 3}, "extra": {"selectedText": ""}, "time": 5946.0, "y": 287, "x": 68, "type": "mousemove"}, {"e": {"clientX": 68, "clientY": 287, "delegateTarget": {"nodeName": "#document", "clientHeight": 668, "height": 668, "clientWidth": 1127, "width": 1127, "offset": {"top": 0, "left": 0}, "offsetHeight": 321, "offsetWidth": 1127, "id": "document"}, "target": {"outerHeight": 25, "nodeName": "INPUT", "outerWidthWithMargin": 81, "outerWidth": 81, "innerWidth": 77, "height": 20, "width": 65, "innerHeight": 25, "offset": {"top": 276, "left": 10}, "position": {"top": 276, "left": 10}, "outerHeightWithMargin": 25, "id": "submit", "tabindex": "2"}, "shiftKey": false, "button": 0, "ctrlKey": false, "offsetX": 58, "offsetY": 11, "altKey": false, "metaKey": false, "currentTarget": {"nodeName": "#document", "clientHeight": 668, "height": 668, "clientWidth": 1127, "width": 1127, "offset": {"top": 0, "left": 0}, "offsetHeight": 321, "offsetWidth": 1127, "id": "document"}, "which": 0, "pageY": 287, "pageX": 68, "screenY": 403, "screenX": 122, "timeStamp": 1389164748828, "eventPhase": 3}, "extra": {"selectedText": ""}, "time": 5947.0, "y": 287, "x": 68, "type": "mousemove"}, {"e": {"clientX": 68, "clientY": 285, "delegateTarget": {"nodeName": "#document", "clientHeight": 668, "height": 668, "clientWidth": 1127, "width": 1127, "offset": {"top": 0, "left": 0}, "offsetHeight": 321, "offsetWidth": 1127, "id": "document"}, "target": {"outerHeight": 25, "nodeName": "INPUT", "outerWidthWithMargin": 81, "outerWidth": 81, "innerWidth": 77, "height": 20, "width": 65, "innerHeight": 25, "offset": {"top": 276, "left": 10}, "position": {"top": 276, "left": 10}, "outerHeightWithMargin": 25, "id": "submit", "tabindex": "2"}, "shiftKey": false, "button": 0, "ctrlKey": false, "offsetX": 58, "offsetY": 9, "altKey": false, "metaKey": false, "currentTarget": {"nodeName": "#document", "clientHeight": 668, "height": 668, "clientWidth": 1127, "width": 1127, "offset": {"top": 0, "left": 0}, "offsetHeight": 321, "offsetWidth": 1127, "id": "document"}, "which": 0, "pageY": 285, "pageX": 68, "screenY": 401, "screenX": 122, "timeStamp": 1389164748845, "eventPhase": 3}, "extra": {"selectedText": ""}, "time": 5964.0, "y": 285, "x": 68, "type": "mousemove"}, {"e": {"clientX": 68, "clientY": 285, "delegateTarget": {"nodeName": "#document", "clientHeight": 668, "height": 668, "clientWidth": 1127, "width": 1127, "offset": {"top": 0, "left": 0}, "offsetHeight": 321, "offsetWidth": 1127, "id": "document"}, "target": {"outerHeight": 25, "nodeName": "INPUT", "outerWidthWithMargin": 81, "outerWidth": 81, "innerWidth": 77, "height": 20, "width": 65, "innerHeight": 25, "offset": {"top": 276, "left": 10}, "position": {"top": 276, "left": 10}, "outerHeightWithMargin": 25, "id": "submit", "tabindex": "2"}, "shiftKey": false, "button": 0, "ctrlKey": false, "offsetX": 58, "offsetY": 9, "altKey": false, "metaKey": false, "currentTarget": {"nodeName": "#document", "clientHeight": 668, "height": 668, "clientWidth": 1127, "width": 1127, "offset": {"top": 0, "left": 0}, "offsetHeight": 321, "offsetWidth": 1127, "id": "document"}, "which": 0, "pageY": 285, "pageX": 68, "screenY": 401, "screenX": 122, "timeStamp": 1389164748847, "eventPhase": 3}, "extra": {"selectedText": ""}, "time": 5966.0, "y": 285, "x": 68, "type": "mousemove"}, {"e": {"clientX": 68, "clientY": 285, "delegateTarget": {"nodeName": "#document", "clientHeight": 668, "height": 668, "clientWidth": 1127, "width": 1127, "offset": {"top": 0, "left": 0}, "offsetHeight": 321, "offsetWidth": 1127, "id": "document"}, "target": {"outerHeight": 25, "nodeName": "INPUT", "outerWidthWithMargin": 81, "outerWidth": 81, "innerWidth": 77, "height": 20, "width": 65, "innerHeight": 25, "offset": {"top": 276, "left": 10}, "position": {"top": 276, "left": 10}, "outerHeightWithMargin": 25, "id": "submit", "tabindex": "2"}, "shiftKey": false, "button": 0, "ctrlKey": false, "offsetX": 58, "offsetY": 9, "altKey": false, "metaKey": false, "currentTarget": {"nodeName": "#document", "clientHeight": 668, "height": 668, "clientWidth": 1127, "width": 1127, "offset": {"top": 0, "left": 0}, "offsetHeight": 321, "offsetWidth": 1127, "id": "document"}, "which": 0, "pageY": 285, "pageX": 68, "screenY": 401, "screenX": 122, "timeStamp": 1389164748863, "eventPhase": 3}, "extra": {"selectedText": ""}, "time": 5982.0, "y": 285, "x": 68, "type": "mousemove"}, {"e": {"clientX": 68, "clientY": 285, "delegateTarget": {"nodeName": "#document", "clientHeight": 668, "height": 668, "clientWidth": 1127, "width": 1127, "offset": {"top": 0, "left": 0}, "offsetHeight": 321, "offsetWidth": 1127, "id": "document"}, "target": {"outerHeight": 25, "nodeName": "INPUT", "outerWidthWithMargin": 81, "outerWidth": 81, "innerWidth": 77, "height": 20, "width": 65, "innerHeight": 25, "offset": {"top": 276, "left": 10}, "position": {"top": 276, "left": 10}, "outerHeightWithMargin": 25, "id": "submit", "tabindex": "2"}, "shiftKey": false, "button": 0, "ctrlKey": false, "offsetX": 58, "offsetY": 9, "altKey": false, "metaKey": false, "currentTarget": {"nodeName": "#document", "clientHeight": 668, "height": 668, "clientWidth": 1127, "width": 1127, "offset": {"top": 0, "left": 0}, "offsetHeight": 321, "offsetWidth": 1127, "id": "document"}, "which": 0, "pageY": 285, "pageX": 68, "screenY": 401, "screenX": 122, "timeStamp": 1389164748864, "eventPhase": 3}, "extra": {"selectedText": ""}, "time": 5983.0, "y": 285, "x": 68, "type": "mousemove"}, {"e": {"clientX": 68, "clientY": 285, "delegateTarget": {"nodeName": "#document", "clientHeight": 668, "height": 668, "clientWidth": 1127, "width": 1127, "offset": {"top": 0, "left": 0}, "offsetHeight": 321, "offsetWidth": 1127, "id": "document"}, "target": {"outerHeight": 25, "nodeName": "INPUT", "outerWidthWithMargin": 81, "outerWidth": 81, "innerWidth": 77, "height": 20, "width": 65, "innerHeight": 25, "offset": {"top": 276, "left": 10}, "position": {"top": 276, "left": 10}, "outerHeightWithMargin": 25, "id": "submit", "tabindex": "2"}, "shiftKey": false, "button": 0, "ctrlKey": false, "offsetX": 58, "offsetY": 9, "altKey": false, "metaKey": false, "currentTarget": {"nodeName": "#document", "clientHeight": 668, "height": 668, "clientWidth": 1127, "width": 1127, "offset": {"top": 0, "left": 0}, "offsetHeight": 321, "offsetWidth": 1127, "id": "document"}, "which": 0, "pageY": 285, "pageX": 68, "screenY": 401, "screenX": 122, "timeStamp": 1389164748881, "eventPhase": 3}, "extra": {"selectedText": ""}, "time": 6000.0, "y": 285, "x": 68, "type": "mousemove"}, {"e": {"clientX": 68, "clientY": 285, "delegateTarget": {"nodeName": "#document", "clientHeight": 668, "height": 668, "clientWidth": 1127, "width": 1127, "offset": {"top": 0, "left": 0}, "offsetHeight": 321, "offsetWidth": 1127, "id": "document"}, "target": {"outerHeight": 25, "nodeName": "INPUT", "outerWidthWithMargin": 81, "outerWidth": 81, "innerWidth": 77, "height": 20, "width": 65, "innerHeight": 25, "offset": {"top": 276, "left": 10}, "position": {"top": 276, "left": 10}, "outerHeightWithMargin": 25, "id": "submit", "tabindex": "2"}, "shiftKey": false, "button": 0, "ctrlKey": false, "offsetX": 58, "offsetY": 9, "altKey": false, "metaKey": false, "currentTarget": {"nodeName": "#document", "clientHeight": 668, "height": 668, "clientWidth": 1127, "width": 1127, "offset": {"top": 0, "left": 0}, "offsetHeight": 321, "offsetWidth": 1127, "id": "document"}, "which": 0, "pageY": 285, "pageX": 68, "screenY": 401, "screenX": 122, "timeStamp": 1389164748882, "eventPhase": 3}, "extra": {"selectedText": ""}, "time": 6001.0, "y": 285, "x": 68, "type": "mousemove"}, {"e": {"clientX": 68, "clientY": 283, "delegateTarget": {"nodeName": "#document", "clientHeight": 668, "height": 668, "clientWidth": 1127, "width": 1127, "offset": {"top": 0, "left": 0}, "offsetHeight": 321, "offsetWidth": 1127, "id": "document"}, "target": {"outerHeight": 25, "nodeName": "INPUT", "outerWidthWithMargin": 81, "outerWidth": 81, "innerWidth": 77, "height": 20, "width": 65, "innerHeight": 25, "offset": {"top": 276, "left": 10}, "position": {"top": 276, "left": 10}, "outerHeightWithMargin": 25, "id": "submit", "tabindex": "2"}, "shiftKey": false, "button": 0, "ctrlKey": false, "offsetX": 58, "offsetY": 7, "altKey": false, "metaKey": false, "currentTarget": {"nodeName": "#document", "clientHeight": 668, "height": 668, "clientWidth": 1127, "width": 1127, "offset": {"top": 0, "left": 0}, "offsetHeight": 321, "offsetWidth": 1127, "id": "document"}, "which": 0, "pageY": 283, "pageX": 68, "screenY": 399, "screenX": 122, "timeStamp": 1389164748898, "eventPhase": 3}, "extra": {"selectedText": ""}, "time": 6017.0, "y": 283, "x": 68, "type": "mousemove"}, {"e": {"clientX": 68, "clientY": 283, "delegateTarget": {"nodeName": "#document", "clientHeight": 668, "height": 668, "clientWidth": 1127, "width": 1127, "offset": {"top": 0, "left": 0}, "offsetHeight": 321, "offsetWidth": 1127, "id": "document"}, "target": {"outerHeight": 25, "nodeName": "INPUT", "outerWidthWithMargin": 81, "outerWidth": 81, "innerWidth": 77, "height": 20, "width": 65, "innerHeight": 25, "offset": {"top": 276, "left": 10}, "position": {"top": 276, "left": 10}, "outerHeightWithMargin": 25, "id": "submit", "tabindex": "2"}, "shiftKey": false, "button": 0, "ctrlKey": false, "offsetX": 58, "offsetY": 7, "altKey": false, "metaKey": false, "currentTarget": {"nodeName": "#document", "clientHeight": 668, "height": 668, "clientWidth": 1127, "width": 1127, "offset": {"top": 0, "left": 0}, "offsetHeight": 321, "offsetWidth": 1127, "id": "document"}, "which": 0, "pageY": 283, "pageX": 68, "screenY": 399, "screenX": 122, "timeStamp": 1389164748899, "eventPhase": 3}, "extra": {"selectedText": ""}, "time": 6018.0, "y": 283, "x": 68, "type": "mousemove"}, {"e": {"clientX": 66, "clientY": 283, "delegateTarget": {"nodeName": "#document", "clientHeight": 668, "height": 668, "clientWidth": 1127, "width": 1127, "offset": {"top": 0, "left": 0}, "offsetHeight": 321, "offsetWidth": 1127, "id": "document"}, "target": {"outerHeight": 25, "nodeName": "INPUT", "outerWidthWithMargin": 81, "outerWidth": 81, "innerWidth": 77, "height": 20, "width": 65, "innerHeight": 25, "offset": {"top": 276, "left": 10}, "position": {"top": 276, "left": 10}, "outerHeightWithMargin": 25, "id": "submit", "tabindex": "2"}, "shiftKey": false, "button": 0, "ctrlKey": false, "offsetX": 56, "offsetY": 7, "altKey": false, "metaKey": false, "currentTarget": {"nodeName": "#document", "clientHeight": 668, "height": 668, "clientWidth": 1127, "width": 1127, "offset": {"top": 0, "left": 0}, "offsetHeight": 321, "offsetWidth": 1127, "id": "document"}, "which": 0, "pageY": 283, "pageX": 66, "screenY": 399, "screenX": 120, "timeStamp": 1389164748914, "eventPhase": 3}, "extra": {"selectedText": ""}, "time": 6033.0, "y": 283, "x": 66, "type": "mousemove"}, {"e": {"clientX": 66, "clientY": 283, "delegateTarget": {"nodeName": "#document", "clientHeight": 668, "height": 668, "clientWidth": 1127, "width": 1127, "offset": {"top": 0, "left": 0}, "offsetHeight": 321, "offsetWidth": 1127, "id": "document"}, "target": {"outerHeight": 25, "nodeName": "INPUT", "outerWidthWithMargin": 81, "outerWidth": 81, "innerWidth": 77, "height": 20, "width": 65, "innerHeight": 25, "offset": {"top": 276, "left": 10}, "position": {"top": 276, "left": 10}, "outerHeightWithMargin": 25, "id": "submit", "tabindex": "2"}, "shiftKey": false, "button": 0, "ctrlKey": false, "offsetX": 56, "offsetY": 7, "altKey": false, "metaKey": false, "currentTarget": {"nodeName": "#document", "clientHeight": 668, "height": 668, "clientWidth": 1127, "width": 1127, "offset": {"top": 0, "left": 0}, "offsetHeight": 321, "offsetWidth": 1127, "id": "document"}, "which": 0, "pageY": 283, "pageX": 66, "screenY": 399, "screenX": 120, "timeStamp": 1389164748915, "eventPhase": 3}, "extra": {"selectedText": ""}, "time": 6034.0, "y": 283, "x": 66, "type": "mousemove"}, {"e": {"clientX": 65, "clientY": 283, "delegateTarget": {"nodeName": "#document", "clientHeight": 668, "height": 668, "clientWidth": 1127, "width": 1127, "offset": {"top": 0, "left": 0}, "offsetHeight": 321, "offsetWidth": 1127, "id": "document"}, "target": {"outerHeight": 25, "nodeName": "INPUT", "outerWidthWithMargin": 81, "outerWidth": 81, "innerWidth": 77, "height": 20, "width": 65, "innerHeight": 25, "offset": {"top": 276, "left": 10}, "position": {"top": 276, "left": 10}, "outerHeightWithMargin": 25, "id": "submit", "tabindex": "2"}, "shiftKey": false, "button": 0, "ctrlKey": false, "offsetX": 55, "offsetY": 7, "altKey": false, "metaKey": false, "currentTarget": {"nodeName": "#document", "clientHeight": 668, "height": 668, "clientWidth": 1127, "width": 1127, "offset": {"top": 0, "left": 0}, "offsetHeight": 321, "offsetWidth": 1127, "id": "document"}, "which": 0, "pageY": 283, "pageX": 65, "screenY": 399, "screenX": 119, "timeStamp": 1389164748931, "eventPhase": 3}, "extra": {"selectedText": ""}, "time": 6050.0, "y": 283, "x": 65, "type": "mousemove"}, {"e": {"clientX": 65, "clientY": 283, "delegateTarget": {"nodeName": "#document", "clientHeight": 668, "height": 668, "clientWidth": 1127, "width": 1127, "offset": {"top": 0, "left": 0}, "offsetHeight": 321, "offsetWidth": 1127, "id": "document"}, "target": {"outerHeight": 25, "nodeName": "INPUT", "outerWidthWithMargin": 81, "outerWidth": 81, "innerWidth": 77, "height": 20, "width": 65, "innerHeight": 25, "offset": {"top": 276, "left": 10}, "position": {"top": 276, "left": 10}, "outerHeightWithMargin": 25, "id": "submit", "tabindex": "2"}, "shiftKey": false, "button": 0, "ctrlKey": false, "offsetX": 55, "offsetY": 7, "altKey": false, "metaKey": false, "currentTarget": {"nodeName": "#document", "clientHeight": 668, "height": 668, "clientWidth": 1127, "width": 1127, "offset": {"top": 0, "left": 0}, "offsetHeight": 321, "offsetWidth": 1127, "id": "document"}, "which": 0, "pageY": 283, "pageX": 65, "screenY": 399, "screenX": 119, "timeStamp": 1389164748932, "eventPhase": 3}, "extra": {"selectedText": ""}, "time": 6051.0, "y": 283, "x": 65, "type": "mousemove"}, {"e": {"clientX": 64, "clientY": 282, "delegateTarget": {"nodeName": "#document", "clientHeight": 668, "height": 668, "clientWidth": 1127, "width": 1127, "offset": {"top": 0, "left": 0}, "offsetHeight": 321, "offsetWidth": 1127, "id": "document"}, "target": {"outerHeight": 25, "nodeName": "INPUT", "outerWidthWithMargin": 81, "outerWidth": 81, "innerWidth": 77, "height": 20, "width": 65, "innerHeight": 25, "offset": {"top": 276, "left": 10}, "position": {"top": 276, "left": 10}, "outerHeightWithMargin": 25, "id": "submit", "tabindex": "2"}, "shiftKey": false, "button": 0, "ctrlKey": false, "offsetX": 54, "offsetY": 6, "altKey": false, "metaKey": false, "currentTarget": {"nodeName": "#document", "clientHeight": 668, "height": 668, "clientWidth": 1127, "width": 1127, "offset": {"top": 0, "left": 0}, "offsetHeight": 321, "offsetWidth": 1127, "id": "document"}, "which": 0, "pageY": 282, "pageX": 64, "screenY": 398, "screenX": 118, "timeStamp": 1389164748950, "eventPhase": 3}, "extra": {"selectedText": ""}, "time": 6069.0, "y": 282, "x": 64, "type": "mousemove"}, {"e": {"clientX": 64, "clientY": 282, "delegateTarget": {"nodeName": "#document", "clientHeight": 668, "height": 668, "clientWidth": 1127, "width": 1127, "offset": {"top": 0, "left": 0}, "offsetHeight": 321, "offsetWidth": 1127, "id": "document"}, "target": {"outerHeight": 25, "nodeName": "INPUT", "outerWidthWithMargin": 81, "outerWidth": 81, "innerWidth": 77, "height": 20, "width": 65, "innerHeight": 25, "offset": {"top": 276, "left": 10}, "position": {"top": 276, "left": 10}, "outerHeightWithMargin": 25, "id": "submit", "tabindex": "2"}, "shiftKey": false, "button": 0, "ctrlKey": false, "offsetX": 54, "offsetY": 6, "altKey": false, "metaKey": false, "currentTarget": {"nodeName": "#document", "clientHeight": 668, "height": 668, "clientWidth": 1127, "width": 1127, "offset": {"top": 0, "left": 0}, "offsetHeight": 321, "offsetWidth": 1127, "id": "document"}, "which": 0, "pageY": 282, "pageX": 64, "screenY": 398, "screenX": 118, "timeStamp": 1389164748951, "eventPhase": 3}, "extra": {"selectedText": ""}, "time": 6070.0, "y": 282, "x": 64, "type": "mousemove"}, {"e": {"clientX": 63, "clientY": 282, "delegateTarget": {"nodeName": "#document", "clientHeight": 668, "height": 668, "clientWidth": 1127, "width": 1127, "offset": {"top": 0, "left": 0}, "offsetHeight": 321, "offsetWidth": 1127, "id": "document"}, "target": {"outerHeight": 25, "nodeName": "INPUT", "outerWidthWithMargin": 81, "outerWidth": 81, "innerWidth": 77, "height": 20, "width": 65, "innerHeight": 25, "offset": {"top": 276, "left": 10}, "position": {"top": 276, "left": 10}, "outerHeightWithMargin": 25, "id": "submit", "tabindex": "2"}, "shiftKey": false, "button": 0, "ctrlKey": false, "offsetX": 53, "offsetY": 6, "altKey": false, "metaKey": false, "currentTarget": {"nodeName": "#document", "clientHeight": 668, "height": 668, "clientWidth": 1127, "width": 1127, "offset": {"top": 0, "left": 0}, "offsetHeight": 321, "offsetWidth": 1127, "id": "document"}, "which": 0, "pageY": 282, "pageX": 63, "screenY": 398, "screenX": 117, "timeStamp": 1389164748970, "eventPhase": 3}, "extra": {"selectedText": ""}, "time": 6089.0, "y": 282, "x": 63, "type": "mousemove"}, {"e": {"clientX": 63, "clientY": 282, "delegateTarget": {"nodeName": "#document", "clientHeight": 668, "height": 668, "clientWidth": 1127, "width": 1127, "offset": {"top": 0, "left": 0}, "offsetHeight": 321, "offsetWidth": 1127, "id": "document"}, "target": {"outerHeight": 25, "nodeName": "INPUT", "outerWidthWithMargin": 81, "outerWidth": 81, "innerWidth": 77, "height": 20, "width": 65, "innerHeight": 25, "offset": {"top": 276, "left": 10}, "position": {"top": 276, "left": 10}, "outerHeightWithMargin": 25, "id": "submit", "tabindex": "2"}, "shiftKey": false, "button": 0, "ctrlKey": false, "offsetX": 53, "offsetY": 6, "altKey": false, "metaKey": false, "currentTarget": {"nodeName": "#document", "clientHeight": 668, "height": 668, "clientWidth": 1127, "width": 1127, "offset": {"top": 0, "left": 0}, "offsetHeight": 321, "offsetWidth": 1127, "id": "document"}, "which": 0, "pageY": 282, "pageX": 63, "screenY": 398, "screenX": 117, "timeStamp": 1389164748971, "eventPhase": 3}, "extra": {"selectedText": ""}, "time": 6090.0, "y": 282, "x": 63, "type": "mousemove"}, {"e": {"clientX": 62, "clientY": 282, "delegateTarget": {"nodeName": "#document", "clientHeight": 668, "height": 668, "clientWidth": 1127, "width": 1127, "offset": {"top": 0, "left": 0}, "offsetHeight": 321, "offsetWidth": 1127, "id": "document"}, "target": {"outerHeight": 25, "nodeName": "INPUT", "outerWidthWithMargin": 81, "outerWidth": 81, "innerWidth": 77, "height": 20, "width": 65, "innerHeight": 25, "offset": {"top": 276, "left": 10}, "position": {"top": 276, "left": 10}, "outerHeightWithMargin": 25, "id": "submit", "tabindex": "2"}, "shiftKey": false, "button": 0, "ctrlKey": false, "offsetX": 52, "offsetY": 6, "altKey": false, "metaKey": false, "currentTarget": {"nodeName": "#document", "clientHeight": 668, "height": 668, "clientWidth": 1127, "width": 1127, "offset": {"top": 0, "left": 0}, "offsetHeight": 321, "offsetWidth": 1127, "id": "document"}, "which": 0, "pageY": 282, "pageX": 62, "screenY": 398, "screenX": 116, "timeStamp": 1389164749027, "eventPhase": 3}, "extra": {"selectedText": ""}, "time": 6146.0, "y": 282, "x": 62, "type": "mousemove"}, {"e": {"clientX": 62, "clientY": 282, "delegateTarget": {"nodeName": "#document", "clientHeight": 668, "height": 668, "clientWidth": 1127, "width": 1127, "offset": {"top": 0, "left": 0}, "offsetHeight": 321, "offsetWidth": 1127, "id": "document"}, "target": {"outerHeight": 25, "nodeName": "INPUT", "outerWidthWithMargin": 81, "outerWidth": 81, "innerWidth": 77, "height": 20, "width": 65, "innerHeight": 25, "offset": {"top": 276, "left": 10}, "position": {"top": 276, "left": 10}, "outerHeightWithMargin": 25, "id": "submit", "tabindex": "2"}, "shiftKey": false, "button": 0, "ctrlKey": false, "offsetX": 52, "offsetY": 6, "altKey": false, "metaKey": false, "currentTarget": {"nodeName": "#document", "clientHeight": 668, "height": 668, "clientWidth": 1127, "width": 1127, "offset": {"top": 0, "left": 0}, "offsetHeight": 321, "offsetWidth": 1127, "id": "document"}, "which": 0, "pageY": 282, "pageX": 62, "screenY": 398, "screenX": 116, "timeStamp": 1389164749028, "eventPhase": 3}, "extra": {"selectedText": ""}, "time": 6147.0, "y": 282, "x": 62, "type": "mousemove"}, {"e": {"clientX": 62, "clientY": 283, "delegateTarget": {"nodeName": "#document", "clientHeight": 668, "height": 668, "clientWidth": 1127, "width": 1127, "offset": {"top": 0, "left": 0}, "offsetHeight": 321, "offsetWidth": 1127, "id": "document"}, "target": {"outerHeight": 25, "nodeName": "INPUT", "outerWidthWithMargin": 81, "outerWidth": 81, "innerWidth": 77, "height": 20, "width": 65, "innerHeight": 25, "offset": {"top": 276, "left": 10}, "position": {"top": 276, "left": 10}, "outerHeightWithMargin": 25, "id": "submit", "tabindex": "2"}, "shiftKey": false, "button": 0, "ctrlKey": false, "offsetX": 52, "offsetY": 7, "altKey": false, "metaKey": false, "currentTarget": {"nodeName": "#document", "clientHeight": 668, "height": 668, "clientWidth": 1127, "width": 1127, "offset": {"top": 0, "left": 0}, "offsetHeight": 321, "offsetWidth": 1127, "id": "document"}, "which": 0, "pageY": 283, "pageX": 62, "screenY": 399, "screenX": 116, "timeStamp": 1389164749061, "eventPhase": 3}, "extra": {"selectedText": ""}, "time": 6180.0, "y": 283, "x": 62, "type": "mousemove"}, {"e": {"clientX": 62, "clientY": 283, "delegateTarget": {"nodeName": "#document", "clientHeight": 668, "height": 668, "clientWidth": 1127, "width": 1127, "offset": {"top": 0, "left": 0}, "offsetHeight": 321, "offsetWidth": 1127, "id": "document"}, "target": {"outerHeight": 25, "nodeName": "INPUT", "outerWidthWithMargin": 81, "outerWidth": 81, "innerWidth": 77, "height": 20, "width": 65, "innerHeight": 25, "offset": {"top": 276, "left": 10}, "position": {"top": 276, "left": 10}, "outerHeightWithMargin": 25, "id": "submit", "tabindex": "2"}, "shiftKey": false, "button": 0, "ctrlKey": false, "offsetX": 52, "offsetY": 7, "altKey": false, "metaKey": false, "currentTarget": {"nodeName": "#document", "clientHeight": 668, "height": 668, "clientWidth": 1127, "width": 1127, "offset": {"top": 0, "left": 0}, "offsetHeight": 321, "offsetWidth": 1127, "id": "document"}, "which": 0, "pageY": 283, "pageX": 62, "screenY": 399, "screenX": 116, "timeStamp": 1389164749062, "eventPhase": 3}, "extra": {"selectedText": ""}, "time": 6181.0, "y": 283, "x": 62, "type": "mousemove"}], "init_event": [{"type": "init", "time": 0.0, "e": {"delegateTarget": {"screenX": 54, "outerWidth": 1127, "innerWidth": 1127, "height": 668, "width": 1127, "innerHeight": 668, "offset": {"top": 0, "left": 0}, "screenY": 22, "outerHeight": 778, "id": "window"}, "timeStamp": 1389164742881, "target": {"screenX": 54, "outerWidth": 1127, "innerWidth": 1127, "height": 668, "width": 1127, "innerHeight": 668, "offset": {"top": 0, "left": 0}, "screenY": 22, "outerHeight": 778, "id": "window"}, "currentTarget": {"screenX": 54, "outerWidth": 1127, "innerWidth": 1127, "height": 668, "width": 1127, "innerHeight": 668, "offset": {"top": 0, "left": 0}, "screenY": 22, "outerHeight": 778, "id": "window"}, "eventPhase": 2}, "extra": {"body": {"outerWidth": 1127, "innerWidth": 1127, "outerHeight": 301, "height": 291, "width": 1117, "innerHeight": 301, "offset": {"top": 0, "left": 0}, "outerWidthWithMargin": 1127, "outerHeightWithMargin": 301}, "scrollOffset": {"pageYOffset": 0, "pageXOffset": 0}, "screen": {"pixelDepth": 24, "width": 1280, "availHeight": 778, "height": 800, "availWidth": 1225, "colorDepth": 24}, "zoom": {"zoomLevel": 1, "devicePixelRatio": 1}, "window": {"screenX": 54, "outerWidth": 1127, "innerWidth": 1127, "height": 668, "width": 1127, "innerHeight": 668, "offset": {"top": 0, "left": 0}, "screenY": 22, "outerHeight": 778}, "version": 2, "navigator": {"product": "Gecko", "language": "en-us", "appName": "Netscape", "appCodeName": "Mozilla", "cookieEnabled": true, "appVersion": "5.0 (Macintosh; Intel Mac OS X 10_9_1) AppleWebKit/537.73.11 (KHTML, like Gecko) Version/7.0.1 Safari/537.73.11", "platform": "MacIntel", "userAgent": "Mozilla/5.0 (Macintosh; Intel Mac OS X 10_9_1) AppleWebKit/537.73.11 (KHTML, like Gecko) Version/7.0.1 Safari/537.73.11"}, "document": {"clientHeight": 668, "height": 668, "clientWidth": 1127, "width": 1127, "offset": {"top": 0, "left": 0}, "offsetHeight": 321, "offsetWidth": 1127}}}], "misc_event": [{"type": "init", "time": 0.0, "e": {"delegateTarget": {"screenX": 54, "outerWidth": 1127, "innerWidth": 1127, "height": 668, "width": 1127, "innerHeight": 668, "offset": {"top": 0, "left": 0}, "screenY": 22, "outerHeight": 778, "id": "window"}, "timeStamp": 1389164742881, "target": {"screenX": 54, "outerWidth": 1127, "innerWidth": 1127, "height": 668, "width": 1127, "innerHeight": 668, "offset": {"top": 0, "left": 0}, "screenY": 22, "outerHeight": 778, "id": "window"}, "currentTarget": {"screenX": 54, "outerWidth": 1127, "innerWidth": 1127, "height": 668, "width": 1127, "innerHeight": 668, "offset": {"top": 0, "left": 0}, "screenY": 22, "outerHeight": 778, "id": "window"}, "eventPhase": 2}, "extra": {"body": {"outerWidth": 1127, "innerWidth": 1127, "outerHeight": 301, "height": 291, "width": 1117, "innerHeight": 301, "offset": {"top": 0, "left": 0}, "outerWidthWithMargin": 1127, "outerHeightWithMargin": 301}, "scrollOffset": {"pageYOffset": 0, "pageXOffset": 0}, "screen": {"pixelDepth": 24, "width": 1280, "availHeight": 778, "height": 800, "availWidth": 1225, "colorDepth": 24}, "zoom": {"zoomLevel": 1, "devicePixelRatio": 1}, "window": {"screenX": 54, "outerWidth": 1127, "innerWidth": 1127, "height": 668, "width": 1127, "innerHeight": 668, "offset": {"top": 0, "left": 0}, "screenY": 22, "outerHeight": 778}, "version": 2, "navigator": {"product": "Gecko", "language": "en-us", "appName": "Netscape", "appCodeName": "Mozilla", "cookieEnabled": true, "appVersion": "5.0 (Macintosh; Intel Mac OS X 10_9_1) AppleWebKit/537.73.11 (KHTML, like Gecko) Version/7.0.1 Safari/537.73.11", "platform": "MacIntel", "userAgent": "Mozilla/5.0 (Macintosh; Intel Mac OS X 10_9_1) AppleWebKit/537.73.11 (KHTML, like Gecko) Version/7.0.1 Safari/537.73.11"}, "document": {"clientHeight": 668, "height": 668, "clientWidth": 1127, "width": 1127, "offset": {"top": 0, "left": 0}, "offsetHeight": 321, "offsetWidth": 1127}}}, {"type": "focus", "time": 1.0, "e": {"delegateTarget": {"screenX": 54, "outerWidth": 1127, "innerWidth": 1127, "height": 668, "width": 1127, "innerHeight": 668, "offset": {"top": 0, "left": 0}, "screenY": 22, "outerHeight": 778, "id": "window"}, "timeStamp": 1389164742882, "target": {"screenX": 54, "outerWidth": 1127, "innerWidth": 1127, "height": 668, "width": 1127, "innerHeight": 668, "offset": {"top": 0, "left": 0}, "screenY": 22, "outerHeight": 778, "id": "window"}, "currentTarget": {"screenX": 54, "outerWidth": 1127, "innerWidth": 1127, "height": 668, "width": 1127, "innerHeight": 668, "offset": {"top": 0, "left": 0}, "screenY": 22, "outerHeight": 778, "id": "window"}, "eventPhase": 2}, "extra": {"body": {"outerWidth": 1127, "innerWidth": 1127, "outerHeight": 301, "height": 291, "width": 1117, "innerHeight": 301, "offset": {"top": 0, "left": 0}, "outerWidthWithMargin": 1127, "outerHeightWithMargin": 301}, "window": {"screenX": 54, "outerWidth": 1127, "innerWidth": 1127, "height": 668, "width": 1127, "innerHeight": 668, "offset": {"top": 0, "left": 0}, "screenY": 22, "outerHeight": 778}, "document": {"clientHeight": 668, "height": 668, "clientWidth": 1127, "width": 1127, "offset": {"top": 0, "left": 0}, "offsetHeight": 321, "offsetWidth": 1127}}}, {"type": "mouseenter", "time": 130.0, "e": {"clientX": 142, "clientY": 212, "delegateTarget": {"nodeName": "#document", "clientHeight": 668, "height": 668, "clientWidth": 1127, "width": 1127, "offset": {"top": 0, "left": 0}, "offsetHeight": 321, "offsetWidth": 1127, "id": "document"}, "target": {"outerHeight": 30, "nodeName": "SELECT", "parent": {"outerHeight": 291, "nodeName": "DIV", "outerWidthWithMargin": 1117, "outerWidth": 1117, "innerWidth": 1117, "height": 291, "width": 1117, "innerHeight": 291, "offset": {"top": 10, "left": 10}, "position": {"top": 10, "left": 10}, "outerHeightWithMargin": 291, "id": "page3"}, "outerWidthWithMargin": 150, "outerWidth": 150, "innerWidth": 148, "height": 28, "width": 148, "innerHeight": 28, "offset": {"top": 194, "left": 10}, "id": "select1", "position": {"top": 194, "left": 10}, "outerHeightWithMargin": 40, "class": "input-medium", "tabindex": "1"}, "shiftKey": false, "button": 0, "ctrlKey": false, "offsetX": 132, "offsetY": 18, "altKey": false, "metaKey": false, "currentTarget": {"nodeName": "#document", "clientHeight": 668, "height": 668, "clientWidth": 1127, "width": 1127, "offset": {"top": 0, "left": 0}, "offsetHeight": 321, "offsetWidth": 1127, "id": "document"}, "which": 0, "pageY": 212, "pageX": 142, "screenY": 328, "screenX": 196, "timeStamp": 1389164743011, "eventPhase": 3}, "extra": {}}, {"e": {"clientX": 142, "clientY": 212, "delegateTarget": {"nodeName": "#document", "clientHeight": 668, "height": 668, "clientWidth": 1127, "width": 1127, "offset": {"top": 0, "left": 0}, "offsetHeight": 321, "offsetWidth": 1127, "id": "document"}, "target": {"outerHeight": 30, "nodeName": "SELECT", "parent": {"outerHeight": 291, "nodeName": "DIV", "outerWidthWithMargin": 1117, "outerWidth": 1117, "innerWidth": 1117, "height": 291, "width": 1117, "innerHeight": 291, "offset": {"top": 10, "left": 10}, "position": {"top": 10, "left": 10}, "outerHeightWithMargin": 291, "id": "page3"}, "outerWidthWithMargin": 150, "outerWidth": 150, "innerWidth": 148, "height": 28, "width": 148, "innerHeight": 28, "offset": {"top": 194, "left": 10}, "id": "select1", "position": {"top": 194, "left": 10}, "outerHeightWithMargin": 40, "class": "input-medium", "tabindex": "1"}, "shiftKey": false, "button": 0, "ctrlKey": false, "offsetX": 132, "offsetY": 18, "altKey": false, "metaKey": false, "currentTarget": {"nodeName": "#document", "clientHeight": 668, "height": 668, "clientWidth": 1127, "width": 1127, "offset": {"top": 0, "left": 0}, "offsetHeight": 321, "offsetWidth": 1127, "id": "document"}, "which": 0, "pageY": 212, "pageX": 142, "screenY": 328, "screenX": 196, "timeStamp": 1389164743013, "eventPhase": 3}, "extra": {"selectedText": ""}, "time": 132.0, "y": 212, "x": 142, "type": "mousemove"}, {"type": "mousedown", "time": 590.0, "e": {"clientX": 142, "clientY": 212, "delegateTarget": {"nodeName": "#document", "clientHeight": 668, "height": 668, "clientWidth": 1127, "width": 1127, "offset": {"top": 0, "left": 0}, "offsetHeight": 321, "offsetWidth": 1127, "id": "document"}, "target": {"outerHeight": 30, "nodeName": "SELECT", "parent": {"outerHeight": 291, "nodeName": "DIV", "outerWidthWithMargin": 1117, "outerWidth": 1117, "innerWidth": 1117, "height": 291, "width": 1117, "innerHeight": 291, "offset": {"top": 10, "left": 10}, "position": {"top": 10, "left": 10}, "outerHeightWithMargin": 291, "id": "page3"}, "outerWidthWithMargin": 150, "outerWidth": 150, "innerWidth": 148, "height": 28, "width": 148, "innerHeight": 28, "offset": {"top": 194, "left": 10}, "id": "select1", "position": {"top": 194, "left": 10}, "outerHeightWithMargin": 40, "class": "input-medium", "tabindex": "1"}, "shiftKey": false, "button": 0, "ctrlKey": false, "offsetX": 132, "offsetY": 18, "altKey": false, "metaKey": false, "currentTarget": {"nodeName": "#document", "clientHeight": 668, "height": 668, "clientWidth": 1127, "width": 1127, "offset": {"top": 0, "left": 0}, "offsetHeight": 321, "offsetWidth": 1127, "id": "document"}, "which": 1, "pageY": 212, "pageX": 142, "screenY": 328, "screenX": 196, "timeStamp": 1389164743471, "eventPhase": 3}, "extra": {}}, {"type": "focusin", "time": 594.0, "e": {"target": {"outerHeight": 30, "nodeName": "SELECT", "parent": {"outerHeight": 291, "nodeName": "DIV", "outerWidthWithMargin": 1117, "outerWidth": 1117, "innerWidth": 1117, "height": 291, "width": 1117, "innerHeight": 291, "offset": {"top": 10, "left": 10}, "position": {"top": 10, "left": 10}, "outerHeightWithMargin": 291, "id": "page3"}, "outerWidthWithMargin": 150, "outerWidth": 150, "innerWidth": 148, "height": 28, "width": 148, "innerHeight": 28, "offset": {"top": 194, "left": 10}, "id": "select1", "position": {"top": 194, "left": 10}, "outerHeightWithMargin": 40, "class": "input-medium", "tabindex": "1"}, "timeStamp": 1389164743475, "delegateTarget": {"nodeName": "#document", "clientHeight": 668, "height": 668, "clientWidth": 1127, "width": 1127, "offset": {"top": 0, "left": 0}, "offsetHeight": 321, "offsetWidth": 1127, "id": "document"}, "currentTarget": {"nodeName": "#document", "clientHeight": 668, "height": 668, "clientWidth": 1127, "width": 1127, "offset": {"top": 0, "left": 0}, "offsetHeight": 321, "offsetWidth": 1127, "id": "document"}, "which": 0, "eventPhase": 1}, "extra": {"body": {"outerWidth": 1127, "innerWidth": 1127, "outerHeight": 301, "height": 291, "width": 1117, "innerHeight": 301, "offset": {"top": 0, "left": 0}, "outerWidthWithMargin": 1127, "outerHeightWithMargin": 301}, "window": {"screenX": 54, "outerWidth": 1127, "innerWidth": 1127, "height": 668, "width": 1127, "innerHeight": 668, "offset": {"top": 0, "left": 0}, "screenY": 22, "outerHeight": 778}, "document": {"clientHeight": 668, "height": 668, "clientWidth": 1127, "width": 1127, "offset": {"top": 0, "left": 0}, "offsetHeight": 321, "offsetWidth": 1127}}}, {"e": {"clientX": 106, "clientY": 293, "delegateTarget": {"nodeName": "#document", "clientHeight": 668, "height": 668, "clientWidth": 1127, "width": 1127, "offset": {"top": 0, "left": 0}, "offsetHeight": 321, "offsetWidth": 1127, "id": "document"}, "target": {"outerHeight": 16, "nodeName": "FONT", "outerWidthWithMargin": 265, "outerWidth": 265, "innerWidth": 265, "height": 16, "width": 265, "innerHeight": 16, "offset": {"top": 278, "left": 94.8896484375}, "position": {"top": 278, "left": 94.8896484375}, "outerHeightWithMargin": 16, "id": "font1"}, "shiftKey": false, "button": 0, "ctrlKey": false, "offsetX": 96, "offsetY": 17, "altKey": false, "metaKey": false, "currentTarget": {"nodeName": "#document", "clientHeight": 668, "height": 668, "clientWidth": 1127, "width": 1127, "offset": {"top": 0, "left": 0}, "offsetHeight": 321, "offsetWidth": 1127, "id": "document"}, "which": 0, "pageY": 293, "pageX": 106, "screenY": 409, "screenX": 160, "timeStamp": 1389164748668, "eventPhase": 3}, "extra": {"selectedText": ""}, "time": 5787.0, "y": 293, "x": 106, "type": "mousemove"}, {"type": "mouseup", "time": 5789.0, "e": {"clientX": 142, "clientY": 212, "delegateTarget": {"nodeName": "#document", "clientHeight": 668, "height": 668, "clientWidth": 1127, "width": 1127, "offset": {"top": 0, "left": 0}, "offsetHeight": 321, "offsetWidth": 1127, "id": "document"}, "target": {"outerHeight": 30, "nodeName": "SELECT", "parent": {"outerHeight": 291, "nodeName": "DIV", "outerWidthWithMargin": 1117, "outerWidth": 1117, "innerWidth": 1117, "height": 291, "width": 1117, "innerHeight": 291, "offset": {"top": 10, "left": 10}, "position": {"top": 10, "left": 10}, "outerHeightWithMargin": 291, "id": "page3"}, "outerWidthWithMargin": 150, "outerWidth": 150, "innerWidth": 148, "height": 28, "width": 148, "innerHeight": 28, "offset": {"top": 194, "left": 10}, "id": "select1", "position": {"top": 194, "left": 10}, "outerHeightWithMargin": 40, "class": "input-medium", "tabindex": "1"}, "shiftKey": false, "button": 0, "ctrlKey": false, "offsetX": 132, "offsetY": 18, "altKey": false, "metaKey": false, "currentTarget": {"nodeName": "#document", "clientHeight": 668, "height": 668, "clientWidth": 1127, "width": 1127, "offset": {"top": 0, "left": 0}, "offsetHeight": 321, "offsetWidth": 1127, "id": "document"}, "which": 1, "pageY": 212, "pageX": 142, "screenY": 328, "screenX": 196, "timeStamp": 1389164748670, "eventPhase": 3}, "extra": {"selectedText": ""}}, {"e": {"clientX": 142, "clientY": 212, "delegateTarget": {"nodeName": "#document", "clientHeight": 668, "height": 668, "clientWidth": 1127, "width": 1127, "offset": {"top": 0, "left": 0}, "offsetHeight": 321, "offsetWidth": 1127, "id": "document"}, "target": {"outerHeight": 30, "nodeName": "SELECT", "parent": {"outerHeight": 291, "nodeName": "DIV", "outerWidthWithMargin": 1117, "outerWidth": 1117, "innerWidth": 1117, "height": 291, "width": 1117, "innerHeight": 291, "offset": {"top": 10, "left": 10}, "position": {"top": 10, "left": 10}, "outerHeightWithMargin": 291, "id": "page3"}, "outerWidthWithMargin": 150, "outerWidth": 150, "innerWidth": 148, "height": 28, "width": 148, "innerHeight": 28, "offset": {"top": 194, "left": 10}, "id": "select1", "position": {"top": 194, "left": 10}, "outerHeightWithMargin": 40, "class": "input-medium", "tabindex": "1"}, "shiftKey": false, "button": 0, "ctrlKey": false, "offsetX": 132, "offsetY": 18, "altKey": false, "metaKey": false, "currentTarget": {"nodeName": "#document", "clientHeight": 668, "height": 668, "clientWidth": 1127, "width": 1127, "offset": {"top": 0, "left": 0}, "offsetHeight": 321, "offsetWidth": 1127, "id": "document"}, "which": 1, "pageY": 212, "pageX": 142, "screenY": 328, "screenX": 196, "timeStamp": 1389164748676, "eventPhase": 3}, "extra": {"selectedText": ""}, "time": 5795.0, "y": 212, "x": 142, "type": "click"}, {"e": {"clientX": 106, "clientY": 293, "delegateTarget": {"nodeName": "#document", "clientHeight": 668, "height": 668, "clientWidth": 1127, "width": 1127, "offset": {"top": 0, "left": 0}, "offsetHeight": 321, "offsetWidth": 1127, "id": "document"}, "target": {"outerHeight": 16, "nodeName": "FONT", "outerWidthWithMargin": 265, "outerWidth": 265, "innerWidth": 265, "height": 16, "width": 265, "innerHeight": 16, "offset": {"top": 278, "left": 94.8896484375}, "position": {"top": 278, "left": 94.8896484375}, "outerHeightWithMargin": 16, "id": "font1"}, "shiftKey": false, "button": 0, "ctrlKey": false, "offsetX": 96, "offsetY": 17, "altKey": false, "metaKey": false, "currentTarget": {"nodeName": "#document", "clientHeight": 668, "height": 668, "clientWidth": 1127, "width": 1127, "offset": {"top": 0, "left": 0}, "offsetHeight": 321, "offsetWidth": 1127, "id": "document"}, "which": 0, "pageY": 293, "pageX": 106, "screenY": 409, "screenX": 160, "timeStamp": 1389164748682, "eventPhase": 3}, "extra": {"selectedText": ""}, "time": 5801.0, "y": 293, "x": 106, "type": "mousemove"}, {"e": {"clientX": 103, "clientY": 293, "delegateTarget": {"nodeName": "#document", "clientHeight": 668, "height": 668, "clientWidth": 1127, "width": 1127, "offset": {"top": 0, "left": 0}, "offsetHeight": 321, "offsetWidth": 1127, "id": "document"}, "target": {"outerHeight": 16, "nodeName": "FONT", "outerWidthWithMargin": 265, "outerWidth": 265, "innerWidth": 265, "height": 16, "width": 265, "innerHeight": 16, "offset": {"top": 278, "left": 94.8896484375}, "position": {"top": 278, "left": 94.8896484375}, "outerHeightWithMargin": 16, "id": "font1"}, "shiftKey": false, "button": 0, "ctrlKey": false, "offsetX": 93, "offsetY": 17, "altKey": false, "metaKey": false, "currentTarget": {"nodeName": "#document", "clientHeight": 668, "height": 668, "clientWidth": 1127, "width": 1127, "offset": {"top": 0, "left": 0}, "offsetHeight": 321, "offsetWidth": 1127, "id": "document"}, "which": 0, "pageY": 293, "pageX": 103, "screenY": 409, "screenX": 157, "timeStamp": 1389164748724, "eventPhase": 3}, "extra": {"selectedText": ""}, "time": 5843.0, "y": 293, "x": 103, "type": "mousemove"}, {"e": {"clientX": 103, "clientY": 293, "delegateTarget": {"nodeName": "#document", "clientHeight": 668, "height": 668, "clientWidth": 1127, "width": 1127, "offset": {"top": 0, "left": 0}, "offsetHeight": 321, "offsetWidth": 1127, "id": "document"}, "target": {"outerHeight": 16, "nodeName": "FONT", "outerWidthWithMargin": 265, "outerWidth": 265, "innerWidth": 265, "height": 16, "width": 265, "innerHeight": 16, "offset": {"top": 278, "left": 94.8896484375}, "position": {"top": 278, "left": 94.8896484375}, "outerHeightWithMargin": 16, "id": "font1"}, "shiftKey": false, "button": 0, "ctrlKey": false, "offsetX": 93, "offsetY": 17, "altKey": false, "metaKey": false, "currentTarget": {"nodeName": "#document", "clientHeight": 668, "height": 668, "clientWidth": 1127, "width": 1127, "offset": {"top": 0, "left": 0}, "offsetHeight": 321, "offsetWidth": 1127, "id": "document"}, "which": 0, "pageY": 293, "pageX": 103, "screenY": 409, "screenX": 157, "timeStamp": 1389164748726, "eventPhase": 3}, "extra": {"selectedText": ""}, "time": 5845.0, "y": 293, "x": 103, "type": "mousemove"}, {"e": {"clientX": 100, "clientY": 293, "delegateTarget": {"nodeName": "#document", "clientHeight": 668, "height": 668, "clientWidth": 1127, "width": 1127, "offset": {"top": 0, "left": 0}, "offsetHeight": 321, "offsetWidth": 1127, "id": "document"}, "target": {"outerHeight": 16, "nodeName": "FONT", "outerWidthWithMargin": 265, "outerWidth": 265, "innerWidth": 265, "height": 16, "width": 265, "innerHeight": 16, "offset": {"top": 278, "left": 94.8896484375}, "position": {"top": 278, "left": 94.8896484375}, "outerHeightWithMargin": 16, "id": "font1"}, "shiftKey": false, "button": 0, "ctrlKey": false, "offsetX": 90, "offsetY": 17, "altKey": false, "metaKey": false, "currentTarget": {"nodeName": "#document", "clientHeight": 668, "height": 668, "clientWidth": 1127, "width": 1127, "offset": {"top": 0, "left": 0}, "offsetHeight": 321, "offsetWidth": 1127, "id": "document"}, "which": 0, "pageY": 293, "pageX": 100, "screenY": 409, "screenX": 154, "timeStamp": 1389164748741, "eventPhase": 3}, "extra": {"selectedText": ""}, "time": 5860.0, "y": 293, "x": 100, "type": "mousemove"}, {"e": {"clientX": 100, "clientY": 293, "delegateTarget": {"nodeName": "#document", "clientHeight": 668, "height": 668, "clientWidth": 1127, "width": 1127, "offset": {"top": 0, "left": 0}, "offsetHeight": 321, "offsetWidth": 1127, "id": "document"}, "target": {"outerHeight": 16, "nodeName": "FONT", "outerWidthWithMargin": 265, "outerWidth": 265, "innerWidth": 265, "height": 16, "width": 265, "innerHeight": 16, "offset": {"top": 278, "left": 94.8896484375}, "position": {"top": 278, "left": 94.8896484375}, "outerHeightWithMargin": 16, "id": "font1"}, "shiftKey": false, "button": 0, "ctrlKey": false, "offsetX": 90, "offsetY": 17, "altKey": false, "metaKey": false, "currentTarget": {"nodeName": "#document", "clientHeight": 668, "height": 668, "clientWidth": 1127, "width": 1127, "offset": {"top": 0, "left": 0}, "offsetHeight": 321, "offsetWidth": 1127, "id": "document"}, "which": 0, "pageY": 293, "pageX": 100, "screenY": 409, "screenX": 154, "timeStamp": 1389164748743, "eventPhase": 3}, "extra": {"selectedText": ""}, "time": 5862.0, "y": 293, "x": 100, "type": "mousemove"}, {"e": {"clientX": 94, "clientY": 292, "delegateTarget": {"nodeName": "#document", "clientHeight": 668, "height": 668, "clientWidth": 1127, "width": 1127, "offset": {"top": 0, "left": 0}, "offsetHeight": 321, "offsetWidth": 1127, "id": "document"}, "target": {"outerHeight": 16, "nodeName": "FONT", "outerWidthWithMargin": 265, "outerWidth": 265, "innerWidth": 265, "height": 16, "width": 265, "innerHeight": 16, "offset": {"top": 278, "left": 94.8896484375}, "position": {"top": 278, "left": 94.8896484375}, "outerHeightWithMargin": 16, "id": "font1"}, "shiftKey": false, "button": 0, "ctrlKey": false, "offsetX": 84, "offsetY": 16, "altKey": false, "metaKey": false, "currentTarget": {"nodeName": "#document", "clientHeight": 668, "height": 668, "clientWidth": 1127, "width": 1127, "offset": {"top": 0, "left": 0}, "offsetHeight": 321, "offsetWidth": 1127, "id": "document"}, "which": 0, "pageY": 292, "pageX": 94, "screenY": 408, "screenX": 148, "timeStamp": 1389164748759, "eventPhase": 3}, "extra": {"selectedText": ""}, "time": 5878.0, "y": 292, "x": 94, "type": "mousemove"}, {"e": {"clientX": 94, "clientY": 292, "delegateTarget": {"nodeName": "#document", "clientHeight": 668, "height": 668, "clientWidth": 1127, "width": 1127, "offset": {"top": 0, "left": 0}, "offsetHeight": 321, "offsetWidth": 1127, "id": "document"}, "target": {"outerHeight": 16, "nodeName": "FONT", "outerWidthWithMargin": 265, "outerWidth": 265, "innerWidth": 265, "height": 16, "width": 265, "innerHeight": 16, "offset": {"top": 278, "left": 94.8896484375}, "position": {"top": 278, "left": 94.8896484375}, "outerHeightWithMargin": 16, "id": "font1"}, "shiftKey": false, "button": 0, "ctrlKey": false, "offsetX": 84, "offsetY": 16, "altKey": false, "metaKey": false, "currentTarget": {"nodeName": "#document", "clientHeight": 668, "height": 668, "clientWidth": 1127, "width": 1127, "offset": {"top": 0, "left": 0}, "offsetHeight": 321, "offsetWidth": 1127, "id": "document"}, "which": 0, "pageY": 292, "pageX": 94, "screenY": 408, "screenX": 148, "timeStamp": 1389164748760, "eventPhase": 3}, "extra": {"selectedText": ""}, "time": 5879.0, "y": 292, "x": 94, "type": "mousemove"}, {"e": {"clientX": 85, "clientY": 291, "delegateTarget": {"nodeName": "#document", "clientHeight": 668, "height": 668, "clientWidth": 1127, "width": 1127, "offset": {"top": 0, "left": 0}, "offsetHeight": 321, "offsetWidth": 1127, "id": "document"}, "target": {"outerHeight": 25, "nodeName": "INPUT", "outerWidthWithMargin": 81, "outerWidth": 81, "innerWidth": 77, "height": 20, "width": 65, "innerHeight": 25, "offset": {"top": 276, "left": 10}, "position": {"top": 276, "left": 10}, "outerHeightWithMargin": 25, "id": "submit", "tabindex": "2"}, "shiftKey": false, "button": 0, "ctrlKey": false, "offsetX": 75, "offsetY": 15, "altKey": false, "metaKey": false, "currentTarget": {"nodeName": "#document", "clientHeight": 668, "height": 668, "clientWidth": 1127, "width": 1127, "offset": {"top": 0, "left": 0}, "offsetHeight": 321, "offsetWidth": 1127, "id": "document"}, "which": 0, "pageY": 291, "pageX": 85, "screenY": 407, "screenX": 139, "timeStamp": 1389164748775, "eventPhase": 3}, "extra": {"selectedText": ""}, "time": 5894.0, "y": 291, "x": 85, "type": "mousemove"}, {"e": {"clientX": 85, "clientY": 291, "delegateTarget": {"nodeName": "#document", "clientHeight": 668, "height": 668, "clientWidth": 1127, "width": 1127, "offset": {"top": 0, "left": 0}, "offsetHeight": 321, "offsetWidth": 1127, "id": "document"}, "target": {"outerHeight": 25, "nodeName": "INPUT", "outerWidthWithMargin": 81, "outerWidth": 81, "innerWidth": 77, "height": 20, "width": 65, "innerHeight": 25, "offset": {"top": 276, "left": 10}, "position": {"top": 276, "left": 10}, "outerHeightWithMargin": 25, "id": "submit", "tabindex": "2"}, "shiftKey": false, "button": 0, "ctrlKey": false, "offsetX": 75, "offsetY": 15, "altKey": false, "metaKey": false, "currentTarget": {"nodeName": "#document", "clientHeight": 668, "height": 668, "clientWidth": 1127, "width": 1127, "offset": {"top": 0, "left": 0}, "offsetHeight": 321, "offsetWidth": 1127, "id": "document"}, "which": 0, "pageY": 291, "pageX": 85, "screenY": 407, "screenX": 139, "timeStamp": 1389164748776, "eventPhase": 3}, "extra": {"selectedText": ""}, "time": 5895.0, "y": 291, "x": 85, "type": "mousemove"}, {"e": {"clientX": 77, "clientY": 289, "delegateTarget": {"nodeName": "#document", "clientHeight": 668, "height": 668, "clientWidth": 1127, "width": 1127, "offset": {"top": 0, "left": 0}, "offsetHeight": 321, "offsetWidth": 1127, "id": "document"}, "target": {"outerHeight": 25, "nodeName": "INPUT", "outerWidthWithMargin": 81, "outerWidth": 81, "innerWidth": 77, "height": 20, "width": 65, "innerHeight": 25, "offset": {"top": 276, "left": 10}, "position": {"top": 276, "left": 10}, "outerHeightWithMargin": 25, "id": "submit", "tabindex": "2"}, "shiftKey": false, "button": 0, "ctrlKey": false, "offsetX": 67, "offsetY": 13, "altKey": false, "metaKey": false, "currentTarget": {"nodeName": "#document", "clientHeight": 668, "height": 668, "clientWidth": 1127, "width": 1127, "offset": {"top": 0, "left": 0}, "offsetHeight": 321, "offsetWidth": 1127, "id": "document"}, "which": 0, "pageY": 289, "pageX": 77, "screenY": 405, "screenX": 131, "timeStamp": 1389164748792, "eventPhase": 3}, "extra": {"selectedText": ""}, "time": 5911.0, "y": 289, "x": 77, "type": "mousemove"}, {"e": {"clientX": 77, "clientY": 289, "delegateTarget": {"nodeName": "#document", "clientHeight": 668, "height": 668, "clientWidth": 1127, "width": 1127, "offset": {"top": 0, "left": 0}, "offsetHeight": 321, "offsetWidth": 1127, "id": "document"}, "target": {"outerHeight": 25, "nodeName": "INPUT", "outerWidthWithMargin": 81, "outerWidth": 81, "innerWidth": 77, "height": 20, "width": 65, "innerHeight": 25, "offset": {"top": 276, "left": 10}, "position": {"top": 276, "left": 10}, "outerHeightWithMargin": 25, "id": "submit", "tabindex": "2"}, "shiftKey": false, "button": 0, "ctrlKey": false, "offsetX": 67, "offsetY": 13, "altKey": false, "metaKey": false, "currentTarget": {"nodeName": "#document", "clientHeight": 668, "height": 668, "clientWidth": 1127, "width": 1127, "offset": {"top": 0, "left": 0}, "offsetHeight": 321, "offsetWidth": 1127, "id": "document"}, "which": 0, "pageY": 289, "pageX": 77, "screenY": 405, "screenX": 131, "timeStamp": 1389164748793, "eventPhase": 3}, "extra": {"selectedText": ""}, "time": 5912.0, "y": 289, "x": 77, "type": "mousemove"}, {"e": {"clientX": 71, "clientY": 288, "delegateTarget": {"nodeName": "#document", "clientHeight": 668, "height": 668, "clientWidth": 1127, "width": 1127, "offset": {"top": 0, "left": 0}, "offsetHeight": 321, "offsetWidth": 1127, "id": "document"}, "target": {"outerHeight": 25, "nodeName": "INPUT", "outerWidthWithMargin": 81, "outerWidth": 81, "innerWidth": 77, "height": 20, "width": 65, "innerHeight": 25, "offset": {"top": 276, "left": 10}, "position": {"top": 276, "left": 10}, "outerHeightWithMargin": 25, "id": "submit", "tabindex": "2"}, "shiftKey": false, "button": 0, "ctrlKey": false, "offsetX": 61, "offsetY": 12, "altKey": false, "metaKey": false, "currentTarget": {"nodeName": "#document", "clientHeight": 668, "height": 668, "clientWidth": 1127, "width": 1127, "offset": {"top": 0, "left": 0}, "offsetHeight": 321, "offsetWidth": 1127, "id": "document"}, "which": 0, "pageY": 288, "pageX": 71, "screenY": 404, "screenX": 125, "timeStamp": 1389164748811, "eventPhase": 3}, "extra": {"selectedText": ""}, "time": 5930.0, "y": 288, "x": 71, "type": "mousemove"}, {"e": {"clientX": 71, "clientY": 288, "delegateTarget": {"nodeName": "#document", "clientHeight": 668, "height": 668, "clientWidth": 1127, "width": 1127, "offset": {"top": 0, "left": 0}, "offsetHeight": 321, "offsetWidth": 1127, "id": "document"}, "target": {"outerHeight": 25, "nodeName": "INPUT", "outerWidthWithMargin": 81, "outerWidth": 81, "innerWidth": 77, "height": 20, "width": 65, "innerHeight": 25, "offset": {"top": 276, "left": 10}, "position": {"top": 276, "left": 10}, "outerHeightWithMargin": 25, "id": "submit", "tabindex": "2"}, "shiftKey": false, "button": 0, "ctrlKey": false, "offsetX": 61, "offsetY": 12, "altKey": false, "metaKey": false, "currentTarget": {"nodeName": "#document", "clientHeight": 668, "height": 668, "clientWidth": 1127, "width": 1127, "offset": {"top": 0, "left": 0}, "offsetHeight": 321, "offsetWidth": 1127, "id": "document"}, "which": 0, "pageY": 288, "pageX": 71, "screenY": 404, "screenX": 125, "timeStamp": 1389164748812, "eventPhase": 3}, "extra": {"selectedText": ""}, "time": 5931.0, "y": 288, "x": 71, "type": "mousemove"}, {"e": {"clientX": 68, "clientY": 287, "delegateTarget": {"nodeName": "#document", "clientHeight": 668, "height": 668, "clientWidth": 1127, "width": 1127, "offset": {"top": 0, "left": 0}, "offsetHeight": 321, "offsetWidth": 1127, "id": "document"}, "target": {"outerHeight": 25, "nodeName": "INPUT", "outerWidthWithMargin": 81, "outerWidth": 81, "innerWidth": 77, "height": 20, "width": 65, "innerHeight": 25, "offset": {"top": 276, "left": 10}, "position": {"top": 276, "left": 10}, "outerHeightWithMargin": 25, "id": "submit", "tabindex": "2"}, "shiftKey": false, "button": 0, "ctrlKey": false, "offsetX": 58, "offsetY": 11, "altKey": false, "metaKey": false, "currentTarget": {"nodeName": "#document", "clientHeight": 668, "height": 668, "clientWidth": 1127, "width": 1127, "offset": {"top": 0, "left": 0}, "offsetHeight": 321, "offsetWidth": 1127, "id": "document"}, "which": 0, "pageY": 287, "pageX": 68, "screenY": 403, "screenX": 122, "timeStamp": 1389164748827, "eventPhase": 3}, "extra": {"selectedText": ""}, "time": 5946.0, "y": 287, "x": 68, "type": "mousemove"}, {"e": {"clientX": 68, "clientY": 287, "delegateTarget": {"nodeName": "#document", "clientHeight": 668, "height": 668, "clientWidth": 1127, "width": 1127, "offset": {"top": 0, "left": 0}, "offsetHeight": 321, "offsetWidth": 1127, "id": "document"}, "target": {"outerHeight": 25, "nodeName": "INPUT", "outerWidthWithMargin": 81, "outerWidth": 81, "innerWidth": 77, "height": 20, "width": 65, "innerHeight": 25, "offset": {"top": 276, "left": 10}, "position": {"top": 276, "left": 10}, "outerHeightWithMargin": 25, "id": "submit", "tabindex": "2"}, "shiftKey": false, "button": 0, "ctrlKey": false, "offsetX": 58, "offsetY": 11, "altKey": false, "metaKey": false, "currentTarget": {"nodeName": "#document", "clientHeight": 668, "height": 668, "clientWidth": 1127, "width": 1127, "offset": {"top": 0, "left": 0}, "offsetHeight": 321, "offsetWidth": 1127, "id": "document"}, "which": 0, "pageY": 287, "pageX": 68, "screenY": 403, "screenX": 122, "timeStamp": 1389164748828, "eventPhase": 3}, "extra": {"selectedText": ""}, "time": 5947.0, "y": 287, "x": 68, "type": "mousemove"}, {"e": {"clientX": 68, "clientY": 285, "delegateTarget": {"nodeName": "#document", "clientHeight": 668, "height": 668, "clientWidth": 1127, "width": 1127, "offset": {"top": 0, "left": 0}, "offsetHeight": 321, "offsetWidth": 1127, "id": "document"}, "target": {"outerHeight": 25, "nodeName": "INPUT", "outerWidthWithMargin": 81, "outerWidth": 81, "innerWidth": 77, "height": 20, "width": 65, "innerHeight": 25, "offset": {"top": 276, "left": 10}, "position": {"top": 276, "left": 10}, "outerHeightWithMargin": 25, "id": "submit", "tabindex": "2"}, "shiftKey": false, "button": 0, "ctrlKey": false, "offsetX": 58, "offsetY": 9, "altKey": false, "metaKey": false, "currentTarget": {"nodeName": "#document", "clientHeight": 668, "height": 668, "clientWidth": 1127, "width": 1127, "offset": {"top": 0, "left": 0}, "offsetHeight": 321, "offsetWidth": 1127, "id": "document"}, "which": 0, "pageY": 285, "pageX": 68, "screenY": 401, "screenX": 122, "timeStamp": 1389164748845, "eventPhase": 3}, "extra": {"selectedText": ""}, "time": 5964.0, "y": 285, "x": 68, "type": "mousemove"}, {"e": {"clientX": 68, "clientY": 285, "delegateTarget": {"nodeName": "#document", "clientHeight": 668, "height": 668, "clientWidth": 1127, "width": 1127, "offset": {"top": 0, "left": 0}, "offsetHeight": 321, "offsetWidth": 1127, "id": "document"}, "target": {"outerHeight": 25, "nodeName": "INPUT", "outerWidthWithMargin": 81, "outerWidth": 81, "innerWidth": 77, "height": 20, "width": 65, "innerHeight": 25, "offset": {"top": 276, "left": 10}, "position": {"top": 276, "left": 10}, "outerHeightWithMargin": 25, "id": "submit", "tabindex": "2"}, "shiftKey": false, "button": 0, "ctrlKey": false, "offsetX": 58, "offsetY": 9, "altKey": false, "metaKey": false, "currentTarget": {"nodeName": "#document", "clientHeight": 668, "height": 668, "clientWidth": 1127, "width": 1127, "offset": {"top": 0, "left": 0}, "offsetHeight": 321, "offsetWidth": 1127, "id": "document"}, "which": 0, "pageY": 285, "pageX": 68, "screenY": 401, "screenX": 122, "timeStamp": 1389164748847, "eventPhase": 3}, "extra": {"selectedText": ""}, "time": 5966.0, "y": 285, "x": 68, "type": "mousemove"}, {"e": {"clientX": 68, "clientY": 285, "delegateTarget": {"nodeName": "#document", "clientHeight": 668, "height": 668, "clientWidth": 1127, "width": 1127, "offset": {"top": 0, "left": 0}, "offsetHeight": 321, "offsetWidth": 1127, "id": "document"}, "target": {"outerHeight": 25, "nodeName": "INPUT", "outerWidthWithMargin": 81, "outerWidth": 81, "innerWidth": 77, "height": 20, "width": 65, "innerHeight": 25, "offset": {"top": 276, "left": 10}, "position": {"top": 276, "left": 10}, "outerHeightWithMargin": 25, "id": "submit", "tabindex": "2"}, "shiftKey": false, "button": 0, "ctrlKey": false, "offsetX": 58, "offsetY": 9, "altKey": false, "metaKey": false, "currentTarget": {"nodeName": "#document", "clientHeight": 668, "height": 668, "clientWidth": 1127, "width": 1127, "offset": {"top": 0, "left": 0}, "offsetHeight": 321, "offsetWidth": 1127, "id": "document"}, "which": 0, "pageY": 285, "pageX": 68, "screenY": 401, "screenX": 122, "timeStamp": 1389164748863, "eventPhase": 3}, "extra": {"selectedText": ""}, "time": 5982.0, "y": 285, "x": 68, "type": "mousemove"}, {"e": {"clientX": 68, "clientY": 285, "delegateTarget": {"nodeName": "#document", "clientHeight": 668, "height": 668, "clientWidth": 1127, "width": 1127, "offset": {"top": 0, "left": 0}, "offsetHeight": 321, "offsetWidth": 1127, "id": "document"}, "target": {"outerHeight": 25, "nodeName": "INPUT", "outerWidthWithMargin": 81, "outerWidth": 81, "innerWidth": 77, "height": 20, "width": 65, "innerHeight": 25, "offset": {"top": 276, "left": 10}, "position": {"top": 276, "left": 10}, "outerHeightWithMargin": 25, "id": "submit", "tabindex": "2"}, "shiftKey": false, "button": 0, "ctrlKey": false, "offsetX": 58, "offsetY": 9, "altKey": false, "metaKey": false, "currentTarget": {"nodeName": "#document", "clientHeight": 668, "height": 668, "clientWidth": 1127, "width": 1127, "offset": {"top": 0, "left": 0}, "offsetHeight": 321, "offsetWidth": 1127, "id": "document"}, "which": 0, "pageY": 285, "pageX": 68, "screenY": 401, "screenX": 122, "timeStamp": 1389164748864, "eventPhase": 3}, "extra": {"selectedText": ""}, "time": 5983.0, "y": 285, "x": 68, "type": "mousemove"}, {"e": {"clientX": 68, "clientY": 285, "delegateTarget": {"nodeName": "#document", "clientHeight": 668, "height": 668, "clientWidth": 1127, "width": 1127, "offset": {"top": 0, "left": 0}, "offsetHeight": 321, "offsetWidth": 1127, "id": "document"}, "target": {"outerHeight": 25, "nodeName": "INPUT", "outerWidthWithMargin": 81, "outerWidth": 81, "innerWidth": 77, "height": 20, "width": 65, "innerHeight": 25, "offset": {"top": 276, "left": 10}, "position": {"top": 276, "left": 10}, "outerHeightWithMargin": 25, "id": "submit", "tabindex": "2"}, "shiftKey": false, "button": 0, "ctrlKey": false, "offsetX": 58, "offsetY": 9, "altKey": false, "metaKey": false, "currentTarget": {"nodeName": "#document", "clientHeight": 668, "height": 668, "clientWidth": 1127, "width": 1127, "offset": {"top": 0, "left": 0}, "offsetHeight": 321, "offsetWidth": 1127, "id": "document"}, "which": 0, "pageY": 285, "pageX": 68, "screenY": 401, "screenX": 122, "timeStamp": 1389164748881, "eventPhase": 3}, "extra": {"selectedText": ""}, "time": 6000.0, "y": 285, "x": 68, "type": "mousemove"}, {"e": {"clientX": 68, "clientY": 285, "delegateTarget": {"nodeName": "#document", "clientHeight": 668, "height": 668, "clientWidth": 1127, "width": 1127, "offset": {"top": 0, "left": 0}, "offsetHeight": 321, "offsetWidth": 1127, "id": "document"}, "target": {"outerHeight": 25, "nodeName": "INPUT", "outerWidthWithMargin": 81, "outerWidth": 81, "innerWidth": 77, "height": 20, "width": 65, "innerHeight": 25, "offset": {"top": 276, "left": 10}, "position": {"top": 276, "left": 10}, "outerHeightWithMargin": 25, "id": "submit", "tabindex": "2"}, "shiftKey": false, "button": 0, "ctrlKey": false, "offsetX": 58, "offsetY": 9, "altKey": false, "metaKey": false, "currentTarget": {"nodeName": "#document", "clientHeight": 668, "height": 668, "clientWidth": 1127, "width": 1127, "offset": {"top": 0, "left": 0}, "offsetHeight": 321, "offsetWidth": 1127, "id": "document"}, "which": 0, "pageY": 285, "pageX": 68, "screenY": 401, "screenX": 122, "timeStamp": 1389164748882, "eventPhase": 3}, "extra": {"selectedText": ""}, "time": 6001.0, "y": 285, "x": 68, "type": "mousemove"}, {"e": {"clientX": 68, "clientY": 283, "delegateTarget": {"nodeName": "#document", "clientHeight": 668, "height": 668, "clientWidth": 1127, "width": 1127, "offset": {"top": 0, "left": 0}, "offsetHeight": 321, "offsetWidth": 1127, "id": "document"}, "target": {"outerHeight": 25, "nodeName": "INPUT", "outerWidthWithMargin": 81, "outerWidth": 81, "innerWidth": 77, "height": 20, "width": 65, "innerHeight": 25, "offset": {"top": 276, "left": 10}, "position": {"top": 276, "left": 10}, "outerHeightWithMargin": 25, "id": "submit", "tabindex": "2"}, "shiftKey": false, "button": 0, "ctrlKey": false, "offsetX": 58, "offsetY": 7, "altKey": false, "metaKey": false, "currentTarget": {"nodeName": "#document", "clientHeight": 668, "height": 668, "clientWidth": 1127, "width": 1127, "offset": {"top": 0, "left": 0}, "offsetHeight": 321, "offsetWidth": 1127, "id": "document"}, "which": 0, "pageY": 283, "pageX": 68, "screenY": 399, "screenX": 122, "timeStamp": 1389164748898, "eventPhase": 3}, "extra": {"selectedText": ""}, "time": 6017.0, "y": 283, "x": 68, "type": "mousemove"}, {"e": {"clientX": 68, "clientY": 283, "delegateTarget": {"nodeName": "#document", "clientHeight": 668, "height": 668, "clientWidth": 1127, "width": 1127, "offset": {"top": 0, "left": 0}, "offsetHeight": 321, "offsetWidth": 1127, "id": "document"}, "target": {"outerHeight": 25, "nodeName": "INPUT", "outerWidthWithMargin": 81, "outerWidth": 81, "innerWidth": 77, "height": 20, "width": 65, "innerHeight": 25, "offset": {"top": 276, "left": 10}, "position": {"top": 276, "left": 10}, "outerHeightWithMargin": 25, "id": "submit", "tabindex": "2"}, "shiftKey": false, "button": 0, "ctrlKey": false, "offsetX": 58, "offsetY": 7, "altKey": false, "metaKey": false, "currentTarget": {"nodeName": "#document", "clientHeight": 668, "height": 668, "clientWidth": 1127, "width": 1127, "offset": {"top": 0, "left": 0}, "offsetHeight": 321, "offsetWidth": 1127, "id": "document"}, "which": 0, "pageY": 283, "pageX": 68, "screenY": 399, "screenX": 122, "timeStamp": 1389164748899, "eventPhase": 3}, "extra": {"selectedText": ""}, "time": 6018.0, "y": 283, "x": 68, "type": "mousemove"}, {"e": {"clientX": 66, "clientY": 283, "delegateTarget": {"nodeName": "#document", "clientHeight": 668, "height": 668, "clientWidth": 1127, "width": 1127, "offset": {"top": 0, "left": 0}, "offsetHeight": 321, "offsetWidth": 1127, "id": "document"}, "target": {"outerHeight": 25, "nodeName": "INPUT", "outerWidthWithMargin": 81, "outerWidth": 81, "innerWidth": 77, "height": 20, "width": 65, "innerHeight": 25, "offset": {"top": 276, "left": 10}, "position": {"top": 276, "left": 10}, "outerHeightWithMargin": 25, "id": "submit", "tabindex": "2"}, "shiftKey": false, "button": 0, "ctrlKey": false, "offsetX": 56, "offsetY": 7, "altKey": false, "metaKey": false, "currentTarget": {"nodeName": "#document", "clientHeight": 668, "height": 668, "clientWidth": 1127, "width": 1127, "offset": {"top": 0, "left": 0}, "offsetHeight": 321, "offsetWidth": 1127, "id": "document"}, "which": 0, "pageY": 283, "pageX": 66, "screenY": 399, "screenX": 120, "timeStamp": 1389164748914, "eventPhase": 3}, "extra": {"selectedText": ""}, "time": 6033.0, "y": 283, "x": 66, "type": "mousemove"}, {"e": {"clientX": 66, "clientY": 283, "delegateTarget": {"nodeName": "#document", "clientHeight": 668, "height": 668, "clientWidth": 1127, "width": 1127, "offset": {"top": 0, "left": 0}, "offsetHeight": 321, "offsetWidth": 1127, "id": "document"}, "target": {"outerHeight": 25, "nodeName": "INPUT", "outerWidthWithMargin": 81, "outerWidth": 81, "innerWidth": 77, "height": 20, "width": 65, "innerHeight": 25, "offset": {"top": 276, "left": 10}, "position": {"top": 276, "left": 10}, "outerHeightWithMargin": 25, "id": "submit", "tabindex": "2"}, "shiftKey": false, "button": 0, "ctrlKey": false, "offsetX": 56, "offsetY": 7, "altKey": false, "metaKey": false, "currentTarget": {"nodeName": "#document", "clientHeight": 668, "height": 668, "clientWidth": 1127, "width": 1127, "offset": {"top": 0, "left": 0}, "offsetHeight": 321, "offsetWidth": 1127, "id": "document"}, "which": 0, "pageY": 283, "pageX": 66, "screenY": 399, "screenX": 120, "timeStamp": 1389164748915, "eventPhase": 3}, "extra": {"selectedText": ""}, "time": 6034.0, "y": 283, "x": 66, "type": "mousemove"}, {"e": {"clientX": 65, "clientY": 283, "delegateTarget": {"nodeName": "#document", "clientHeight": 668, "height": 668, "clientWidth": 1127, "width": 1127, "offset": {"top": 0, "left": 0}, "offsetHeight": 321, "offsetWidth": 1127, "id": "document"}, "target": {"outerHeight": 25, "nodeName": "INPUT", "outerWidthWithMargin": 81, "outerWidth": 81, "innerWidth": 77, "height": 20, "width": 65, "innerHeight": 25, "offset": {"top": 276, "left": 10}, "position": {"top": 276, "left": 10}, "outerHeightWithMargin": 25, "id": "submit", "tabindex": "2"}, "shiftKey": false, "button": 0, "ctrlKey": false, "offsetX": 55, "offsetY": 7, "altKey": false, "metaKey": false, "currentTarget": {"nodeName": "#document", "clientHeight": 668, "height": 668, "clientWidth": 1127, "width": 1127, "offset": {"top": 0, "left": 0}, "offsetHeight": 321, "offsetWidth": 1127, "id": "document"}, "which": 0, "pageY": 283, "pageX": 65, "screenY": 399, "screenX": 119, "timeStamp": 1389164748931, "eventPhase": 3}, "extra": {"selectedText": ""}, "time": 6050.0, "y": 283, "x": 65, "type": "mousemove"}, {"e": {"clientX": 65, "clientY": 283, "delegateTarget": {"nodeName": "#document", "clientHeight": 668, "height": 668, "clientWidth": 1127, "width": 1127, "offset": {"top": 0, "left": 0}, "offsetHeight": 321, "offsetWidth": 1127, "id": "document"}, "target": {"outerHeight": 25, "nodeName": "INPUT", "outerWidthWithMargin": 81, "outerWidth": 81, "innerWidth": 77, "height": 20, "width": 65, "innerHeight": 25, "offset": {"top": 276, "left": 10}, "position": {"top": 276, "left": 10}, "outerHeightWithMargin": 25, "id": "submit", "tabindex": "2"}, "shiftKey": false, "button": 0, "ctrlKey": false, "offsetX": 55, "offsetY": 7, "altKey": false, "metaKey": false, "currentTarget": {"nodeName": "#document", "clientHeight": 668, "height": 668, "clientWidth": 1127, "width": 1127, "offset": {"top": 0, "left": 0}, "offsetHeight": 321, "offsetWidth": 1127, "id": "document"}, "which": 0, "pageY": 283, "pageX": 65, "screenY": 399, "screenX": 119, "timeStamp": 1389164748932, "eventPhase": 3}, "extra": {"selectedText": ""}, "time": 6051.0, "y": 283, "x": 65, "type": "mousemove"}, {"e": {"clientX": 64, "clientY": 282, "delegateTarget": {"nodeName": "#document", "clientHeight": 668, "height": 668, "clientWidth": 1127, "width": 1127, "offset": {"top": 0, "left": 0}, "offsetHeight": 321, "offsetWidth": 1127, "id": "document"}, "target": {"outerHeight": 25, "nodeName": "INPUT", "outerWidthWithMargin": 81, "outerWidth": 81, "innerWidth": 77, "height": 20, "width": 65, "innerHeight": 25, "offset": {"top": 276, "left": 10}, "position": {"top": 276, "left": 10}, "outerHeightWithMargin": 25, "id": "submit", "tabindex": "2"}, "shiftKey": false, "button": 0, "ctrlKey": false, "offsetX": 54, "offsetY": 6, "altKey": false, "metaKey": false, "currentTarget": {"nodeName": "#document", "clientHeight": 668, "height": 668, "clientWidth": 1127, "width": 1127, "offset": {"top": 0, "left": 0}, "offsetHeight": 321, "offsetWidth": 1127, "id": "document"}, "which": 0, "pageY": 282, "pageX": 64, "screenY": 398, "screenX": 118, "timeStamp": 1389164748950, "eventPhase": 3}, "extra": {"selectedText": ""}, "time": 6069.0, "y": 282, "x": 64, "type": "mousemove"}, {"e": {"clientX": 64, "clientY": 282, "delegateTarget": {"nodeName": "#document", "clientHeight": 668, "height": 668, "clientWidth": 1127, "width": 1127, "offset": {"top": 0, "left": 0}, "offsetHeight": 321, "offsetWidth": 1127, "id": "document"}, "target": {"outerHeight": 25, "nodeName": "INPUT", "outerWidthWithMargin": 81, "outerWidth": 81, "innerWidth": 77, "height": 20, "width": 65, "innerHeight": 25, "offset": {"top": 276, "left": 10}, "position": {"top": 276, "left": 10}, "outerHeightWithMargin": 25, "id": "submit", "tabindex": "2"}, "shiftKey": false, "button": 0, "ctrlKey": false, "offsetX": 54, "offsetY": 6, "altKey": false, "metaKey": false, "currentTarget": {"nodeName": "#document", "clientHeight": 668, "height": 668, "clientWidth": 1127, "width": 1127, "offset": {"top": 0, "left": 0}, "offsetHeight": 321, "offsetWidth": 1127, "id": "document"}, "which": 0, "pageY": 282, "pageX": 64, "screenY": 398, "screenX": 118, "timeStamp": 1389164748951, "eventPhase": 3}, "extra": {"selectedText": ""}, "time": 6070.0, "y": 282, "x": 64, "type": "mousemove"}, {"e": {"clientX": 63, "clientY": 282, "delegateTarget": {"nodeName": "#document", "clientHeight": 668, "height": 668, "clientWidth": 1127, "width": 1127, "offset": {"top": 0, "left": 0}, "offsetHeight": 321, "offsetWidth": 1127, "id": "document"}, "target": {"outerHeight": 25, "nodeName": "INPUT", "outerWidthWithMargin": 81, "outerWidth": 81, "innerWidth": 77, "height": 20, "width": 65, "innerHeight": 25, "offset": {"top": 276, "left": 10}, "position": {"top": 276, "left": 10}, "outerHeightWithMargin": 25, "id": "submit", "tabindex": "2"}, "shiftKey": false, "button": 0, "ctrlKey": false, "offsetX": 53, "offsetY": 6, "altKey": false, "metaKey": false, "currentTarget": {"nodeName": "#document", "clientHeight": 668, "height": 668, "clientWidth": 1127, "width": 1127, "offset": {"top": 0, "left": 0}, "offsetHeight": 321, "offsetWidth": 1127, "id": "document"}, "which": 0, "pageY": 282, "pageX": 63, "screenY": 398, "screenX": 117, "timeStamp": 1389164748970, "eventPhase": 3}, "extra": {"selectedText": ""}, "time": 6089.0, "y": 282, "x": 63, "type": "mousemove"}, {"e": {"clientX": 63, "clientY": 282, "delegateTarget": {"nodeName": "#document", "clientHeight": 668, "height": 668, "clientWidth": 1127, "width": 1127, "offset": {"top": 0, "left": 0}, "offsetHeight": 321, "offsetWidth": 1127, "id": "document"}, "target": {"outerHeight": 25, "nodeName": "INPUT", "outerWidthWithMargin": 81, "outerWidth": 81, "innerWidth": 77, "height": 20, "width": 65, "innerHeight": 25, "offset": {"top": 276, "left": 10}, "position": {"top": 276, "left": 10}, "outerHeightWithMargin": 25, "id": "submit", "tabindex": "2"}, "shiftKey": false, "button": 0, "ctrlKey": false, "offsetX": 53, "offsetY": 6, "altKey": false, "metaKey": false, "currentTarget": {"nodeName": "#document", "clientHeight": 668, "height": 668, "clientWidth": 1127, "width": 1127, "offset": {"top": 0, "left": 0}, "offsetHeight": 321, "offsetWidth": 1127, "id": "document"}, "which": 0, "pageY": 282, "pageX": 63, "screenY": 398, "screenX": 117, "timeStamp": 1389164748971, "eventPhase": 3}, "extra": {"selectedText": ""}, "time": 6090.0, "y": 282, "x": 63, "type": "mousemove"}, {"e": {"clientX": 62, "clientY": 282, "delegateTarget": {"nodeName": "#document", "clientHeight": 668, "height": 668, "clientWidth": 1127, "width": 1127, "offset": {"top": 0, "left": 0}, "offsetHeight": 321, "offsetWidth": 1127, "id": "document"}, "target": {"outerHeight": 25, "nodeName": "INPUT", "outerWidthWithMargin": 81, "outerWidth": 81, "innerWidth": 77, "height": 20, "width": 65, "innerHeight": 25, "offset": {"top": 276, "left": 10}, "position": {"top": 276, "left": 10}, "outerHeightWithMargin": 25, "id": "submit", "tabindex": "2"}, "shiftKey": false, "button": 0, "ctrlKey": false, "offsetX": 52, "offsetY": 6, "altKey": false, "metaKey": false, "currentTarget": {"nodeName": "#document", "clientHeight": 668, "height": 668, "clientWidth": 1127, "width": 1127, "offset": {"top": 0, "left": 0}, "offsetHeight": 321, "offsetWidth": 1127, "id": "document"}, "which": 0, "pageY": 282, "pageX": 62, "screenY": 398, "screenX": 116, "timeStamp": 1389164749027, "eventPhase": 3}, "extra": {"selectedText": ""}, "time": 6146.0, "y": 282, "x": 62, "type": "mousemove"}, {"e": {"clientX": 62, "clientY": 282, "delegateTarget": {"nodeName": "#document", "clientHeight": 668, "height": 668, "clientWidth": 1127, "width": 1127, "offset": {"top": 0, "left": 0}, "offsetHeight": 321, "offsetWidth": 1127, "id": "document"}, "target": {"outerHeight": 25, "nodeName": "INPUT", "outerWidthWithMargin": 81, "outerWidth": 81, "innerWidth": 77, "height": 20, "width": 65, "innerHeight": 25, "offset": {"top": 276, "left": 10}, "position": {"top": 276, "left": 10}, "outerHeightWithMargin": 25, "id": "submit", "tabindex": "2"}, "shiftKey": false, "button": 0, "ctrlKey": false, "offsetX": 52, "offsetY": 6, "altKey": false, "metaKey": false, "currentTarget": {"nodeName": "#document", "clientHeight": 668, "height": 668, "clientWidth": 1127, "width": 1127, "offset": {"top": 0, "left": 0}, "offsetHeight": 321, "offsetWidth": 1127, "id": "document"}, "which": 0, "pageY": 282, "pageX": 62, "screenY": 398, "screenX": 116, "timeStamp": 1389164749028, "eventPhase": 3}, "extra": {"selectedText": ""}, "time": 6147.0, "y": 282, "x": 62, "type": "mousemove"}, {"e": {"clientX": 62, "clientY": 283, "delegateTarget": {"nodeName": "#document", "clientHeight": 668, "height": 668, "clientWidth": 1127, "width": 1127, "offset": {"top": 0, "left": 0}, "offsetHeight": 321, "offsetWidth": 1127, "id": "document"}, "target": {"outerHeight": 25, "nodeName": "INPUT", "outerWidthWithMargin": 81, "outerWidth": 81, "innerWidth": 77, "height": 20, "width": 65, "innerHeight": 25, "offset": {"top": 276, "left": 10}, "position": {"top": 276, "left": 10}, "outerHeightWithMargin": 25, "id": "submit", "tabindex": "2"}, "shiftKey": false, "button": 0, "ctrlKey": false, "offsetX": 52, "offsetY": 7, "altKey": false, "metaKey": false, "currentTarget": {"nodeName": "#document", "clientHeight": 668, "height": 668, "clientWidth": 1127, "width": 1127, "offset": {"top": 0, "left": 0}, "offsetHeight": 321, "offsetWidth": 1127, "id": "document"}, "which": 0, "pageY": 283, "pageX": 62, "screenY": 399, "screenX": 116, "timeStamp": 1389164749061, "eventPhase": 3}, "extra": {"selectedText": ""}, "time": 6180.0, "y": 283, "x": 62, "type": "mousemove"}, {"e": {"clientX": 62, "clientY": 283, "delegateTarget": {"nodeName": "#document", "clientHeight": 668, "height": 668, "clientWidth": 1127, "width": 1127, "offset": {"top": 0, "left": 0}, "offsetHeight": 321, "offsetWidth": 1127, "id": "document"}, "target": {"outerHeight": 25, "nodeName": "INPUT", "outerWidthWithMargin": 81, "outerWidth": 81, "innerWidth": 77, "height": 20, "width": 65, "innerHeight": 25, "offset": {"top": 276, "left": 10}, "position": {"top": 276, "left": 10}, "outerHeightWithMargin": 25, "id": "submit", "tabindex": "2"}, "shiftKey": false, "button": 0, "ctrlKey": false, "offsetX": 52, "offsetY": 7, "altKey": false, "metaKey": false, "currentTarget": {"nodeName": "#document", "clientHeight": 668, "height": 668, "clientWidth": 1127, "width": 1127, "offset": {"top": 0, "left": 0}, "offsetHeight": 321, "offsetWidth": 1127, "id": "document"}, "which": 0, "pageY": 283, "pageX": 62, "screenY": 399, "screenX": 116, "timeStamp": 1389164749062, "eventPhase": 3}, "extra": {"selectedText": ""}, "time": 6181.0, "y": 283, "x": 62, "type": "mousemove"}, {"type": "mousedown", "time": 6327.0, "e": {"clientX": 62, "clientY": 283, "delegateTarget": {"nodeName": "#document", "clientHeight": 668, "height": 668, "clientWidth": 1127, "width": 1127, "offset": {"top": 0, "left": 0}, "offsetHeight": 321, "offsetWidth": 1127, "id": "document"}, "target": {"outerHeight": 25, "nodeName": "INPUT", "outerWidthWithMargin": 81, "outerWidth": 81, "innerWidth": 77, "height": 20, "width": 65, "innerHeight": 25, "offset": {"top": 276, "left": 10}, "position": {"top": 276, "left": 10}, "outerHeightWithMargin": 25, "id": "submit", "tabindex": "2"}, "shiftKey": false, "button": 0, "ctrlKey": false, "offsetX": 52, "offsetY": 7, "altKey": false, "metaKey": false, "currentTarget": {"nodeName": "#document", "clientHeight": 668, "height": 668, "clientWidth": 1127, "width": 1127, "offset": {"top": 0, "left": 0}, "offsetHeight": 321, "offsetWidth": 1127, "id": "document"}, "which": 1, "pageY": 283, "pageX": 62, "screenY": 399, "screenX": 116, "timeStamp": 1389164749208, "eventPhase": 3}, "extra": {}}, {"type": "focusout", "time": 6329.0, "e": {"target": {"outerHeight": 30, "nodeName": "SELECT", "parent": {"outerHeight": 291, "nodeName": "DIV", "outerWidthWithMargin": 1117, "outerWidth": 1117, "innerWidth": 1117, "height": 291, "width": 1117, "innerHeight": 291, "offset": {"top": 10, "left": 10}, "position": {"top": 10, "left": 10}, "outerHeightWithMargin": 291, "id": "page3"}, "outerWidthWithMargin": 150, "outerWidth": 150, "innerWidth": 148, "height": 28, "width": 148, "innerHeight": 28, "offset": {"top": 194, "left": 10}, "id": "select1", "position": {"top": 194, "left": 10}, "outerHeightWithMargin": 40, "class": "input-medium", "tabindex": "1"}, "timeStamp": 1389164749210, "delegateTarget": {"nodeName": "#document", "clientHeight": 668, "height": 668, "clientWidth": 1127, "width": 1127, "offset": {"top": 0, "left": 0}, "offsetHeight": 321, "offsetWidth": 1127, "id": "document"}, "currentTarget": {"nodeName": "#document", "clientHeight": 668, "height": 668, "clientWidth": 1127, "width": 1127, "offset": {"top": 0, "left": 0}, "offsetHeight": 321, "offsetWidth": 1127, "id": "document"}, "which": 0, "eventPhase": 1}, "extra": {}}, {"type": "mouseup", "time": 6429.0, "e": {"clientX": 62, "clientY": 283, "delegateTarget": {"nodeName": "#document", "clientHeight": 668, "height": 668, "clientWidth": 1127, "width": 1127, "offset": {"top": 0, "left": 0}, "offsetHeight": 321, "offsetWidth": 1127, "id": "document"}, "target": {"outerHeight": 25, "nodeName": "INPUT", "outerWidthWithMargin": 81, "outerWidth": 81, "innerWidth": 77, "height": 20, "width": 65, "innerHeight": 25, "offset": {"top": 276, "left": 10}, "position": {"top": 276, "left": 10}, "outerHeightWithMargin": 25, "id": "submit", "tabindex": "2"}, "shiftKey": false, "button": 0, "ctrlKey": false, "offsetX": 52, "offsetY": 7, "altKey": false, "metaKey": false, "currentTarget": {"nodeName": "#document", "clientHeight": 668, "height": 668, "clientWidth": 1127, "width": 1127, "offset": {"top": 0, "left": 0}, "offsetHeight": 321, "offsetWidth": 1127, "id": "document"}, "which": 1, "pageY": 283, "pageX": 62, "screenY": 399, "screenX": 116, "timeStamp": 1389164749310, "eventPhase": 3}, "extra": {"selectedText": ""}}, {"e": {"clientX": 62, "clientY": 283, "delegateTarget": {"nodeName": "#document", "clientHeight": 668, "height": 668, "clientWidth": 1127, "width": 1127, "offset": {"top": 0, "left": 0}, "offsetHeight": 321, "offsetWidth": 1127, "id": "document"}, "target": {"outerHeight": 25, "nodeName": "INPUT", "outerWidthWithMargin": 81, "outerWidth": 81, "innerWidth": 77, "height": 20, "width": 65, "innerHeight": 25, "offset": {"top": 276, "left": 10}, "position": {"top": 276, "left": 10}, "outerHeightWithMargin": 25, "id": "submit", "tabindex": "2"}, "shiftKey": false, "button": 0, "ctrlKey": false, "offsetX": 52, "offsetY": 7, "altKey": false, "metaKey": false, "currentTarget": {"nodeName": "#document", "clientHeight": 668, "height": 668, "clientWidth": 1127, "width": 1127, "offset": {"top": 0, "left": 0}, "offsetHeight": 321, "offsetWidth": 1127, "id": "document"}, "which": 1, "pageY": 283, "pageX": 62, "screenY": 399, "screenX": 116, "timeStamp": 1389164749312, "eventPhase": 3}, "extra": {"selectedText": ""}, "time": 6431.0, "y": 283, "x": 62, "type": "click"}]}