{"keydown_event": [], "scroll_event": [], "mouse_click_event": [{"e": {"clientX": 51, "clientY": 584, "delegateTarget": {"nodeName": "#document", "clientHeight": 644, "height": 702, "clientWidth": 1349, "width": 1349, "offset": {"top": 0, "left": 0}, "offsetHeight": 702, "offsetWidth": 1349, "id": "document"}, "target": {"outerHeight": 28, "nodeName": "INPUT", "outerWidthWithMargin": 86, "outerWidth": 86, "innerWidth": 84, "height": 20, "width": 64, "innerHeight": 26, "offset": {"top": 634, "left": 10}, "position": {"top": 634, "left": 10}, "outerHeightWithMargin": 28, "id": "submit", "tabindex": "2"}, "shiftKey": false, "button": 0, "ctrlKey": false, "offsetX": 40, "offsetY": 7, "buttons": 0, "metaKey": false, "altKey": false, "currentTarget": {"nodeName": "#document", "clientHeight": 644, "height": 702, "clientWidth": 1349, "width": 1349, "offset": {"top": 0, "left": 0}, "offsetHeight": 702, "offsetWidth": 1349, "id": "document"}, "which": 1, "pageY": 642, "pageX": 51, "screenY": 668, "screenX": 51, "timeStamp": 1389138983635, "eventPhase": 3}, "extra": {"selectedText": ""}, "time": 3499.0, "y": 642, "x": 51, "type": "click"}], "mouse_move_event": [{"e": {"clientX": 50, "clientY": 582, "delegateTarget": {"nodeName": "#document", "clientHeight": 644, "height": 702, "clientWidth": 1349, "width": 1349, "offset": {"top": 0, "left": 0}, "offsetHeight": 702, "offsetWidth": 1349, "id": "document"}, "target": {"outerHeight": 28, "nodeName": "INPUT", "outerWidthWithMargin": 86, "outerWidth": 86, "innerWidth": 84, "height": 20, "width": 64, "innerHeight": 26, "offset": {"top": 634, "left": 10}, "position": {"top": 634, "left": 10}, "outerHeightWithMargin": 28, "id": "submit", "tabindex": "2"}, "shiftKey": false, "button": 0, "ctrlKey": false, "offsetX": 39, "offsetY": 5, "buttons": 0, "metaKey": false, "altKey": false, "currentTarget": {"nodeName": "#document", "clientHeight": 644, "height": 702, "clientWidth": 1349, "width": 1349, "offset": {"top": 0, "left": 0}, "offsetHeight": 702, "offsetWidth": 1349, "id": "document"}, "which": 1, "pageY": 640, "pageX": 50, "screenY": 666, "screenX": 50, "timeStamp": 1389138980137, "eventPhase": 3}, "extra": {"selectedText": ""}, "time": 1.0, "y": 640, "x": 50, "type": "mousemove"}, {"e": {"clientX": 50, "clientY": 582, "delegateTarget": {"nodeName": "#document", "clientHeight": 644, "height": 702, "clientWidth": 1349, "width": 1349, "offset": {"top": 0, "left": 0}, "offsetHeight": 702, "offsetWidth": 1349, "id": "document"}, "target": {"outerHeight": 28, "nodeName": "INPUT", "outerWidthWithMargin": 86, "outerWidth": 86, "innerWidth": 84, "height": 20, "width": 64, "innerHeight": 26, "offset": {"top": 634, "left": 10}, "position": {"top": 634, "left": 10}, "outerHeightWithMargin": 28, "id": "submit", "tabindex": "2"}, "shiftKey": false, "button": 0, "ctrlKey": false, "offsetX": 39, "offsetY": 5, "buttons": 0, "metaKey": false, "altKey": false, "currentTarget": {"nodeName": "#document", "clientHeight": 644, "height": 702, "clientWidth": 1349, "width": 1349, "offset": {"top": 0, "left": 0}, "offsetHeight": 702, "offsetWidth": 1349, "id": "document"}, "which": 1, "pageY": 640, "pageX": 50, "screenY": 666, "screenX": 50, "timeStamp": 1389138980138, "eventPhase": 3}, "extra": {"selectedText": ""}, "time": 2.0, "y": 640, "x": 50, "type": "mousemove"}, {"e": {"clientX": 50, "clientY": 584, "delegateTarget": {"nodeName": "#document", "clientHeight": 644, "height": 702, "clientWidth": 1349, "width": 1349, "offset": {"top": 0, "left": 0}, "offsetHeight": 702, "offsetWidth": 1349, "id": "document"}, "target": {"outerHeight": 28, "nodeName": "INPUT", "outerWidthWithMargin": 86, "outerWidth": 86, "innerWidth": 84, "height": 20, "width": 64, "innerHeight": 26, "offset": {"top": 634, "left": 10}, "position": {"top": 634, "left": 10}, "outerHeightWithMargin": 28, "id": "submit", "tabindex": "2"}, "shiftKey": false, "button": 0, "ctrlKey": false, "offsetX": 39, "offsetY": 7, "buttons": 0, "metaKey": false, "altKey": false, "currentTarget": {"nodeName": "#document", "clientHeight": 644, "height": 702, "clientWidth": 1349, "width": 1349, "offset": {"top": 0, "left": 0}, "offsetHeight": 702, "offsetWidth": 1349, "id": "document"}, "which": 1, "pageY": 642, "pageX": 50, "screenY": 668, "screenX": 50, "timeStamp": 1389138980402, "eventPhase": 3}, "extra": {"selectedText": ""}, "time": 266.0, "y": 642, "x": 50, "type": "mousemove"}, {"e": {"clientX": 51, "clientY": 584, "delegateTarget": {"nodeName": "#document", "clientHeight": 644, "height": 702, "clientWidth": 1349, "width": 1349, "offset": {"top": 0, "left": 0}, "offsetHeight": 702, "offsetWidth": 1349, "id": "document"}, "target": {"outerHeight": 28, "nodeName": "INPUT", "outerWidthWithMargin": 86, "outerWidth": 86, "innerWidth": 84, "height": 20, "width": 64, "innerHeight": 26, "offset": {"top": 634, "left": 10}, "position": {"top": 634, "left": 10}, "outerHeightWithMargin": 28, "id": "submit", "tabindex": "2"}, "shiftKey": false, "button": 0, "ctrlKey": false, "offsetX": 40, "offsetY": 7, "buttons": 0, "metaKey": false, "altKey": false, "currentTarget": {"nodeName": "#document", "clientHeight": 644, "height": 702, "clientWidth": 1349, "width": 1349, "offset": {"top": 0, "left": 0}, "offsetHeight": 702, "offsetWidth": 1349, "id": "document"}, "which": 1, "pageY": 642, "pageX": 51, "screenY": 668, "screenX": 51, "timeStamp": 1389138980746, "eventPhase": 3}, "extra": {"selectedText": ""}, "time": 610.0, "y": 642, "x": 51, "type": "mousemove"}], "init_event": [{"type": "init", "time": 0.0, "e": {"clientX": 50, "clientY": 582, "delegateTarget": {"nodeName": "#document", "clientHeight": 644, "height": 702, "clientWidth": 1349, "width": 1349, "offset": {"top": 0, "left": 0}, "offsetHeight": 702, "offsetWidth": 1349, "id": "document"}, "target": {"outerHeight": 28, "nodeName": "INPUT", "outerWidthWithMargin": 86, "outerWidth": 86, "innerWidth": 84, "height": 20, "width": 64, "innerHeight": 26, "offset": {"top": 634, "left": 10}, "position": {"top": 634, "left": 10}, "outerHeightWithMargin": 28, "id": "submit", "tabindex": "2"}, "shiftKey": false, "button": 0, "ctrlKey": false, "offsetX": 39, "offsetY": 5, "buttons": 0, "metaKey": false, "altKey": false, "currentTarget": {"nodeName": "#document", "clientHeight": 644, "height": 702, "clientWidth": 1349, "width": 1349, "offset": {"top": 0, "left": 0}, "offsetHeight": 702, "offsetWidth": 1349, "id": "document"}, "which": 1, "pageY": 640, "pageX": 50, "screenY": 666, "screenX": 50, "timeStamp": 1389138980136, "eventPhase": 3}, "extra": {"body": {"outerWidth": 1349, "innerWidth": 1349, "outerHeight": 682, "height": 672, "width": 1339, "innerHeight": 682, "offset": {"top": 0, "left": 0}, "outerWidthWithMargin": 1349, "outerHeightWithMargin": 682}, "scrollOffset": {"pageYOffset": 58, "pageXOffset": 0}, "screen": {"pixelDepth": 24, "width": 1366, "availHeight": 728, "height": 768, "availWidth": 1366, "colorDepth": 24}, "zoom": {"zoomLevel": 1, "devicePixelRatio": 1}, "window": {"screenX": -8, "outerWidth": 1382, "innerWidth": 1366, "height": 644, "width": 1349, "innerHeight": 644, "offset": {"top": 0, "left": 0}, "screenY": -8, "outerHeight": 744}, "version": 2, "navigator": {"product": "Gecko", "language": "en-US", "appName": "Netscape", "appCodeName": "Mozilla", "cookieEnabled": true, "appVersion": "5.0 (Windows NT 6.1; WOW64; Trident/7.0; SLCC2; .NET CLR 2.0.50727; .NET CLR 3.5.30729; .NET CLR 3.0.30729; Media Center PC 6.0; .NET4.0C; rv:11.0) like Gecko", "platform": "Win32", "userAgent": "Mozilla/5.0 (Windows NT 6.1; WOW64; Trident/7.0; SLCC2; .NET CLR 2.0.50727; .NET CLR 3.5.30729; .NET CLR 3.0.30729; Media Center PC 6.0; .NET4.0C; rv:11.0) like Gecko"}, "document": {"clientHeight": 644, "height": 702, "clientWidth": 1349, "width": 1349, "offset": {"top": 0, "left": 0}, "offsetHeight": 702, "offsetWidth": 1349}}}], "misc_event": [{"type": "init", "time": 0.0, "e": {"clientX": 50, "clientY": 582, "delegateTarget": {"nodeName": "#document", "clientHeight": 644, "height": 702, "clientWidth": 1349, "width": 1349, "offset": {"top": 0, "left": 0}, "offsetHeight": 702, "offsetWidth": 1349, "id": "document"}, "target": {"outerHeight": 28, "nodeName": "INPUT", "outerWidthWithMargin": 86, "outerWidth": 86, "innerWidth": 84, "height": 20, "width": 64, "innerHeight": 26, "offset": {"top": 634, "left": 10}, "position": {"top": 634, "left": 10}, "outerHeightWithMargin": 28, "id": "submit", "tabindex": "2"}, "shiftKey": false, "button": 0, "ctrlKey": false, "offsetX": 39, "offsetY": 5, "buttons": 0, "metaKey": false, "altKey": false, "currentTarget": {"nodeName": "#document", "clientHeight": 644, "height": 702, "clientWidth": 1349, "width": 1349, "offset": {"top": 0, "left": 0}, "offsetHeight": 702, "offsetWidth": 1349, "id": "document"}, "which": 1, "pageY": 640, "pageX": 50, "screenY": 666, "screenX": 50, "timeStamp": 1389138980136, "eventPhase": 3}, "extra": {"body": {"outerWidth": 1349, "innerWidth": 1349, "outerHeight": 682, "height": 672, "width": 1339, "innerHeight": 682, "offset": {"top": 0, "left": 0}, "outerWidthWithMargin": 1349, "outerHeightWithMargin": 682}, "scrollOffset": {"pageYOffset": 58, "pageXOffset": 0}, "screen": {"pixelDepth": 24, "width": 1366, "availHeight": 728, "height": 768, "availWidth": 1366, "colorDepth": 24}, "zoom": {"zoomLevel": 1, "devicePixelRatio": 1}, "window": {"screenX": -8, "outerWidth": 1382, "innerWidth": 1366, "height": 644, "width": 1349, "innerHeight": 644, "offset": {"top": 0, "left": 0}, "screenY": -8, "outerHeight": 744}, "version": 2, "navigator": {"product": "Gecko", "language": "en-US", "appName": "Netscape", "appCodeName": "Mozilla", "cookieEnabled": true, "appVersion": "5.0 (Windows NT 6.1; WOW64; Trident/7.0; SLCC2; .NET CLR 2.0.50727; .NET CLR 3.5.30729; .NET CLR 3.0.30729; Media Center PC 6.0; .NET4.0C; rv:11.0) like Gecko", "platform": "Win32", "userAgent": "Mozilla/5.0 (Windows NT 6.1; WOW64; Trident/7.0; SLCC2; .NET CLR 2.0.50727; .NET CLR 3.5.30729; .NET CLR 3.0.30729; Media Center PC 6.0; .NET4.0C; rv:11.0) like Gecko"}, "document": {"clientHeight": 644, "height": 702, "clientWidth": 1349, "width": 1349, "offset": {"top": 0, "left": 0}, "offsetHeight": 702, "offsetWidth": 1349}}}, {"e": {"clientX": 50, "clientY": 582, "delegateTarget": {"nodeName": "#document", "clientHeight": 644, "height": 702, "clientWidth": 1349, "width": 1349, "offset": {"top": 0, "left": 0}, "offsetHeight": 702, "offsetWidth": 1349, "id": "document"}, "target": {"outerHeight": 28, "nodeName": "INPUT", "outerWidthWithMargin": 86, "outerWidth": 86, "innerWidth": 84, "height": 20, "width": 64, "innerHeight": 26, "offset": {"top": 634, "left": 10}, "position": {"top": 634, "left": 10}, "outerHeightWithMargin": 28, "id": "submit", "tabindex": "2"}, "shiftKey": false, "button": 0, "ctrlKey": false, "offsetX": 39, "offsetY": 5, "buttons": 0, "metaKey": false, "altKey": false, "currentTarget": {"nodeName": "#document", "clientHeight": 644, "height": 702, "clientWidth": 1349, "width": 1349, "offset": {"top": 0, "left": 0}, "offsetHeight": 702, "offsetWidth": 1349, "id": "document"}, "which": 1, "pageY": 640, "pageX": 50, "screenY": 666, "screenX": 50, "timeStamp": 1389138980137, "eventPhase": 3}, "extra": {"selectedText": ""}, "time": 1.0, "y": 640, "x": 50, "type": "mousemove"}, {"e": {"clientX": 50, "clientY": 582, "delegateTarget": {"nodeName": "#document", "clientHeight": 644, "height": 702, "clientWidth": 1349, "width": 1349, "offset": {"top": 0, "left": 0}, "offsetHeight": 702, "offsetWidth": 1349, "id": "document"}, "target": {"outerHeight": 28, "nodeName": "INPUT", "outerWidthWithMargin": 86, "outerWidth": 86, "innerWidth": 84, "height": 20, "width": 64, "innerHeight": 26, "offset": {"top": 634, "left": 10}, "position": {"top": 634, "left": 10}, "outerHeightWithMargin": 28, "id": "submit", "tabindex": "2"}, "shiftKey": false, "button": 0, "ctrlKey": false, "offsetX": 39, "offsetY": 5, "buttons": 0, "metaKey": false, "altKey": false, "currentTarget": {"nodeName": "#document", "clientHeight": 644, "height": 702, "clientWidth": 1349, "width": 1349, "offset": {"top": 0, "left": 0}, "offsetHeight": 702, "offsetWidth": 1349, "id": "document"}, "which": 1, "pageY": 640, "pageX": 50, "screenY": 666, "screenX": 50, "timeStamp": 1389138980138, "eventPhase": 3}, "extra": {"selectedText": ""}, "time": 2.0, "y": 640, "x": 50, "type": "mousemove"}, {"e": {"clientX": 50, "clientY": 584, "delegateTarget": {"nodeName": "#document", "clientHeight": 644, "height": 702, "clientWidth": 1349, "width": 1349, "offset": {"top": 0, "left": 0}, "offsetHeight": 702, "offsetWidth": 1349, "id": "document"}, "target": {"outerHeight": 28, "nodeName": "INPUT", "outerWidthWithMargin": 86, "outerWidth": 86, "innerWidth": 84, "height": 20, "width": 64, "innerHeight": 26, "offset": {"top": 634, "left": 10}, "position": {"top": 634, "left": 10}, "outerHeightWithMargin": 28, "id": "submit", "tabindex": "2"}, "shiftKey": false, "button": 0, "ctrlKey": false, "offsetX": 39, "offsetY": 7, "buttons": 0, "metaKey": false, "altKey": false, "currentTarget": {"nodeName": "#document", "clientHeight": 644, "height": 702, "clientWidth": 1349, "width": 1349, "offset": {"top": 0, "left": 0}, "offsetHeight": 702, "offsetWidth": 1349, "id": "document"}, "which": 1, "pageY": 642, "pageX": 50, "screenY": 668, "screenX": 50, "timeStamp": 1389138980402, "eventPhase": 3}, "extra": {"selectedText": ""}, "time": 266.0, "y": 642, "x": 50, "type": "mousemove"}, {"e": {"clientX": 51, "clientY": 584, "delegateTarget": {"nodeName": "#document", "clientHeight": 644, "height": 702, "clientWidth": 1349, "width": 1349, "offset": {"top": 0, "left": 0}, "offsetHeight": 702, "offsetWidth": 1349, "id": "document"}, "target": {"outerHeight": 28, "nodeName": "INPUT", "outerWidthWithMargin": 86, "outerWidth": 86, "innerWidth": 84, "height": 20, "width": 64, "innerHeight": 26, "offset": {"top": 634, "left": 10}, "position": {"top": 634, "left": 10}, "outerHeightWithMargin": 28, "id": "submit", "tabindex": "2"}, "shiftKey": false, "button": 0, "ctrlKey": false, "offsetX": 40, "offsetY": 7, "buttons": 0, "metaKey": false, "altKey": false, "currentTarget": {"nodeName": "#document", "clientHeight": 644, "height": 702, "clientWidth": 1349, "width": 1349, "offset": {"top": 0, "left": 0}, "offsetHeight": 702, "offsetWidth": 1349, "id": "document"}, "which": 1, "pageY": 642, "pageX": 51, "screenY": 668, "screenX": 51, "timeStamp": 1389138980746, "eventPhase": 3}, "extra": {"selectedText": ""}, "time": 610.0, "y": 642, "x": 51, "type": "mousemove"}, {"type": "mousedown", "time": 3306.0, "e": {"clientX": 51, "clientY": 584, "delegateTarget": {"nodeName": "#document", "clientHeight": 644, "height": 702, "clientWidth": 1349, "width": 1349, "offset": {"top": 0, "left": 0}, "offsetHeight": 702, "offsetWidth": 1349, "id": "document"}, "target": {"outerHeight": 28, "nodeName": "INPUT", "outerWidthWithMargin": 86, "outerWidth": 86, "innerWidth": 84, "height": 20, "width": 64, "innerHeight": 26, "offset": {"top": 634, "left": 10}, "position": {"top": 634, "left": 10}, "outerHeightWithMargin": 28, "id": "submit", "tabindex": "2"}, "shiftKey": false, "button": 0, "ctrlKey": false, "offsetX": 40, "offsetY": 7, "buttons": 1, "metaKey": false, "altKey": false, "currentTarget": {"nodeName": "#document", "clientHeight": 644, "height": 702, "clientWidth": 1349, "width": 1349, "offset": {"top": 0, "left": 0}, "offsetHeight": 702, "offsetWidth": 1349, "id": "document"}, "which": 1, "pageY": 642, "pageX": 51, "screenY": 668, "screenX": 51, "timeStamp": 1389138983442, "eventPhase": 3}, "extra": {}}, {"type": "mouseup", "time": 3498.0, "e": {"clientX": 51, "clientY": 584, "delegateTarget": {"nodeName": "#document", "clientHeight": 644, "height": 702, "clientWidth": 1349, "width": 1349, "offset": {"top": 0, "left": 0}, "offsetHeight": 702, "offsetWidth": 1349, "id": "document"}, "target": {"outerHeight": 28, "nodeName": "INPUT", "outerWidthWithMargin": 86, "outerWidth": 86, "innerWidth": 84, "height": 20, "width": 64, "innerHeight": 26, "offset": {"top": 634, "left": 10}, "position": {"top": 634, "left": 10}, "outerHeightWithMargin": 28, "id": "submit", "tabindex": "2"}, "shiftKey": false, "button": 0, "ctrlKey": false, "offsetX": 40, "offsetY": 7, "buttons": 0, "metaKey": false, "altKey": false, "currentTarget": {"nodeName": "#document", "clientHeight": 644, "height": 702, "clientWidth": 1349, "width": 1349, "offset": {"top": 0, "left": 0}, "offsetHeight": 702, "offsetWidth": 1349, "id": "document"}, "which": 1, "pageY": 642, "pageX": 51, "screenY": 668, "screenX": 51, "timeStamp": 1389138983634, "eventPhase": 3}, "extra": {"selectedText": ""}}, {"e": {"clientX": 51, "clientY": 584, "delegateTarget": {"nodeName": "#document", "clientHeight": 644, "height": 702, "clientWidth": 1349, "width": 1349, "offset": {"top": 0, "left": 0}, "offsetHeight": 702, "offsetWidth": 1349, "id": "document"}, "target": {"outerHeight": 28, "nodeName": "INPUT", "outerWidthWithMargin": 86, "outerWidth": 86, "innerWidth": 84, "height": 20, "width": 64, "innerHeight": 26, "offset": {"top": 634, "left": 10}, "position": {"top": 634, "left": 10}, "outerHeightWithMargin": 28, "id": "submit", "tabindex": "2"}, "shiftKey": false, "button": 0, "ctrlKey": false, "offsetX": 40, "offsetY": 7, "buttons": 0, "metaKey": false, "altKey": false, "currentTarget": {"nodeName": "#document", "clientHeight": 644, "height": 702, "clientWidth": 1349, "width": 1349, "offset": {"top": 0, "left": 0}, "offsetHeight": 702, "offsetWidth": 1349, "id": "document"}, "which": 1, "pageY": 642, "pageX": 51, "screenY": 668, "screenX": 51, "timeStamp": 1389138983635, "eventPhase": 3}, "extra": {"selectedText": ""}, "time": 3499.0, "y": 642, "x": 51, "type": "click"}]}