{"keydown_event": [], "scroll_event": [], "mouse_click_event": [{"e": {"clientX": 57, "clientY": 290, "delegateTarget": {"nodeName": "#document", "clientHeight": 639, "height": 639, "clientWidth": 1152, "width": 1152, "offset": {"top": 0, "left": 0}, "offsetHeight": 320, "offsetWidth": 1152, "id": "document"}, "target": {"outerHeight": 26, "nodeName": "INPUT", "outerWidthWithMargin": 80, "outerWidth": 80, "innerWidth": 76.79999995231628, "height": 20.799999952316284, "width": 64.79999995231628, "innerHeight": 22.799999952316284, "offset": {"top": 274.8000183105469, "left": 10}, "position": {"top": 274.8000183105469, "left": 10}, "outerHeightWithMargin": 26, "id": "submit", "tabindex": "2"}, "shiftKey": false, "button": 0, "ctrlKey": false, "offsetX": 47, "offsetY": 15, "altKey": false, "metaKey": false, "currentTarget": {"nodeName": "#document", "clientHeight": 639, "height": 639, "clientWidth": 1152, "width": 1152, "offset": {"top": 0, "left": 0}, "offsetHeight": 320, "offsetWidth": 1152, "id": "document"}, "which": 1, "pageY": 290, "pageX": 57, "screenY": 424, "screenX": 72, "timeStamp": 1389175777503, "eventPhase": 3}, "extra": {"selectedText": ""}, "time": 3984.0, "y": 290, "x": 57, "type": "click"}], "mouse_move_event": [{"e": {"clientX": 56, "clientY": 278, "delegateTarget": {"nodeName": "#document", "clientHeight": 639, "height": 639, "clientWidth": 1152, "width": 1152, "offset": {"top": 0, "left": 0}, "offsetHeight": 320, "offsetWidth": 1152, "id": "document"}, "target": {"outerHeight": 26, "nodeName": "INPUT", "outerWidthWithMargin": 80, "outerWidth": 80, "innerWidth": 76.79999995231628, "height": 20.799999952316284, "width": 64.79999995231628, "innerHeight": 22.799999952316284, "offset": {"top": 274.8000183105469, "left": 10}, "position": {"top": 274.8000183105469, "left": 10}, "outerHeightWithMargin": 26, "id": "submit", "tabindex": "2"}, "shiftKey": false, "button": 0, "ctrlKey": false, "offsetX": 46, "offsetY": 3, "altKey": false, "metaKey": false, "currentTarget": {"nodeName": "#document", "clientHeight": 639, "height": 639, "clientWidth": 1152, "width": 1152, "offset": {"top": 0, "left": 0}, "offsetHeight": 320, "offsetWidth": 1152, "id": "document"}, "which": 0, "pageY": 278, "pageX": 56, "screenY": 409, "screenX": 70, "timeStamp": 1389175773519, "eventPhase": 3}, "extra": {"selectedText": ""}, "time": 0.0, "y": 278, "x": 56, "type": "mousemove"}, {"e": {"clientX": 56, "clientY": 278, "delegateTarget": {"nodeName": "#document", "clientHeight": 639, "height": 639, "clientWidth": 1152, "width": 1152, "offset": {"top": 0, "left": 0}, "offsetHeight": 320, "offsetWidth": 1152, "id": "document"}, "target": {"outerHeight": 26, "nodeName": "INPUT", "outerWidthWithMargin": 80, "outerWidth": 80, "innerWidth": 76.79999995231628, "height": 20.799999952316284, "width": 64.79999995231628, "innerHeight": 22.799999952316284, "offset": {"top": 274.8000183105469, "left": 10}, "position": {"top": 274.8000183105469, "left": 10}, "outerHeightWithMargin": 26, "id": "submit", "tabindex": "2"}, "shiftKey": false, "button": 0, "ctrlKey": false, "offsetX": 46, "offsetY": 3, "altKey": false, "metaKey": false, "currentTarget": {"nodeName": "#document", "clientHeight": 639, "height": 639, "clientWidth": 1152, "width": 1152, "offset": {"top": 0, "left": 0}, "offsetHeight": 320, "offsetWidth": 1152, "id": "document"}, "which": 0, "pageY": 278, "pageX": 56, "screenY": 409, "screenX": 70, "timeStamp": 1389175773566, "eventPhase": 3}, "extra": {"selectedText": ""}, "time": 47.0, "y": 278, "x": 56, "type": "mousemove"}, {"e": {"clientX": 56, "clientY": 278, "delegateTarget": {"nodeName": "#document", "clientHeight": 639, "height": 639, "clientWidth": 1152, "width": 1152, "offset": {"top": 0, "left": 0}, "offsetHeight": 320, "offsetWidth": 1152, "id": "document"}, "target": {"outerHeight": 26, "nodeName": "INPUT", "outerWidthWithMargin": 80, "outerWidth": 80, "innerWidth": 76.79999995231628, "height": 20.799999952316284, "width": 64.79999995231628, "innerHeight": 22.799999952316284, "offset": {"top": 274.8000183105469, "left": 10}, "position": {"top": 274.8000183105469, "left": 10}, "outerHeightWithMargin": 26, "id": "submit", "tabindex": "2"}, "shiftKey": false, "button": 0, "ctrlKey": false, "offsetX": 46, "offsetY": 3, "altKey": false, "metaKey": false, "currentTarget": {"nodeName": "#document", "clientHeight": 639, "height": 639, "clientWidth": 1152, "width": 1152, "offset": {"top": 0, "left": 0}, "offsetHeight": 320, "offsetWidth": 1152, "id": "document"}, "which": 0, "pageY": 278, "pageX": 56, "screenY": 409, "screenX": 70, "timeStamp": 1389175773738, "eventPhase": 3}, "extra": {"selectedText": ""}, "time": 219.0, "y": 278, "x": 56, "type": "mousemove"}, {"e": {"clientX": 56, "clientY": 279, "delegateTarget": {"nodeName": "#document", "clientHeight": 639, "height": 639, "clientWidth": 1152, "width": 1152, "offset": {"top": 0, "left": 0}, "offsetHeight": 320, "offsetWidth": 1152, "id": "document"}, "target": {"outerHeight": 26, "nodeName": "INPUT", "outerWidthWithMargin": 80, "outerWidth": 80, "innerWidth": 76.79999995231628, "height": 20.799999952316284, "width": 64.79999995231628, "innerHeight": 22.799999952316284, "offset": {"top": 274.8000183105469, "left": 10}, "position": {"top": 274.8000183105469, "left": 10}, "outerHeightWithMargin": 26, "id": "submit", "tabindex": "2"}, "shiftKey": false, "button": 0, "ctrlKey": false, "offsetX": 46, "offsetY": 4, "altKey": false, "metaKey": false, "currentTarget": {"nodeName": "#document", "clientHeight": 639, "height": 639, "clientWidth": 1152, "width": 1152, "offset": {"top": 0, "left": 0}, "offsetHeight": 320, "offsetWidth": 1152, "id": "document"}, "which": 0, "pageY": 279, "pageX": 56, "screenY": 410, "screenX": 70, "timeStamp": 1389175776847, "eventPhase": 3}, "extra": {"selectedText": ""}, "time": 3328.0, "y": 279, "x": 56, "type": "mousemove"}, {"e": {"clientX": 56, "clientY": 280, "delegateTarget": {"nodeName": "#document", "clientHeight": 639, "height": 639, "clientWidth": 1152, "width": 1152, "offset": {"top": 0, "left": 0}, "offsetHeight": 320, "offsetWidth": 1152, "id": "document"}, "target": {"outerHeight": 26, "nodeName": "INPUT", "outerWidthWithMargin": 80, "outerWidth": 80, "innerWidth": 76.79999995231628, "height": 20.799999952316284, "width": 64.79999995231628, "innerHeight": 22.799999952316284, "offset": {"top": 274.8000183105469, "left": 10}, "position": {"top": 274.8000183105469, "left": 10}, "outerHeightWithMargin": 26, "id": "submit", "tabindex": "2"}, "shiftKey": false, "button": 0, "ctrlKey": false, "offsetX": 46, "offsetY": 5, "altKey": false, "metaKey": false, "currentTarget": {"nodeName": "#document", "clientHeight": 639, "height": 639, "clientWidth": 1152, "width": 1152, "offset": {"top": 0, "left": 0}, "offsetHeight": 320, "offsetWidth": 1152, "id": "document"}, "which": 0, "pageY": 280, "pageX": 56, "screenY": 411, "screenX": 70, "timeStamp": 1389175776863, "eventPhase": 3}, "extra": {"selectedText": ""}, "time": 3344.0, "y": 280, "x": 56, "type": "mousemove"}, {"e": {"clientX": 56, "clientY": 280, "delegateTarget": {"nodeName": "#document", "clientHeight": 639, "height": 639, "clientWidth": 1152, "width": 1152, "offset": {"top": 0, "left": 0}, "offsetHeight": 320, "offsetWidth": 1152, "id": "document"}, "target": {"outerHeight": 26, "nodeName": "INPUT", "outerWidthWithMargin": 80, "outerWidth": 80, "innerWidth": 76.79999995231628, "height": 20.799999952316284, "width": 64.79999995231628, "innerHeight": 22.799999952316284, "offset": {"top": 274.8000183105469, "left": 10}, "position": {"top": 274.8000183105469, "left": 10}, "outerHeightWithMargin": 26, "id": "submit", "tabindex": "2"}, "shiftKey": false, "button": 0, "ctrlKey": false, "offsetX": 46, "offsetY": 5, "altKey": false, "metaKey": false, "currentTarget": {"nodeName": "#document", "clientHeight": 639, "height": 639, "clientWidth": 1152, "width": 1152, "offset": {"top": 0, "left": 0}, "offsetHeight": 320, "offsetWidth": 1152, "id": "document"}, "which": 0, "pageY": 280, "pageX": 56, "screenY": 412, "screenX": 70, "timeStamp": 1389175776878, "eventPhase": 3}, "extra": {"selectedText": ""}, "time": 3359.0, "y": 280, "x": 56, "type": "mousemove"}, {"e": {"clientX": 56, "clientY": 281, "delegateTarget": {"nodeName": "#document", "clientHeight": 639, "height": 639, "clientWidth": 1152, "width": 1152, "offset": {"top": 0, "left": 0}, "offsetHeight": 320, "offsetWidth": 1152, "id": "document"}, "target": {"outerHeight": 26, "nodeName": "INPUT", "outerWidthWithMargin": 80, "outerWidth": 80, "innerWidth": 76.79999995231628, "height": 20.799999952316284, "width": 64.79999995231628, "innerHeight": 22.799999952316284, "offset": {"top": 274.8000183105469, "left": 10}, "position": {"top": 274.8000183105469, "left": 10}, "outerHeightWithMargin": 26, "id": "submit", "tabindex": "2"}, "shiftKey": false, "button": 0, "ctrlKey": false, "offsetX": 46, "offsetY": 6, "altKey": false, "metaKey": false, "currentTarget": {"nodeName": "#document", "clientHeight": 639, "height": 639, "clientWidth": 1152, "width": 1152, "offset": {"top": 0, "left": 0}, "offsetHeight": 320, "offsetWidth": 1152, "id": "document"}, "which": 0, "pageY": 281, "pageX": 56, "screenY": 413, "screenX": 70, "timeStamp": 1389175776894, "eventPhase": 3}, "extra": {"selectedText": ""}, "time": 3375.0, "y": 281, "x": 56, "type": "mousemove"}, {"e": {"clientX": 56, "clientY": 284, "delegateTarget": {"nodeName": "#document", "clientHeight": 639, "height": 639, "clientWidth": 1152, "width": 1152, "offset": {"top": 0, "left": 0}, "offsetHeight": 320, "offsetWidth": 1152, "id": "document"}, "target": {"outerHeight": 26, "nodeName": "INPUT", "outerWidthWithMargin": 80, "outerWidth": 80, "innerWidth": 76.79999995231628, "height": 20.799999952316284, "width": 64.79999995231628, "innerHeight": 22.799999952316284, "offset": {"top": 274.8000183105469, "left": 10}, "position": {"top": 274.8000183105469, "left": 10}, "outerHeightWithMargin": 26, "id": "submit", "tabindex": "2"}, "shiftKey": false, "button": 0, "ctrlKey": false, "offsetX": 46, "offsetY": 9, "altKey": false, "metaKey": false, "currentTarget": {"nodeName": "#document", "clientHeight": 639, "height": 639, "clientWidth": 1152, "width": 1152, "offset": {"top": 0, "left": 0}, "offsetHeight": 320, "offsetWidth": 1152, "id": "document"}, "which": 0, "pageY": 284, "pageX": 56, "screenY": 416, "screenX": 70, "timeStamp": 1389175776894, "eventPhase": 3}, "extra": {"selectedText": ""}, "time": 3375.0, "y": 284, "x": 56, "type": "mousemove"}, {"e": {"clientX": 56, "clientY": 284, "delegateTarget": {"nodeName": "#document", "clientHeight": 639, "height": 639, "clientWidth": 1152, "width": 1152, "offset": {"top": 0, "left": 0}, "offsetHeight": 320, "offsetWidth": 1152, "id": "document"}, "target": {"outerHeight": 26, "nodeName": "INPUT", "outerWidthWithMargin": 80, "outerWidth": 80, "innerWidth": 76.79999995231628, "height": 20.799999952316284, "width": 64.79999995231628, "innerHeight": 22.799999952316284, "offset": {"top": 274.8000183105469, "left": 10}, "position": {"top": 274.8000183105469, "left": 10}, "outerHeightWithMargin": 26, "id": "submit", "tabindex": "2"}, "shiftKey": false, "button": 0, "ctrlKey": false, "offsetX": 46, "offsetY": 9, "altKey": false, "metaKey": false, "currentTarget": {"nodeName": "#document", "clientHeight": 639, "height": 639, "clientWidth": 1152, "width": 1152, "offset": {"top": 0, "left": 0}, "offsetHeight": 320, "offsetWidth": 1152, "id": "document"}, "which": 0, "pageY": 284, "pageX": 56, "screenY": 417, "screenX": 70, "timeStamp": 1389175776910, "eventPhase": 3}, "extra": {"selectedText": ""}, "time": 3391.0, "y": 284, "x": 56, "type": "mousemove"}, {"e": {"clientX": 56, "clientY": 285, "delegateTarget": {"nodeName": "#document", "clientHeight": 639, "height": 639, "clientWidth": 1152, "width": 1152, "offset": {"top": 0, "left": 0}, "offsetHeight": 320, "offsetWidth": 1152, "id": "document"}, "target": {"outerHeight": 26, "nodeName": "INPUT", "outerWidthWithMargin": 80, "outerWidth": 80, "innerWidth": 76.79999995231628, "height": 20.799999952316284, "width": 64.79999995231628, "innerHeight": 22.799999952316284, "offset": {"top": 274.8000183105469, "left": 10}, "position": {"top": 274.8000183105469, "left": 10}, "outerHeightWithMargin": 26, "id": "submit", "tabindex": "2"}, "shiftKey": false, "button": 0, "ctrlKey": false, "offsetX": 46, "offsetY": 10, "altKey": false, "metaKey": false, "currentTarget": {"nodeName": "#document", "clientHeight": 639, "height": 639, "clientWidth": 1152, "width": 1152, "offset": {"top": 0, "left": 0}, "offsetHeight": 320, "offsetWidth": 1152, "id": "document"}, "which": 0, "pageY": 285, "pageX": 56, "screenY": 418, "screenX": 70, "timeStamp": 1389175776910, "eventPhase": 3}, "extra": {"selectedText": ""}, "time": 3391.0, "y": 285, "x": 56, "type": "mousemove"}, {"e": {"clientX": 56, "clientY": 287, "delegateTarget": {"nodeName": "#document", "clientHeight": 639, "height": 639, "clientWidth": 1152, "width": 1152, "offset": {"top": 0, "left": 0}, "offsetHeight": 320, "offsetWidth": 1152, "id": "document"}, "target": {"outerHeight": 26, "nodeName": "INPUT", "outerWidthWithMargin": 80, "outerWidth": 80, "innerWidth": 76.79999995231628, "height": 20.799999952316284, "width": 64.79999995231628, "innerHeight": 22.799999952316284, "offset": {"top": 274.8000183105469, "left": 10}, "position": {"top": 274.8000183105469, "left": 10}, "outerHeightWithMargin": 26, "id": "submit", "tabindex": "2"}, "shiftKey": false, "button": 0, "ctrlKey": false, "offsetX": 46, "offsetY": 12, "altKey": false, "metaKey": false, "currentTarget": {"nodeName": "#document", "clientHeight": 639, "height": 639, "clientWidth": 1152, "width": 1152, "offset": {"top": 0, "left": 0}, "offsetHeight": 320, "offsetWidth": 1152, "id": "document"}, "which": 0, "pageY": 287, "pageX": 56, "screenY": 420, "screenX": 70, "timeStamp": 1389175776925, "eventPhase": 3}, "extra": {"selectedText": ""}, "time": 3406.0, "y": 287, "x": 56, "type": "mousemove"}, {"e": {"clientX": 56, "clientY": 288, "delegateTarget": {"nodeName": "#document", "clientHeight": 639, "height": 639, "clientWidth": 1152, "width": 1152, "offset": {"top": 0, "left": 0}, "offsetHeight": 320, "offsetWidth": 1152, "id": "document"}, "target": {"outerHeight": 26, "nodeName": "INPUT", "outerWidthWithMargin": 80, "outerWidth": 80, "innerWidth": 76.79999995231628, "height": 20.799999952316284, "width": 64.79999995231628, "innerHeight": 22.799999952316284, "offset": {"top": 274.8000183105469, "left": 10}, "position": {"top": 274.8000183105469, "left": 10}, "outerHeightWithMargin": 26, "id": "submit", "tabindex": "2"}, "shiftKey": false, "button": 0, "ctrlKey": false, "offsetX": 46, "offsetY": 13, "altKey": false, "metaKey": false, "currentTarget": {"nodeName": "#document", "clientHeight": 639, "height": 639, "clientWidth": 1152, "width": 1152, "offset": {"top": 0, "left": 0}, "offsetHeight": 320, "offsetWidth": 1152, "id": "document"}, "which": 0, "pageY": 288, "pageX": 56, "screenY": 422, "screenX": 71, "timeStamp": 1389175776925, "eventPhase": 3}, "extra": {"selectedText": ""}, "time": 3406.0, "y": 288, "x": 56, "type": "mousemove"}, {"e": {"clientX": 56, "clientY": 289, "delegateTarget": {"nodeName": "#document", "clientHeight": 639, "height": 639, "clientWidth": 1152, "width": 1152, "offset": {"top": 0, "left": 0}, "offsetHeight": 320, "offsetWidth": 1152, "id": "document"}, "target": {"outerHeight": 26, "nodeName": "INPUT", "outerWidthWithMargin": 80, "outerWidth": 80, "innerWidth": 76.79999995231628, "height": 20.799999952316284, "width": 64.79999995231628, "innerHeight": 22.799999952316284, "offset": {"top": 274.8000183105469, "left": 10}, "position": {"top": 274.8000183105469, "left": 10}, "outerHeightWithMargin": 26, "id": "submit", "tabindex": "2"}, "shiftKey": false, "button": 0, "ctrlKey": false, "offsetX": 46, "offsetY": 14, "altKey": false, "metaKey": false, "currentTarget": {"nodeName": "#document", "clientHeight": 639, "height": 639, "clientWidth": 1152, "width": 1152, "offset": {"top": 0, "left": 0}, "offsetHeight": 320, "offsetWidth": 1152, "id": "document"}, "which": 0, "pageY": 289, "pageX": 56, "screenY": 423, "screenX": 71, "timeStamp": 1389175776956, "eventPhase": 3}, "extra": {"selectedText": ""}, "time": 3437.0, "y": 289, "x": 56, "type": "mousemove"}, {"e": {"clientX": 56, "clientY": 290, "delegateTarget": {"nodeName": "#document", "clientHeight": 639, "height": 639, "clientWidth": 1152, "width": 1152, "offset": {"top": 0, "left": 0}, "offsetHeight": 320, "offsetWidth": 1152, "id": "document"}, "target": {"outerHeight": 26, "nodeName": "INPUT", "outerWidthWithMargin": 80, "outerWidth": 80, "innerWidth": 76.79999995231628, "height": 20.799999952316284, "width": 64.79999995231628, "innerHeight": 22.799999952316284, "offset": {"top": 274.8000183105469, "left": 10}, "position": {"top": 274.8000183105469, "left": 10}, "outerHeightWithMargin": 26, "id": "submit", "tabindex": "2"}, "shiftKey": false, "button": 0, "ctrlKey": false, "offsetX": 46, "offsetY": 15, "altKey": false, "metaKey": false, "currentTarget": {"nodeName": "#document", "clientHeight": 639, "height": 639, "clientWidth": 1152, "width": 1152, "offset": {"top": 0, "left": 0}, "offsetHeight": 320, "offsetWidth": 1152, "id": "document"}, "which": 0, "pageY": 290, "pageX": 56, "screenY": 424, "screenX": 71, "timeStamp": 1389175776956, "eventPhase": 3}, "extra": {"selectedText": ""}, "time": 3437.0, "y": 290, "x": 56, "type": "mousemove"}, {"e": {"clientX": 57, "clientY": 290, "delegateTarget": {"nodeName": "#document", "clientHeight": 639, "height": 639, "clientWidth": 1152, "width": 1152, "offset": {"top": 0, "left": 0}, "offsetHeight": 320, "offsetWidth": 1152, "id": "document"}, "target": {"outerHeight": 26, "nodeName": "INPUT", "outerWidthWithMargin": 80, "outerWidth": 80, "innerWidth": 76.79999995231628, "height": 20.799999952316284, "width": 64.79999995231628, "innerHeight": 22.799999952316284, "offset": {"top": 274.8000183105469, "left": 10}, "position": {"top": 274.8000183105469, "left": 10}, "outerHeightWithMargin": 26, "id": "submit", "tabindex": "2"}, "shiftKey": false, "button": 0, "ctrlKey": false, "offsetX": 47, "offsetY": 15, "altKey": false, "metaKey": false, "currentTarget": {"nodeName": "#document", "clientHeight": 639, "height": 639, "clientWidth": 1152, "width": 1152, "offset": {"top": 0, "left": 0}, "offsetHeight": 320, "offsetWidth": 1152, "id": "document"}, "which": 0, "pageY": 290, "pageX": 57, "screenY": 424, "screenX": 72, "timeStamp": 1389175776972, "eventPhase": 3}, "extra": {"selectedText": ""}, "time": 3453.0, "y": 290, "x": 57, "type": "mousemove"}], "init_event": [{"type": "init", "time": 0.0, "e": {"clientX": 56, "clientY": 278, "delegateTarget": {"nodeName": "#document", "clientHeight": 639, "height": 639, "clientWidth": 1152, "width": 1152, "offset": {"top": 0, "left": 0}, "offsetHeight": 320, "offsetWidth": 1152, "id": "document"}, "target": {"outerHeight": 26, "nodeName": "INPUT", "outerWidthWithMargin": 80, "outerWidth": 80, "innerWidth": 76.79999995231628, "height": 20.799999952316284, "width": 64.79999995231628, "innerHeight": 22.799999952316284, "offset": {"top": 274.8000183105469, "left": 10}, "position": {"top": 274.8000183105469, "left": 10}, "outerHeightWithMargin": 26, "id": "submit", "tabindex": "2"}, "shiftKey": false, "button": 0, "ctrlKey": false, "offsetX": 46, "offsetY": 3, "altKey": false, "metaKey": false, "currentTarget": {"nodeName": "#document", "clientHeight": 639, "height": 639, "clientWidth": 1152, "width": 1152, "offset": {"top": 0, "left": 0}, "offsetHeight": 320, "offsetWidth": 1152, "id": "document"}, "which": 0, "pageY": 278, "pageX": 56, "screenY": 409, "screenX": 70, "timeStamp": 1389175773519, "eventPhase": 3}, "extra": {"body": {"outerWidth": 1152, "innerWidth": 1152, "outerHeight": 300, "height": 290, "width": 1142, "innerHeight": 300, "offset": {"top": 0, "left": 0}, "outerWidthWithMargin": 1152, "outerHeightWithMargin": 300}, "scrollOffset": {"pageYOffset": 0, "pageXOffset": 0}, "screen": {"pixelDepth": 32, "width": 1440, "availHeight": 860, "height": 900, "availWidth": 1440, "colorDepth": 32}, "zoom": {"zoomLevel": 0, "devicePixelRatio": 1.25}, "window": {"screenX": 0, "outerWidth": 1440, "innerWidth": 1152, "height": 639, "width": 1152, "innerHeight": 638, "offset": {"top": 0, "left": 0}, "screenY": 0, "outerHeight": 860}, "version": 2, "navigator": {"product": "Gecko", "language": "en-US", "appName": "Netscape", "appCodeName": "Mozilla", "cookieEnabled": true, "appVersion": "5.0 (Windows NT 6.1) AppleWebKit/537.36 (KHTML, like Gecko) Chrome/31.0.1650.63 Safari/537.36", "platform": "Win32", "userAgent": "Mozilla/5.0 (Windows NT 6.1) AppleWebKit/537.36 (KHTML, like Gecko) Chrome/31.0.1650.63 Safari/537.36"}, "document": {"clientHeight": 639, "height": 639, "clientWidth": 1152, "width": 1152, "offset": {"top": 0, "left": 0}, "offsetHeight": 320, "offsetWidth": 1152}}}], "misc_event": [{"type": "init", "time": 0.0, "e": {"clientX": 56, "clientY": 278, "delegateTarget": {"nodeName": "#document", "clientHeight": 639, "height": 639, "clientWidth": 1152, "width": 1152, "offset": {"top": 0, "left": 0}, "offsetHeight": 320, "offsetWidth": 1152, "id": "document"}, "target": {"outerHeight": 26, "nodeName": "INPUT", "outerWidthWithMargin": 80, "outerWidth": 80, "innerWidth": 76.79999995231628, "height": 20.799999952316284, "width": 64.79999995231628, "innerHeight": 22.799999952316284, "offset": {"top": 274.8000183105469, "left": 10}, "position": {"top": 274.8000183105469, "left": 10}, "outerHeightWithMargin": 26, "id": "submit", "tabindex": "2"}, "shiftKey": false, "button": 0, "ctrlKey": false, "offsetX": 46, "offsetY": 3, "altKey": false, "metaKey": false, "currentTarget": {"nodeName": "#document", "clientHeight": 639, "height": 639, "clientWidth": 1152, "width": 1152, "offset": {"top": 0, "left": 0}, "offsetHeight": 320, "offsetWidth": 1152, "id": "document"}, "which": 0, "pageY": 278, "pageX": 56, "screenY": 409, "screenX": 70, "timeStamp": 1389175773519, "eventPhase": 3}, "extra": {"body": {"outerWidth": 1152, "innerWidth": 1152, "outerHeight": 300, "height": 290, "width": 1142, "innerHeight": 300, "offset": {"top": 0, "left": 0}, "outerWidthWithMargin": 1152, "outerHeightWithMargin": 300}, "scrollOffset": {"pageYOffset": 0, "pageXOffset": 0}, "screen": {"pixelDepth": 32, "width": 1440, "availHeight": 860, "height": 900, "availWidth": 1440, "colorDepth": 32}, "zoom": {"zoomLevel": 0, "devicePixelRatio": 1.25}, "window": {"screenX": 0, "outerWidth": 1440, "innerWidth": 1152, "height": 639, "width": 1152, "innerHeight": 638, "offset": {"top": 0, "left": 0}, "screenY": 0, "outerHeight": 860}, "version": 2, "navigator": {"product": "Gecko", "language": "en-US", "appName": "Netscape", "appCodeName": "Mozilla", "cookieEnabled": true, "appVersion": "5.0 (Windows NT 6.1) AppleWebKit/537.36 (KHTML, like Gecko) Chrome/31.0.1650.63 Safari/537.36", "platform": "Win32", "userAgent": "Mozilla/5.0 (Windows NT 6.1) AppleWebKit/537.36 (KHTML, like Gecko) Chrome/31.0.1650.63 Safari/537.36"}, "document": {"clientHeight": 639, "height": 639, "clientWidth": 1152, "width": 1152, "offset": {"top": 0, "left": 0}, "offsetHeight": 320, "offsetWidth": 1152}}}, {"e": {"clientX": 56, "clientY": 278, "delegateTarget": {"nodeName": "#document", "clientHeight": 639, "height": 639, "clientWidth": 1152, "width": 1152, "offset": {"top": 0, "left": 0}, "offsetHeight": 320, "offsetWidth": 1152, "id": "document"}, "target": {"outerHeight": 26, "nodeName": "INPUT", "outerWidthWithMargin": 80, "outerWidth": 80, "innerWidth": 76.79999995231628, "height": 20.799999952316284, "width": 64.79999995231628, "innerHeight": 22.799999952316284, "offset": {"top": 274.8000183105469, "left": 10}, "position": {"top": 274.8000183105469, "left": 10}, "outerHeightWithMargin": 26, "id": "submit", "tabindex": "2"}, "shiftKey": false, "button": 0, "ctrlKey": false, "offsetX": 46, "offsetY": 3, "altKey": false, "metaKey": false, "currentTarget": {"nodeName": "#document", "clientHeight": 639, "height": 639, "clientWidth": 1152, "width": 1152, "offset": {"top": 0, "left": 0}, "offsetHeight": 320, "offsetWidth": 1152, "id": "document"}, "which": 0, "pageY": 278, "pageX": 56, "screenY": 409, "screenX": 70, "timeStamp": 1389175773519, "eventPhase": 3}, "extra": {"selectedText": ""}, "time": 0.0, "y": 278, "x": 56, "type": "mousemove"}, {"e": {"clientX": 56, "clientY": 278, "delegateTarget": {"nodeName": "#document", "clientHeight": 639, "height": 639, "clientWidth": 1152, "width": 1152, "offset": {"top": 0, "left": 0}, "offsetHeight": 320, "offsetWidth": 1152, "id": "document"}, "target": {"outerHeight": 26, "nodeName": "INPUT", "outerWidthWithMargin": 80, "outerWidth": 80, "innerWidth": 76.79999995231628, "height": 20.799999952316284, "width": 64.79999995231628, "innerHeight": 22.799999952316284, "offset": {"top": 274.8000183105469, "left": 10}, "position": {"top": 274.8000183105469, "left": 10}, "outerHeightWithMargin": 26, "id": "submit", "tabindex": "2"}, "shiftKey": false, "button": 0, "ctrlKey": false, "offsetX": 46, "offsetY": 3, "altKey": false, "metaKey": false, "currentTarget": {"nodeName": "#document", "clientHeight": 639, "height": 639, "clientWidth": 1152, "width": 1152, "offset": {"top": 0, "left": 0}, "offsetHeight": 320, "offsetWidth": 1152, "id": "document"}, "which": 0, "pageY": 278, "pageX": 56, "screenY": 409, "screenX": 70, "timeStamp": 1389175773566, "eventPhase": 3}, "extra": {"selectedText": ""}, "time": 47.0, "y": 278, "x": 56, "type": "mousemove"}, {"e": {"clientX": 56, "clientY": 278, "delegateTarget": {"nodeName": "#document", "clientHeight": 639, "height": 639, "clientWidth": 1152, "width": 1152, "offset": {"top": 0, "left": 0}, "offsetHeight": 320, "offsetWidth": 1152, "id": "document"}, "target": {"outerHeight": 26, "nodeName": "INPUT", "outerWidthWithMargin": 80, "outerWidth": 80, "innerWidth": 76.79999995231628, "height": 20.799999952316284, "width": 64.79999995231628, "innerHeight": 22.799999952316284, "offset": {"top": 274.8000183105469, "left": 10}, "position": {"top": 274.8000183105469, "left": 10}, "outerHeightWithMargin": 26, "id": "submit", "tabindex": "2"}, "shiftKey": false, "button": 0, "ctrlKey": false, "offsetX": 46, "offsetY": 3, "altKey": false, "metaKey": false, "currentTarget": {"nodeName": "#document", "clientHeight": 639, "height": 639, "clientWidth": 1152, "width": 1152, "offset": {"top": 0, "left": 0}, "offsetHeight": 320, "offsetWidth": 1152, "id": "document"}, "which": 0, "pageY": 278, "pageX": 56, "screenY": 409, "screenX": 70, "timeStamp": 1389175773738, "eventPhase": 3}, "extra": {"selectedText": ""}, "time": 219.0, "y": 278, "x": 56, "type": "mousemove"}, {"e": {"clientX": 56, "clientY": 279, "delegateTarget": {"nodeName": "#document", "clientHeight": 639, "height": 639, "clientWidth": 1152, "width": 1152, "offset": {"top": 0, "left": 0}, "offsetHeight": 320, "offsetWidth": 1152, "id": "document"}, "target": {"outerHeight": 26, "nodeName": "INPUT", "outerWidthWithMargin": 80, "outerWidth": 80, "innerWidth": 76.79999995231628, "height": 20.799999952316284, "width": 64.79999995231628, "innerHeight": 22.799999952316284, "offset": {"top": 274.8000183105469, "left": 10}, "position": {"top": 274.8000183105469, "left": 10}, "outerHeightWithMargin": 26, "id": "submit", "tabindex": "2"}, "shiftKey": false, "button": 0, "ctrlKey": false, "offsetX": 46, "offsetY": 4, "altKey": false, "metaKey": false, "currentTarget": {"nodeName": "#document", "clientHeight": 639, "height": 639, "clientWidth": 1152, "width": 1152, "offset": {"top": 0, "left": 0}, "offsetHeight": 320, "offsetWidth": 1152, "id": "document"}, "which": 0, "pageY": 279, "pageX": 56, "screenY": 410, "screenX": 70, "timeStamp": 1389175776847, "eventPhase": 3}, "extra": {"selectedText": ""}, "time": 3328.0, "y": 279, "x": 56, "type": "mousemove"}, {"e": {"clientX": 56, "clientY": 280, "delegateTarget": {"nodeName": "#document", "clientHeight": 639, "height": 639, "clientWidth": 1152, "width": 1152, "offset": {"top": 0, "left": 0}, "offsetHeight": 320, "offsetWidth": 1152, "id": "document"}, "target": {"outerHeight": 26, "nodeName": "INPUT", "outerWidthWithMargin": 80, "outerWidth": 80, "innerWidth": 76.79999995231628, "height": 20.799999952316284, "width": 64.79999995231628, "innerHeight": 22.799999952316284, "offset": {"top": 274.8000183105469, "left": 10}, "position": {"top": 274.8000183105469, "left": 10}, "outerHeightWithMargin": 26, "id": "submit", "tabindex": "2"}, "shiftKey": false, "button": 0, "ctrlKey": false, "offsetX": 46, "offsetY": 5, "altKey": false, "metaKey": false, "currentTarget": {"nodeName": "#document", "clientHeight": 639, "height": 639, "clientWidth": 1152, "width": 1152, "offset": {"top": 0, "left": 0}, "offsetHeight": 320, "offsetWidth": 1152, "id": "document"}, "which": 0, "pageY": 280, "pageX": 56, "screenY": 411, "screenX": 70, "timeStamp": 1389175776863, "eventPhase": 3}, "extra": {"selectedText": ""}, "time": 3344.0, "y": 280, "x": 56, "type": "mousemove"}, {"e": {"clientX": 56, "clientY": 280, "delegateTarget": {"nodeName": "#document", "clientHeight": 639, "height": 639, "clientWidth": 1152, "width": 1152, "offset": {"top": 0, "left": 0}, "offsetHeight": 320, "offsetWidth": 1152, "id": "document"}, "target": {"outerHeight": 26, "nodeName": "INPUT", "outerWidthWithMargin": 80, "outerWidth": 80, "innerWidth": 76.79999995231628, "height": 20.799999952316284, "width": 64.79999995231628, "innerHeight": 22.799999952316284, "offset": {"top": 274.8000183105469, "left": 10}, "position": {"top": 274.8000183105469, "left": 10}, "outerHeightWithMargin": 26, "id": "submit", "tabindex": "2"}, "shiftKey": false, "button": 0, "ctrlKey": false, "offsetX": 46, "offsetY": 5, "altKey": false, "metaKey": false, "currentTarget": {"nodeName": "#document", "clientHeight": 639, "height": 639, "clientWidth": 1152, "width": 1152, "offset": {"top": 0, "left": 0}, "offsetHeight": 320, "offsetWidth": 1152, "id": "document"}, "which": 0, "pageY": 280, "pageX": 56, "screenY": 412, "screenX": 70, "timeStamp": 1389175776878, "eventPhase": 3}, "extra": {"selectedText": ""}, "time": 3359.0, "y": 280, "x": 56, "type": "mousemove"}, {"e": {"clientX": 56, "clientY": 281, "delegateTarget": {"nodeName": "#document", "clientHeight": 639, "height": 639, "clientWidth": 1152, "width": 1152, "offset": {"top": 0, "left": 0}, "offsetHeight": 320, "offsetWidth": 1152, "id": "document"}, "target": {"outerHeight": 26, "nodeName": "INPUT", "outerWidthWithMargin": 80, "outerWidth": 80, "innerWidth": 76.79999995231628, "height": 20.799999952316284, "width": 64.79999995231628, "innerHeight": 22.799999952316284, "offset": {"top": 274.8000183105469, "left": 10}, "position": {"top": 274.8000183105469, "left": 10}, "outerHeightWithMargin": 26, "id": "submit", "tabindex": "2"}, "shiftKey": false, "button": 0, "ctrlKey": false, "offsetX": 46, "offsetY": 6, "altKey": false, "metaKey": false, "currentTarget": {"nodeName": "#document", "clientHeight": 639, "height": 639, "clientWidth": 1152, "width": 1152, "offset": {"top": 0, "left": 0}, "offsetHeight": 320, "offsetWidth": 1152, "id": "document"}, "which": 0, "pageY": 281, "pageX": 56, "screenY": 413, "screenX": 70, "timeStamp": 1389175776894, "eventPhase": 3}, "extra": {"selectedText": ""}, "time": 3375.0, "y": 281, "x": 56, "type": "mousemove"}, {"e": {"clientX": 56, "clientY": 284, "delegateTarget": {"nodeName": "#document", "clientHeight": 639, "height": 639, "clientWidth": 1152, "width": 1152, "offset": {"top": 0, "left": 0}, "offsetHeight": 320, "offsetWidth": 1152, "id": "document"}, "target": {"outerHeight": 26, "nodeName": "INPUT", "outerWidthWithMargin": 80, "outerWidth": 80, "innerWidth": 76.79999995231628, "height": 20.799999952316284, "width": 64.79999995231628, "innerHeight": 22.799999952316284, "offset": {"top": 274.8000183105469, "left": 10}, "position": {"top": 274.8000183105469, "left": 10}, "outerHeightWithMargin": 26, "id": "submit", "tabindex": "2"}, "shiftKey": false, "button": 0, "ctrlKey": false, "offsetX": 46, "offsetY": 9, "altKey": false, "metaKey": false, "currentTarget": {"nodeName": "#document", "clientHeight": 639, "height": 639, "clientWidth": 1152, "width": 1152, "offset": {"top": 0, "left": 0}, "offsetHeight": 320, "offsetWidth": 1152, "id": "document"}, "which": 0, "pageY": 284, "pageX": 56, "screenY": 416, "screenX": 70, "timeStamp": 1389175776894, "eventPhase": 3}, "extra": {"selectedText": ""}, "time": 3375.0, "y": 284, "x": 56, "type": "mousemove"}, {"e": {"clientX": 56, "clientY": 284, "delegateTarget": {"nodeName": "#document", "clientHeight": 639, "height": 639, "clientWidth": 1152, "width": 1152, "offset": {"top": 0, "left": 0}, "offsetHeight": 320, "offsetWidth": 1152, "id": "document"}, "target": {"outerHeight": 26, "nodeName": "INPUT", "outerWidthWithMargin": 80, "outerWidth": 80, "innerWidth": 76.79999995231628, "height": 20.799999952316284, "width": 64.79999995231628, "innerHeight": 22.799999952316284, "offset": {"top": 274.8000183105469, "left": 10}, "position": {"top": 274.8000183105469, "left": 10}, "outerHeightWithMargin": 26, "id": "submit", "tabindex": "2"}, "shiftKey": false, "button": 0, "ctrlKey": false, "offsetX": 46, "offsetY": 9, "altKey": false, "metaKey": false, "currentTarget": {"nodeName": "#document", "clientHeight": 639, "height": 639, "clientWidth": 1152, "width": 1152, "offset": {"top": 0, "left": 0}, "offsetHeight": 320, "offsetWidth": 1152, "id": "document"}, "which": 0, "pageY": 284, "pageX": 56, "screenY": 417, "screenX": 70, "timeStamp": 1389175776910, "eventPhase": 3}, "extra": {"selectedText": ""}, "time": 3391.0, "y": 284, "x": 56, "type": "mousemove"}, {"e": {"clientX": 56, "clientY": 285, "delegateTarget": {"nodeName": "#document", "clientHeight": 639, "height": 639, "clientWidth": 1152, "width": 1152, "offset": {"top": 0, "left": 0}, "offsetHeight": 320, "offsetWidth": 1152, "id": "document"}, "target": {"outerHeight": 26, "nodeName": "INPUT", "outerWidthWithMargin": 80, "outerWidth": 80, "innerWidth": 76.79999995231628, "height": 20.799999952316284, "width": 64.79999995231628, "innerHeight": 22.799999952316284, "offset": {"top": 274.8000183105469, "left": 10}, "position": {"top": 274.8000183105469, "left": 10}, "outerHeightWithMargin": 26, "id": "submit", "tabindex": "2"}, "shiftKey": false, "button": 0, "ctrlKey": false, "offsetX": 46, "offsetY": 10, "altKey": false, "metaKey": false, "currentTarget": {"nodeName": "#document", "clientHeight": 639, "height": 639, "clientWidth": 1152, "width": 1152, "offset": {"top": 0, "left": 0}, "offsetHeight": 320, "offsetWidth": 1152, "id": "document"}, "which": 0, "pageY": 285, "pageX": 56, "screenY": 418, "screenX": 70, "timeStamp": 1389175776910, "eventPhase": 3}, "extra": {"selectedText": ""}, "time": 3391.0, "y": 285, "x": 56, "type": "mousemove"}, {"e": {"clientX": 56, "clientY": 287, "delegateTarget": {"nodeName": "#document", "clientHeight": 639, "height": 639, "clientWidth": 1152, "width": 1152, "offset": {"top": 0, "left": 0}, "offsetHeight": 320, "offsetWidth": 1152, "id": "document"}, "target": {"outerHeight": 26, "nodeName": "INPUT", "outerWidthWithMargin": 80, "outerWidth": 80, "innerWidth": 76.79999995231628, "height": 20.799999952316284, "width": 64.79999995231628, "innerHeight": 22.799999952316284, "offset": {"top": 274.8000183105469, "left": 10}, "position": {"top": 274.8000183105469, "left": 10}, "outerHeightWithMargin": 26, "id": "submit", "tabindex": "2"}, "shiftKey": false, "button": 0, "ctrlKey": false, "offsetX": 46, "offsetY": 12, "altKey": false, "metaKey": false, "currentTarget": {"nodeName": "#document", "clientHeight": 639, "height": 639, "clientWidth": 1152, "width": 1152, "offset": {"top": 0, "left": 0}, "offsetHeight": 320, "offsetWidth": 1152, "id": "document"}, "which": 0, "pageY": 287, "pageX": 56, "screenY": 420, "screenX": 70, "timeStamp": 1389175776925, "eventPhase": 3}, "extra": {"selectedText": ""}, "time": 3406.0, "y": 287, "x": 56, "type": "mousemove"}, {"e": {"clientX": 56, "clientY": 288, "delegateTarget": {"nodeName": "#document", "clientHeight": 639, "height": 639, "clientWidth": 1152, "width": 1152, "offset": {"top": 0, "left": 0}, "offsetHeight": 320, "offsetWidth": 1152, "id": "document"}, "target": {"outerHeight": 26, "nodeName": "INPUT", "outerWidthWithMargin": 80, "outerWidth": 80, "innerWidth": 76.79999995231628, "height": 20.799999952316284, "width": 64.79999995231628, "innerHeight": 22.799999952316284, "offset": {"top": 274.8000183105469, "left": 10}, "position": {"top": 274.8000183105469, "left": 10}, "outerHeightWithMargin": 26, "id": "submit", "tabindex": "2"}, "shiftKey": false, "button": 0, "ctrlKey": false, "offsetX": 46, "offsetY": 13, "altKey": false, "metaKey": false, "currentTarget": {"nodeName": "#document", "clientHeight": 639, "height": 639, "clientWidth": 1152, "width": 1152, "offset": {"top": 0, "left": 0}, "offsetHeight": 320, "offsetWidth": 1152, "id": "document"}, "which": 0, "pageY": 288, "pageX": 56, "screenY": 422, "screenX": 71, "timeStamp": 1389175776925, "eventPhase": 3}, "extra": {"selectedText": ""}, "time": 3406.0, "y": 288, "x": 56, "type": "mousemove"}, {"e": {"clientX": 56, "clientY": 289, "delegateTarget": {"nodeName": "#document", "clientHeight": 639, "height": 639, "clientWidth": 1152, "width": 1152, "offset": {"top": 0, "left": 0}, "offsetHeight": 320, "offsetWidth": 1152, "id": "document"}, "target": {"outerHeight": 26, "nodeName": "INPUT", "outerWidthWithMargin": 80, "outerWidth": 80, "innerWidth": 76.79999995231628, "height": 20.799999952316284, "width": 64.79999995231628, "innerHeight": 22.799999952316284, "offset": {"top": 274.8000183105469, "left": 10}, "position": {"top": 274.8000183105469, "left": 10}, "outerHeightWithMargin": 26, "id": "submit", "tabindex": "2"}, "shiftKey": false, "button": 0, "ctrlKey": false, "offsetX": 46, "offsetY": 14, "altKey": false, "metaKey": false, "currentTarget": {"nodeName": "#document", "clientHeight": 639, "height": 639, "clientWidth": 1152, "width": 1152, "offset": {"top": 0, "left": 0}, "offsetHeight": 320, "offsetWidth": 1152, "id": "document"}, "which": 0, "pageY": 289, "pageX": 56, "screenY": 423, "screenX": 71, "timeStamp": 1389175776956, "eventPhase": 3}, "extra": {"selectedText": ""}, "time": 3437.0, "y": 289, "x": 56, "type": "mousemove"}, {"e": {"clientX": 56, "clientY": 290, "delegateTarget": {"nodeName": "#document", "clientHeight": 639, "height": 639, "clientWidth": 1152, "width": 1152, "offset": {"top": 0, "left": 0}, "offsetHeight": 320, "offsetWidth": 1152, "id": "document"}, "target": {"outerHeight": 26, "nodeName": "INPUT", "outerWidthWithMargin": 80, "outerWidth": 80, "innerWidth": 76.79999995231628, "height": 20.799999952316284, "width": 64.79999995231628, "innerHeight": 22.799999952316284, "offset": {"top": 274.8000183105469, "left": 10}, "position": {"top": 274.8000183105469, "left": 10}, "outerHeightWithMargin": 26, "id": "submit", "tabindex": "2"}, "shiftKey": false, "button": 0, "ctrlKey": false, "offsetX": 46, "offsetY": 15, "altKey": false, "metaKey": false, "currentTarget": {"nodeName": "#document", "clientHeight": 639, "height": 639, "clientWidth": 1152, "width": 1152, "offset": {"top": 0, "left": 0}, "offsetHeight": 320, "offsetWidth": 1152, "id": "document"}, "which": 0, "pageY": 290, "pageX": 56, "screenY": 424, "screenX": 71, "timeStamp": 1389175776956, "eventPhase": 3}, "extra": {"selectedText": ""}, "time": 3437.0, "y": 290, "x": 56, "type": "mousemove"}, {"e": {"clientX": 57, "clientY": 290, "delegateTarget": {"nodeName": "#document", "clientHeight": 639, "height": 639, "clientWidth": 1152, "width": 1152, "offset": {"top": 0, "left": 0}, "offsetHeight": 320, "offsetWidth": 1152, "id": "document"}, "target": {"outerHeight": 26, "nodeName": "INPUT", "outerWidthWithMargin": 80, "outerWidth": 80, "innerWidth": 76.79999995231628, "height": 20.799999952316284, "width": 64.79999995231628, "innerHeight": 22.799999952316284, "offset": {"top": 274.8000183105469, "left": 10}, "position": {"top": 274.8000183105469, "left": 10}, "outerHeightWithMargin": 26, "id": "submit", "tabindex": "2"}, "shiftKey": false, "button": 0, "ctrlKey": false, "offsetX": 47, "offsetY": 15, "altKey": false, "metaKey": false, "currentTarget": {"nodeName": "#document", "clientHeight": 639, "height": 639, "clientWidth": 1152, "width": 1152, "offset": {"top": 0, "left": 0}, "offsetHeight": 320, "offsetWidth": 1152, "id": "document"}, "which": 0, "pageY": 290, "pageX": 57, "screenY": 424, "screenX": 72, "timeStamp": 1389175776972, "eventPhase": 3}, "extra": {"selectedText": ""}, "time": 3453.0, "y": 290, "x": 57, "type": "mousemove"}, {"type": "mousedown", "time": 3891.0, "e": {"clientX": 57, "clientY": 290, "delegateTarget": {"nodeName": "#document", "clientHeight": 639, "height": 639, "clientWidth": 1152, "width": 1152, "offset": {"top": 0, "left": 0}, "offsetHeight": 320, "offsetWidth": 1152, "id": "document"}, "target": {"outerHeight": 26, "nodeName": "INPUT", "outerWidthWithMargin": 80, "outerWidth": 80, "innerWidth": 76.79999995231628, "height": 20.799999952316284, "width": 64.79999995231628, "innerHeight": 22.799999952316284, "offset": {"top": 274.8000183105469, "left": 10}, "position": {"top": 274.8000183105469, "left": 10}, "outerHeightWithMargin": 26, "id": "submit", "tabindex": "2"}, "shiftKey": false, "button": 0, "ctrlKey": false, "offsetX": 47, "offsetY": 15, "altKey": false, "metaKey": false, "currentTarget": {"nodeName": "#document", "clientHeight": 639, "height": 639, "clientWidth": 1152, "width": 1152, "offset": {"top": 0, "left": 0}, "offsetHeight": 320, "offsetWidth": 1152, "id": "document"}, "which": 1, "pageY": 290, "pageX": 57, "screenY": 424, "screenX": 72, "timeStamp": 1389175777410, "eventPhase": 3}, "extra": {}}, {"type": "mouseup", "time": 3984.0, "e": {"clientX": 57, "clientY": 290, "delegateTarget": {"nodeName": "#document", "clientHeight": 639, "height": 639, "clientWidth": 1152, "width": 1152, "offset": {"top": 0, "left": 0}, "offsetHeight": 320, "offsetWidth": 1152, "id": "document"}, "target": {"outerHeight": 26, "nodeName": "INPUT", "outerWidthWithMargin": 80, "outerWidth": 80, "innerWidth": 76.79999995231628, "height": 20.799999952316284, "width": 64.79999995231628, "innerHeight": 22.799999952316284, "offset": {"top": 274.8000183105469, "left": 10}, "position": {"top": 274.8000183105469, "left": 10}, "outerHeightWithMargin": 26, "id": "submit", "tabindex": "2"}, "shiftKey": false, "button": 0, "ctrlKey": false, "offsetX": 47, "offsetY": 15, "altKey": false, "metaKey": false, "currentTarget": {"nodeName": "#document", "clientHeight": 639, "height": 639, "clientWidth": 1152, "width": 1152, "offset": {"top": 0, "left": 0}, "offsetHeight": 320, "offsetWidth": 1152, "id": "document"}, "which": 1, "pageY": 290, "pageX": 57, "screenY": 424, "screenX": 72, "timeStamp": 1389175777503, "eventPhase": 3}, "extra": {"selectedText": ""}}, {"e": {"clientX": 57, "clientY": 290, "delegateTarget": {"nodeName": "#document", "clientHeight": 639, "height": 639, "clientWidth": 1152, "width": 1152, "offset": {"top": 0, "left": 0}, "offsetHeight": 320, "offsetWidth": 1152, "id": "document"}, "target": {"outerHeight": 26, "nodeName": "INPUT", "outerWidthWithMargin": 80, "outerWidth": 80, "innerWidth": 76.79999995231628, "height": 20.799999952316284, "width": 64.79999995231628, "innerHeight": 22.799999952316284, "offset": {"top": 274.8000183105469, "left": 10}, "position": {"top": 274.8000183105469, "left": 10}, "outerHeightWithMargin": 26, "id": "submit", "tabindex": "2"}, "shiftKey": false, "button": 0, "ctrlKey": false, "offsetX": 47, "offsetY": 15, "altKey": false, "metaKey": false, "currentTarget": {"nodeName": "#document", "clientHeight": 639, "height": 639, "clientWidth": 1152, "width": 1152, "offset": {"top": 0, "left": 0}, "offsetHeight": 320, "offsetWidth": 1152, "id": "document"}, "which": 1, "pageY": 290, "pageX": 57, "screenY": 424, "screenX": 72, "timeStamp": 1389175777503, "eventPhase": 3}, "extra": {"selectedText": ""}, "time": 3984.0, "y": 290, "x": 57, "type": "click"}]}