{"keydown_event": [], "scroll_event": [], "mouse_click_event": [{"e": {"clientX": 48, "clientY": 605, "delegateTarget": {"nodeName": "#document", "clientHeight": 642, "height": 1801, "clientWidth": 1349, "width": 1349, "offset": {"top": 0, "left": 0}, "offsetHeight": 1801, "offsetWidth": 1349, "id": "document"}, "target": {"outerHeight": 26, "nodeName": "INPUT", "outerWidthWithMargin": 59, "outerWidth": 59, "innerWidth": 55, "height": 20, "width": 43, "innerHeight": 22, "offset": {"top": 1755, "left": 10}, "position": {"top": 1755, "left": 10}, "outerHeightWithMargin": 26, "id": "submit", "tabindex": "15"}, "shiftKey": false, "button": 0, "ctrlKey": false, "offsetX": 38, "offsetY": 9, "altKey": false, "metaKey": false, "currentTarget": {"nodeName": "#document", "clientHeight": 642, "height": 1801, "clientWidth": 1349, "width": 1349, "offset": {"top": 0, "left": 0}, "offsetHeight": 1801, "offsetWidth": 1349, "id": "document"}, "which": 1, "pageY": 1764, "pageX": 48, "screenY": 690, "screenX": 48, "timeStamp": 1389163667008, "eventPhase": 3}, "extra": {"selectedText": ""}, "time": 21538.0, "y": 1764, "x": 48, "type": "click"}], "mouse_move_event": [{"e": {"clientX": 48, "clientY": 605, "delegateTarget": {"nodeName": "#document", "clientHeight": 642, "height": 1801, "clientWidth": 1349, "width": 1349, "offset": {"top": 0, "left": 0}, "offsetHeight": 1801, "offsetWidth": 1349, "id": "document"}, "target": {"outerHeight": 26, "nodeName": "INPUT", "outerWidthWithMargin": 59, "outerWidth": 59, "innerWidth": 55, "height": 20, "width": 43, "innerHeight": 22, "offset": {"top": 1755, "left": 10}, "position": {"top": 1755, "left": 10}, "outerHeightWithMargin": 26, "id": "submit", "tabindex": "15"}, "shiftKey": false, "button": 0, "ctrlKey": false, "offsetX": 38, "offsetY": 9, "altKey": false, "metaKey": false, "currentTarget": {"nodeName": "#document", "clientHeight": 642, "height": 1801, "clientWidth": 1349, "width": 1349, "offset": {"top": 0, "left": 0}, "offsetHeight": 1801, "offsetWidth": 1349, "id": "document"}, "which": 0, "pageY": 1764, "pageX": 48, "screenY": 690, "screenX": 48, "timeStamp": 1389163645486, "eventPhase": 3}, "extra": {"selectedText": ""}, "time": 16.0, "y": 1764, "x": 48, "type": "mousemove"}, {"e": {"clientX": 48, "clientY": 605, "delegateTarget": {"nodeName": "#document", "clientHeight": 642, "height": 1801, "clientWidth": 1349, "width": 1349, "offset": {"top": 0, "left": 0}, "offsetHeight": 1801, "offsetWidth": 1349, "id": "document"}, "target": {"outerHeight": 26, "nodeName": "INPUT", "outerWidthWithMargin": 59, "outerWidth": 59, "innerWidth": 55, "height": 20, "width": 43, "innerHeight": 22, "offset": {"top": 1755, "left": 10}, "position": {"top": 1755, "left": 10}, "outerHeightWithMargin": 26, "id": "submit", "tabindex": "15"}, "shiftKey": false, "button": 0, "ctrlKey": false, "offsetX": 38, "offsetY": 9, "altKey": false, "metaKey": false, "currentTarget": {"nodeName": "#document", "clientHeight": 642, "height": 1801, "clientWidth": 1349, "width": 1349, "offset": {"top": 0, "left": 0}, "offsetHeight": 1801, "offsetWidth": 1349, "id": "document"}, "which": 0, "pageY": 1764, "pageX": 48, "screenY": 690, "screenX": 48, "timeStamp": 1389163645704, "eventPhase": 3}, "extra": {"selectedText": ""}, "time": 234.0, "y": 1764, "x": 48, "type": "mousemove"}], "init_event": [{"type": "init", "time": 0.0, "e": {"clientX": 48, "clientY": 605, "delegateTarget": {"nodeName": "#document", "clientHeight": 642, "height": 1801, "clientWidth": 1349, "width": 1349, "offset": {"top": 0, "left": 0}, "offsetHeight": 1801, "offsetWidth": 1349, "id": "document"}, "target": {"outerHeight": 26, "nodeName": "INPUT", "outerWidthWithMargin": 59, "outerWidth": 59, "innerWidth": 55, "height": 20, "width": 43, "innerHeight": 22, "offset": {"top": 1755, "left": 10}, "position": {"top": 1755, "left": 10}, "outerHeightWithMargin": 26, "id": "submit", "tabindex": "15"}, "shiftKey": false, "button": 0, "ctrlKey": false, "offsetX": 38, "offsetY": 9, "altKey": false, "metaKey": false, "currentTarget": {"nodeName": "#document", "clientHeight": 642, "height": 1801, "clientWidth": 1349, "width": 1349, "offset": {"top": 0, "left": 0}, "offsetHeight": 1801, "offsetWidth": 1349, "id": "document"}, "which": 0, "pageY": 1764, "pageX": 48, "screenY": 690, "screenX": 48, "timeStamp": 1389163645470, "eventPhase": 3}, "extra": {"body": {"outerWidth": 1349, "innerWidth": 1349, "outerHeight": 1781, "height": 1771, "width": 1339, "innerHeight": 1781, "offset": {"top": 0, "left": 0}, "outerWidthWithMargin": 1349, "outerHeightWithMargin": 1781}, "scrollOffset": {"pageYOffset": 1159, "pageXOffset": 0}, "screen": {"pixelDepth": 32, "width": 1366, "availHeight": 728, "height": 768, "availWidth": 1366, "colorDepth": 32}, "zoom": {"zoomLevel": 0, "devicePixelRatio": 1}, "window": {"screenX": 0, "outerWidth": 1366, "innerWidth": 1366, "height": 642, "width": 1349, "innerHeight": 642, "offset": {"top": 0, "left": 0}, "screenY": 0, "outerHeight": 728}, "version": 2, "navigator": {"product": "Gecko", "language": "en-US", "appName": "Netscape", "appCodeName": "Mozilla", "cookieEnabled": true, "appVersion": "5.0 (Windows NT 6.1) AppleWebKit/537.36 (KHTML, like Gecko) Chrome/31.0.1650.63 Safari/537.36", "platform": "Win32", "userAgent": "Mozilla/5.0 (Windows NT 6.1) AppleWebKit/537.36 (KHTML, like Gecko) Chrome/31.0.1650.63 Safari/537.36"}, "document": {"clientHeight": 642, "height": 1801, "clientWidth": 1349, "width": 1349, "offset": {"top": 0, "left": 0}, "offsetHeight": 1801, "offsetWidth": 1349}}}], "misc_event": [{"type": "init", "time": 0.0, "e": {"clientX": 48, "clientY": 605, "delegateTarget": {"nodeName": "#document", "clientHeight": 642, "height": 1801, "clientWidth": 1349, "width": 1349, "offset": {"top": 0, "left": 0}, "offsetHeight": 1801, "offsetWidth": 1349, "id": "document"}, "target": {"outerHeight": 26, "nodeName": "INPUT", "outerWidthWithMargin": 59, "outerWidth": 59, "innerWidth": 55, "height": 20, "width": 43, "innerHeight": 22, "offset": {"top": 1755, "left": 10}, "position": {"top": 1755, "left": 10}, "outerHeightWithMargin": 26, "id": "submit", "tabindex": "15"}, "shiftKey": false, "button": 0, "ctrlKey": false, "offsetX": 38, "offsetY": 9, "altKey": false, "metaKey": false, "currentTarget": {"nodeName": "#document", "clientHeight": 642, "height": 1801, "clientWidth": 1349, "width": 1349, "offset": {"top": 0, "left": 0}, "offsetHeight": 1801, "offsetWidth": 1349, "id": "document"}, "which": 0, "pageY": 1764, "pageX": 48, "screenY": 690, "screenX": 48, "timeStamp": 1389163645470, "eventPhase": 3}, "extra": {"body": {"outerWidth": 1349, "innerWidth": 1349, "outerHeight": 1781, "height": 1771, "width": 1339, "innerHeight": 1781, "offset": {"top": 0, "left": 0}, "outerWidthWithMargin": 1349, "outerHeightWithMargin": 1781}, "scrollOffset": {"pageYOffset": 1159, "pageXOffset": 0}, "screen": {"pixelDepth": 32, "width": 1366, "availHeight": 728, "height": 768, "availWidth": 1366, "colorDepth": 32}, "zoom": {"zoomLevel": 0, "devicePixelRatio": 1}, "window": {"screenX": 0, "outerWidth": 1366, "innerWidth": 1366, "height": 642, "width": 1349, "innerHeight": 642, "offset": {"top": 0, "left": 0}, "screenY": 0, "outerHeight": 728}, "version": 2, "navigator": {"product": "Gecko", "language": "en-US", "appName": "Netscape", "appCodeName": "Mozilla", "cookieEnabled": true, "appVersion": "5.0 (Windows NT 6.1) AppleWebKit/537.36 (KHTML, like Gecko) Chrome/31.0.1650.63 Safari/537.36", "platform": "Win32", "userAgent": "Mozilla/5.0 (Windows NT 6.1) AppleWebKit/537.36 (KHTML, like Gecko) Chrome/31.0.1650.63 Safari/537.36"}, "document": {"clientHeight": 642, "height": 1801, "clientWidth": 1349, "width": 1349, "offset": {"top": 0, "left": 0}, "offsetHeight": 1801, "offsetWidth": 1349}}}, {"e": {"clientX": 48, "clientY": 605, "delegateTarget": {"nodeName": "#document", "clientHeight": 642, "height": 1801, "clientWidth": 1349, "width": 1349, "offset": {"top": 0, "left": 0}, "offsetHeight": 1801, "offsetWidth": 1349, "id": "document"}, "target": {"outerHeight": 26, "nodeName": "INPUT", "outerWidthWithMargin": 59, "outerWidth": 59, "innerWidth": 55, "height": 20, "width": 43, "innerHeight": 22, "offset": {"top": 1755, "left": 10}, "position": {"top": 1755, "left": 10}, "outerHeightWithMargin": 26, "id": "submit", "tabindex": "15"}, "shiftKey": false, "button": 0, "ctrlKey": false, "offsetX": 38, "offsetY": 9, "altKey": false, "metaKey": false, "currentTarget": {"nodeName": "#document", "clientHeight": 642, "height": 1801, "clientWidth": 1349, "width": 1349, "offset": {"top": 0, "left": 0}, "offsetHeight": 1801, "offsetWidth": 1349, "id": "document"}, "which": 0, "pageY": 1764, "pageX": 48, "screenY": 690, "screenX": 48, "timeStamp": 1389163645486, "eventPhase": 3}, "extra": {"selectedText": ""}, "time": 16.0, "y": 1764, "x": 48, "type": "mousemove"}, {"e": {"clientX": 48, "clientY": 605, "delegateTarget": {"nodeName": "#document", "clientHeight": 642, "height": 1801, "clientWidth": 1349, "width": 1349, "offset": {"top": 0, "left": 0}, "offsetHeight": 1801, "offsetWidth": 1349, "id": "document"}, "target": {"outerHeight": 26, "nodeName": "INPUT", "outerWidthWithMargin": 59, "outerWidth": 59, "innerWidth": 55, "height": 20, "width": 43, "innerHeight": 22, "offset": {"top": 1755, "left": 10}, "position": {"top": 1755, "left": 10}, "outerHeightWithMargin": 26, "id": "submit", "tabindex": "15"}, "shiftKey": false, "button": 0, "ctrlKey": false, "offsetX": 38, "offsetY": 9, "altKey": false, "metaKey": false, "currentTarget": {"nodeName": "#document", "clientHeight": 642, "height": 1801, "clientWidth": 1349, "width": 1349, "offset": {"top": 0, "left": 0}, "offsetHeight": 1801, "offsetWidth": 1349, "id": "document"}, "which": 0, "pageY": 1764, "pageX": 48, "screenY": 690, "screenX": 48, "timeStamp": 1389163645704, "eventPhase": 3}, "extra": {"selectedText": ""}, "time": 234.0, "y": 1764, "x": 48, "type": "mousemove"}, {"type": "mousedown", "time": 21382.0, "e": {"clientX": 48, "clientY": 605, "delegateTarget": {"nodeName": "#document", "clientHeight": 642, "height": 1801, "clientWidth": 1349, "width": 1349, "offset": {"top": 0, "left": 0}, "offsetHeight": 1801, "offsetWidth": 1349, "id": "document"}, "target": {"outerHeight": 26, "nodeName": "INPUT", "outerWidthWithMargin": 59, "outerWidth": 59, "innerWidth": 55, "height": 20, "width": 43, "innerHeight": 22, "offset": {"top": 1755, "left": 10}, "position": {"top": 1755, "left": 10}, "outerHeightWithMargin": 26, "id": "submit", "tabindex": "15"}, "shiftKey": false, "button": 0, "ctrlKey": false, "offsetX": 38, "offsetY": 9, "altKey": false, "metaKey": false, "currentTarget": {"nodeName": "#document", "clientHeight": 642, "height": 1801, "clientWidth": 1349, "width": 1349, "offset": {"top": 0, "left": 0}, "offsetHeight": 1801, "offsetWidth": 1349, "id": "document"}, "which": 1, "pageY": 1764, "pageX": 48, "screenY": 690, "screenX": 48, "timeStamp": 1389163666852, "eventPhase": 3}, "extra": {}}, {"type": "mouseup", "time": 21538.0, "e": {"clientX": 48, "clientY": 605, "delegateTarget": {"nodeName": "#document", "clientHeight": 642, "height": 1801, "clientWidth": 1349, "width": 1349, "offset": {"top": 0, "left": 0}, "offsetHeight": 1801, "offsetWidth": 1349, "id": "document"}, "target": {"outerHeight": 26, "nodeName": "INPUT", "outerWidthWithMargin": 59, "outerWidth": 59, "innerWidth": 55, "height": 20, "width": 43, "innerHeight": 22, "offset": {"top": 1755, "left": 10}, "position": {"top": 1755, "left": 10}, "outerHeightWithMargin": 26, "id": "submit", "tabindex": "15"}, "shiftKey": false, "button": 0, "ctrlKey": false, "offsetX": 38, "offsetY": 9, "altKey": false, "metaKey": false, "currentTarget": {"nodeName": "#document", "clientHeight": 642, "height": 1801, "clientWidth": 1349, "width": 1349, "offset": {"top": 0, "left": 0}, "offsetHeight": 1801, "offsetWidth": 1349, "id": "document"}, "which": 1, "pageY": 1764, "pageX": 48, "screenY": 690, "screenX": 48, "timeStamp": 1389163667008, "eventPhase": 3}, "extra": {"selectedText": ""}}, {"e": {"clientX": 48, "clientY": 605, "delegateTarget": {"nodeName": "#document", "clientHeight": 642, "height": 1801, "clientWidth": 1349, "width": 1349, "offset": {"top": 0, "left": 0}, "offsetHeight": 1801, "offsetWidth": 1349, "id": "document"}, "target": {"outerHeight": 26, "nodeName": "INPUT", "outerWidthWithMargin": 59, "outerWidth": 59, "innerWidth": 55, "height": 20, "width": 43, "innerHeight": 22, "offset": {"top": 1755, "left": 10}, "position": {"top": 1755, "left": 10}, "outerHeightWithMargin": 26, "id": "submit", "tabindex": "15"}, "shiftKey": false, "button": 0, "ctrlKey": false, "offsetX": 38, "offsetY": 9, "altKey": false, "metaKey": false, "currentTarget": {"nodeName": "#document", "clientHeight": 642, "height": 1801, "clientWidth": 1349, "width": 1349, "offset": {"top": 0, "left": 0}, "offsetHeight": 1801, "offsetWidth": 1349, "id": "document"}, "which": 1, "pageY": 1764, "pageX": 48, "screenY": 690, "screenX": 48, "timeStamp": 1389163667008, "eventPhase": 3}, "extra": {"selectedText": ""}, "time": 21538.0, "y": 1764, "x": 48, "type": "click"}]}