{"keydown_event": [], "scroll_event": [], "mouse_click_event": [{"e": {"clientX": 52, "clientY": 623, "delegateTarget": {"nodeName": "#document", "clientHeight": 676, "height": 790, "clientWidth": 1007, "width": 1007, "offset": {"top": 0, "left": 0}, "offsetHeight": 790, "offsetWidth": 1007, "id": "document"}, "target": {"outerHeight": 26, "nodeName": "INPUT", "outerWidthWithMargin": 79, "outerWidth": 79, "innerWidth": 75, "height": 20, "width": 63, "innerHeight": 22, "offset": {"top": 724, "left": 10}, "position": {"top": 724, "left": 10}, "outerHeightWithMargin": 26, "id": "submit", "tabindex": "2"}, "shiftKey": false, "button": 0, "ctrlKey": false, "offsetX": 42, "offsetY": 13, "altKey": false, "metaKey": false, "currentTarget": {"nodeName": "#document", "clientHeight": 676, "height": 790, "clientWidth": 1007, "width": 1007, "offset": {"top": 0, "left": 0}, "offsetHeight": 790, "offsetWidth": 1007, "id": "document"}, "which": 1, "pageY": 737, "pageX": 52, "screenY": 684, "screenX": 52, "timeStamp": 1389169710199, "eventPhase": 3}, "extra": {"selectedText": ""}, "time": 8351.0, "y": 737, "x": 52, "type": "click"}], "mouse_move_event": [{"e": {"clientX": 52, "clientY": 623, "delegateTarget": {"nodeName": "#document", "clientHeight": 676, "height": 790, "clientWidth": 1007, "width": 1007, "offset": {"top": 0, "left": 0}, "offsetHeight": 790, "offsetWidth": 1007, "id": "document"}, "target": {"outerHeight": 26, "nodeName": "INPUT", "outerWidthWithMargin": 79, "outerWidth": 79, "innerWidth": 75, "height": 20, "width": 63, "innerHeight": 22, "offset": {"top": 724, "left": 10}, "position": {"top": 724, "left": 10}, "outerHeightWithMargin": 26, "id": "submit", "tabindex": "2"}, "shiftKey": false, "button": 0, "ctrlKey": false, "offsetX": 42, "offsetY": 13, "altKey": false, "metaKey": false, "currentTarget": {"nodeName": "#document", "clientHeight": 676, "height": 790, "clientWidth": 1007, "width": 1007, "offset": {"top": 0, "left": 0}, "offsetHeight": 790, "offsetWidth": 1007, "id": "document"}, "which": 0, "pageY": 737, "pageX": 52, "screenY": 684, "screenX": 52, "timeStamp": 1389169701848, "eventPhase": 3}, "extra": {"selectedText": ""}, "time": 0.0, "y": 737, "x": 52, "type": "mousemove"}, {"e": {"clientX": 52, "clientY": 623, "delegateTarget": {"nodeName": "#document", "clientHeight": 676, "height": 790, "clientWidth": 1007, "width": 1007, "offset": {"top": 0, "left": 0}, "offsetHeight": 790, "offsetWidth": 1007, "id": "document"}, "target": {"outerHeight": 26, "nodeName": "INPUT", "outerWidthWithMargin": 79, "outerWidth": 79, "innerWidth": 75, "height": 20, "width": 63, "innerHeight": 22, "offset": {"top": 724, "left": 10}, "position": {"top": 724, "left": 10}, "outerHeightWithMargin": 26, "id": "submit", "tabindex": "2"}, "shiftKey": false, "button": 0, "ctrlKey": false, "offsetX": 42, "offsetY": 13, "altKey": false, "metaKey": false, "currentTarget": {"nodeName": "#document", "clientHeight": 676, "height": 790, "clientWidth": 1007, "width": 1007, "offset": {"top": 0, "left": 0}, "offsetHeight": 790, "offsetWidth": 1007, "id": "document"}, "which": 0, "pageY": 737, "pageX": 52, "screenY": 684, "screenX": 52, "timeStamp": 1389169702053, "eventPhase": 3}, "extra": {"selectedText": ""}, "time": 205.0, "y": 737, "x": 52, "type": "mousemove"}, {"e": {"clientX": 52, "clientY": 623, "delegateTarget": {"nodeName": "#document", "clientHeight": 676, "height": 790, "clientWidth": 1007, "width": 1007, "offset": {"top": 0, "left": 0}, "offsetHeight": 790, "offsetWidth": 1007, "id": "document"}, "target": {"outerHeight": 26, "nodeName": "INPUT", "outerWidthWithMargin": 79, "outerWidth": 79, "innerWidth": 75, "height": 20, "width": 63, "innerHeight": 22, "offset": {"top": 724, "left": 10}, "position": {"top": 724, "left": 10}, "outerHeightWithMargin": 26, "id": "submit", "tabindex": "2"}, "shiftKey": false, "button": 0, "ctrlKey": false, "offsetX": 42, "offsetY": 13, "altKey": false, "metaKey": false, "currentTarget": {"nodeName": "#document", "clientHeight": 676, "height": 790, "clientWidth": 1007, "width": 1007, "offset": {"top": 0, "left": 0}, "offsetHeight": 790, "offsetWidth": 1007, "id": "document"}, "which": 0, "pageY": 737, "pageX": 52, "screenY": 684, "screenX": 52, "timeStamp": 1389169706193, "eventPhase": 3}, "extra": {"selectedText": ""}, "time": 4345.0, "y": 737, "x": 52, "type": "mousemove"}, {"e": {"clientX": 52, "clientY": 625, "delegateTarget": {"nodeName": "#document", "clientHeight": 676, "height": 790, "clientWidth": 1007, "width": 1007, "offset": {"top": 0, "left": 0}, "offsetHeight": 790, "offsetWidth": 1007, "id": "document"}, "target": {"outerHeight": 26, "nodeName": "INPUT", "outerWidthWithMargin": 79, "outerWidth": 79, "innerWidth": 75, "height": 20, "width": 63, "innerHeight": 22, "offset": {"top": 724, "left": 10}, "position": {"top": 724, "left": 10}, "outerHeightWithMargin": 26, "id": "submit", "tabindex": "2"}, "shiftKey": false, "button": 0, "ctrlKey": false, "offsetX": 42, "offsetY": 15, "altKey": false, "metaKey": false, "currentTarget": {"nodeName": "#document", "clientHeight": 676, "height": 790, "clientWidth": 1007, "width": 1007, "offset": {"top": 0, "left": 0}, "offsetHeight": 790, "offsetWidth": 1007, "id": "document"}, "which": 0, "pageY": 739, "pageX": 52, "screenY": 686, "screenX": 52, "timeStamp": 1389169707703, "eventPhase": 3}, "extra": {"selectedText": ""}, "time": 5855.0, "y": 739, "x": 52, "type": "mousemove"}, {"e": {"clientX": 52, "clientY": 626, "delegateTarget": {"nodeName": "#document", "clientHeight": 676, "height": 790, "clientWidth": 1007, "width": 1007, "offset": {"top": 0, "left": 0}, "offsetHeight": 790, "offsetWidth": 1007, "id": "document"}, "target": {"outerHeight": 26, "nodeName": "INPUT", "outerWidthWithMargin": 79, "outerWidth": 79, "innerWidth": 75, "height": 20, "width": 63, "innerHeight": 22, "offset": {"top": 724, "left": 10}, "position": {"top": 724, "left": 10}, "outerHeightWithMargin": 26, "id": "submit", "tabindex": "2"}, "shiftKey": false, "button": 0, "ctrlKey": false, "offsetX": 42, "offsetY": 16, "altKey": false, "metaKey": false, "currentTarget": {"nodeName": "#document", "clientHeight": 676, "height": 790, "clientWidth": 1007, "width": 1007, "offset": {"top": 0, "left": 0}, "offsetHeight": 790, "offsetWidth": 1007, "id": "document"}, "which": 0, "pageY": 740, "pageX": 52, "screenY": 687, "screenX": 52, "timeStamp": 1389169707733, "eventPhase": 3}, "extra": {"selectedText": ""}, "time": 5885.0, "y": 740, "x": 52, "type": "mousemove"}, {"e": {"clientX": 52, "clientY": 625, "delegateTarget": {"nodeName": "#document", "clientHeight": 676, "height": 790, "clientWidth": 1007, "width": 1007, "offset": {"top": 0, "left": 0}, "offsetHeight": 790, "offsetWidth": 1007, "id": "document"}, "target": {"outerHeight": 26, "nodeName": "INPUT", "outerWidthWithMargin": 79, "outerWidth": 79, "innerWidth": 75, "height": 20, "width": 63, "innerHeight": 22, "offset": {"top": 724, "left": 10}, "position": {"top": 724, "left": 10}, "outerHeightWithMargin": 26, "id": "submit", "tabindex": "2"}, "shiftKey": false, "button": 0, "ctrlKey": false, "offsetX": 42, "offsetY": 15, "altKey": false, "metaKey": false, "currentTarget": {"nodeName": "#document", "clientHeight": 676, "height": 790, "clientWidth": 1007, "width": 1007, "offset": {"top": 0, "left": 0}, "offsetHeight": 790, "offsetWidth": 1007, "id": "document"}, "which": 0, "pageY": 739, "pageX": 52, "screenY": 686, "screenX": 52, "timeStamp": 1389169708092, "eventPhase": 3}, "extra": {"selectedText": ""}, "time": 6244.0, "y": 739, "x": 52, "type": "mousemove"}, {"e": {"clientX": 52, "clientY": 624, "delegateTarget": {"nodeName": "#document", "clientHeight": 676, "height": 790, "clientWidth": 1007, "width": 1007, "offset": {"top": 0, "left": 0}, "offsetHeight": 790, "offsetWidth": 1007, "id": "document"}, "target": {"outerHeight": 26, "nodeName": "INPUT", "outerWidthWithMargin": 79, "outerWidth": 79, "innerWidth": 75, "height": 20, "width": 63, "innerHeight": 22, "offset": {"top": 724, "left": 10}, "position": {"top": 724, "left": 10}, "outerHeightWithMargin": 26, "id": "submit", "tabindex": "2"}, "shiftKey": false, "button": 0, "ctrlKey": false, "offsetX": 42, "offsetY": 14, "altKey": false, "metaKey": false, "currentTarget": {"nodeName": "#document", "clientHeight": 676, "height": 790, "clientWidth": 1007, "width": 1007, "offset": {"top": 0, "left": 0}, "offsetHeight": 790, "offsetWidth": 1007, "id": "document"}, "which": 0, "pageY": 738, "pageX": 52, "screenY": 685, "screenX": 52, "timeStamp": 1389169708111, "eventPhase": 3}, "extra": {"selectedText": ""}, "time": 6263.0, "y": 738, "x": 52, "type": "mousemove"}, {"e": {"clientX": 52, "clientY": 623, "delegateTarget": {"nodeName": "#document", "clientHeight": 676, "height": 790, "clientWidth": 1007, "width": 1007, "offset": {"top": 0, "left": 0}, "offsetHeight": 790, "offsetWidth": 1007, "id": "document"}, "target": {"outerHeight": 26, "nodeName": "INPUT", "outerWidthWithMargin": 79, "outerWidth": 79, "innerWidth": 75, "height": 20, "width": 63, "innerHeight": 22, "offset": {"top": 724, "left": 10}, "position": {"top": 724, "left": 10}, "outerHeightWithMargin": 26, "id": "submit", "tabindex": "2"}, "shiftKey": false, "button": 0, "ctrlKey": false, "offsetX": 42, "offsetY": 13, "altKey": false, "metaKey": false, "currentTarget": {"nodeName": "#document", "clientHeight": 676, "height": 790, "clientWidth": 1007, "width": 1007, "offset": {"top": 0, "left": 0}, "offsetHeight": 790, "offsetWidth": 1007, "id": "document"}, "which": 0, "pageY": 737, "pageX": 52, "screenY": 684, "screenX": 52, "timeStamp": 1389169708141, "eventPhase": 3}, "extra": {"selectedText": ""}, "time": 6293.0, "y": 737, "x": 52, "type": "mousemove"}], "init_event": [{"type": "init", "time": 0.0, "e": {"clientX": 52, "clientY": 623, "delegateTarget": {"nodeName": "#document", "clientHeight": 676, "height": 790, "clientWidth": 1007, "width": 1007, "offset": {"top": 0, "left": 0}, "offsetHeight": 790, "offsetWidth": 1007, "id": "document"}, "target": {"outerHeight": 26, "nodeName": "INPUT", "outerWidthWithMargin": 79, "outerWidth": 79, "innerWidth": 75, "height": 20, "width": 63, "innerHeight": 22, "offset": {"top": 724, "left": 10}, "position": {"top": 724, "left": 10}, "outerHeightWithMargin": 26, "id": "submit", "tabindex": "2"}, "shiftKey": false, "button": 0, "ctrlKey": false, "offsetX": 42, "offsetY": 13, "altKey": false, "metaKey": false, "currentTarget": {"nodeName": "#document", "clientHeight": 676, "height": 790, "clientWidth": 1007, "width": 1007, "offset": {"top": 0, "left": 0}, "offsetHeight": 790, "offsetWidth": 1007, "id": "document"}, "which": 0, "pageY": 737, "pageX": 52, "screenY": 684, "screenX": 52, "timeStamp": 1389169701848, "eventPhase": 3}, "extra": {"body": {"outerWidth": 1007, "innerWidth": 1007, "outerHeight": 740, "height": 730, "width": 997, "innerHeight": 740, "offset": {"top": 30, "left": 0}, "outerWidthWithMargin": 1007, "outerHeightWithMargin": 740}, "scrollOffset": {"pageYOffset": 114, "pageXOffset": 0}, "screen": {"pixelDepth": 32, "width": 1024, "availHeight": 738, "height": 768, "availWidth": 1024, "colorDepth": 32}, "zoom": {"zoomLevel": 0, "devicePixelRatio": 1}, "window": {"screenX": 0, "outerWidth": 1024, "innerWidth": 1024, "height": 676, "width": 1007, "innerHeight": 676, "offset": {"top": 0, "left": 0}, "screenY": 0, "outerHeight": 738}, "version": 2, "navigator": {"product": "Gecko", "language": "en-US", "appName": "Netscape", "appCodeName": "Mozilla", "cookieEnabled": true, "appVersion": "5.0 (Windows NT 5.1) AppleWebKit/537.36 (KHTML, like Gecko) Chrome/31.0.1650.63 Safari/537.36", "platform": "Win32", "userAgent": "Mozilla/5.0 (Windows NT 5.1) AppleWebKit/537.36 (KHTML, like Gecko) Chrome/31.0.1650.63 Safari/537.36"}, "document": {"clientHeight": 676, "height": 790, "clientWidth": 1007, "width": 1007, "offset": {"top": 0, "left": 0}, "offsetHeight": 790, "offsetWidth": 1007}}}], "misc_event": [{"type": "init", "time": 0.0, "e": {"clientX": 52, "clientY": 623, "delegateTarget": {"nodeName": "#document", "clientHeight": 676, "height": 790, "clientWidth": 1007, "width": 1007, "offset": {"top": 0, "left": 0}, "offsetHeight": 790, "offsetWidth": 1007, "id": "document"}, "target": {"outerHeight": 26, "nodeName": "INPUT", "outerWidthWithMargin": 79, "outerWidth": 79, "innerWidth": 75, "height": 20, "width": 63, "innerHeight": 22, "offset": {"top": 724, "left": 10}, "position": {"top": 724, "left": 10}, "outerHeightWithMargin": 26, "id": "submit", "tabindex": "2"}, "shiftKey": false, "button": 0, "ctrlKey": false, "offsetX": 42, "offsetY": 13, "altKey": false, "metaKey": false, "currentTarget": {"nodeName": "#document", "clientHeight": 676, "height": 790, "clientWidth": 1007, "width": 1007, "offset": {"top": 0, "left": 0}, "offsetHeight": 790, "offsetWidth": 1007, "id": "document"}, "which": 0, "pageY": 737, "pageX": 52, "screenY": 684, "screenX": 52, "timeStamp": 1389169701848, "eventPhase": 3}, "extra": {"body": {"outerWidth": 1007, "innerWidth": 1007, "outerHeight": 740, "height": 730, "width": 997, "innerHeight": 740, "offset": {"top": 30, "left": 0}, "outerWidthWithMargin": 1007, "outerHeightWithMargin": 740}, "scrollOffset": {"pageYOffset": 114, "pageXOffset": 0}, "screen": {"pixelDepth": 32, "width": 1024, "availHeight": 738, "height": 768, "availWidth": 1024, "colorDepth": 32}, "zoom": {"zoomLevel": 0, "devicePixelRatio": 1}, "window": {"screenX": 0, "outerWidth": 1024, "innerWidth": 1024, "height": 676, "width": 1007, "innerHeight": 676, "offset": {"top": 0, "left": 0}, "screenY": 0, "outerHeight": 738}, "version": 2, "navigator": {"product": "Gecko", "language": "en-US", "appName": "Netscape", "appCodeName": "Mozilla", "cookieEnabled": true, "appVersion": "5.0 (Windows NT 5.1) AppleWebKit/537.36 (KHTML, like Gecko) Chrome/31.0.1650.63 Safari/537.36", "platform": "Win32", "userAgent": "Mozilla/5.0 (Windows NT 5.1) AppleWebKit/537.36 (KHTML, like Gecko) Chrome/31.0.1650.63 Safari/537.36"}, "document": {"clientHeight": 676, "height": 790, "clientWidth": 1007, "width": 1007, "offset": {"top": 0, "left": 0}, "offsetHeight": 790, "offsetWidth": 1007}}}, {"e": {"clientX": 52, "clientY": 623, "delegateTarget": {"nodeName": "#document", "clientHeight": 676, "height": 790, "clientWidth": 1007, "width": 1007, "offset": {"top": 0, "left": 0}, "offsetHeight": 790, "offsetWidth": 1007, "id": "document"}, "target": {"outerHeight": 26, "nodeName": "INPUT", "outerWidthWithMargin": 79, "outerWidth": 79, "innerWidth": 75, "height": 20, "width": 63, "innerHeight": 22, "offset": {"top": 724, "left": 10}, "position": {"top": 724, "left": 10}, "outerHeightWithMargin": 26, "id": "submit", "tabindex": "2"}, "shiftKey": false, "button": 0, "ctrlKey": false, "offsetX": 42, "offsetY": 13, "altKey": false, "metaKey": false, "currentTarget": {"nodeName": "#document", "clientHeight": 676, "height": 790, "clientWidth": 1007, "width": 1007, "offset": {"top": 0, "left": 0}, "offsetHeight": 790, "offsetWidth": 1007, "id": "document"}, "which": 0, "pageY": 737, "pageX": 52, "screenY": 684, "screenX": 52, "timeStamp": 1389169701848, "eventPhase": 3}, "extra": {"selectedText": ""}, "time": 0.0, "y": 737, "x": 52, "type": "mousemove"}, {"e": {"clientX": 52, "clientY": 623, "delegateTarget": {"nodeName": "#document", "clientHeight": 676, "height": 790, "clientWidth": 1007, "width": 1007, "offset": {"top": 0, "left": 0}, "offsetHeight": 790, "offsetWidth": 1007, "id": "document"}, "target": {"outerHeight": 26, "nodeName": "INPUT", "outerWidthWithMargin": 79, "outerWidth": 79, "innerWidth": 75, "height": 20, "width": 63, "innerHeight": 22, "offset": {"top": 724, "left": 10}, "position": {"top": 724, "left": 10}, "outerHeightWithMargin": 26, "id": "submit", "tabindex": "2"}, "shiftKey": false, "button": 0, "ctrlKey": false, "offsetX": 42, "offsetY": 13, "altKey": false, "metaKey": false, "currentTarget": {"nodeName": "#document", "clientHeight": 676, "height": 790, "clientWidth": 1007, "width": 1007, "offset": {"top": 0, "left": 0}, "offsetHeight": 790, "offsetWidth": 1007, "id": "document"}, "which": 0, "pageY": 737, "pageX": 52, "screenY": 684, "screenX": 52, "timeStamp": 1389169702053, "eventPhase": 3}, "extra": {"selectedText": ""}, "time": 205.0, "y": 737, "x": 52, "type": "mousemove"}, {"e": {"clientX": 52, "clientY": 623, "delegateTarget": {"nodeName": "#document", "clientHeight": 676, "height": 790, "clientWidth": 1007, "width": 1007, "offset": {"top": 0, "left": 0}, "offsetHeight": 790, "offsetWidth": 1007, "id": "document"}, "target": {"outerHeight": 26, "nodeName": "INPUT", "outerWidthWithMargin": 79, "outerWidth": 79, "innerWidth": 75, "height": 20, "width": 63, "innerHeight": 22, "offset": {"top": 724, "left": 10}, "position": {"top": 724, "left": 10}, "outerHeightWithMargin": 26, "id": "submit", "tabindex": "2"}, "shiftKey": false, "button": 0, "ctrlKey": false, "offsetX": 42, "offsetY": 13, "altKey": false, "metaKey": false, "currentTarget": {"nodeName": "#document", "clientHeight": 676, "height": 790, "clientWidth": 1007, "width": 1007, "offset": {"top": 0, "left": 0}, "offsetHeight": 790, "offsetWidth": 1007, "id": "document"}, "which": 0, "pageY": 737, "pageX": 52, "screenY": 684, "screenX": 52, "timeStamp": 1389169706193, "eventPhase": 3}, "extra": {"selectedText": ""}, "time": 4345.0, "y": 737, "x": 52, "type": "mousemove"}, {"e": {"clientX": 52, "clientY": 625, "delegateTarget": {"nodeName": "#document", "clientHeight": 676, "height": 790, "clientWidth": 1007, "width": 1007, "offset": {"top": 0, "left": 0}, "offsetHeight": 790, "offsetWidth": 1007, "id": "document"}, "target": {"outerHeight": 26, "nodeName": "INPUT", "outerWidthWithMargin": 79, "outerWidth": 79, "innerWidth": 75, "height": 20, "width": 63, "innerHeight": 22, "offset": {"top": 724, "left": 10}, "position": {"top": 724, "left": 10}, "outerHeightWithMargin": 26, "id": "submit", "tabindex": "2"}, "shiftKey": false, "button": 0, "ctrlKey": false, "offsetX": 42, "offsetY": 15, "altKey": false, "metaKey": false, "currentTarget": {"nodeName": "#document", "clientHeight": 676, "height": 790, "clientWidth": 1007, "width": 1007, "offset": {"top": 0, "left": 0}, "offsetHeight": 790, "offsetWidth": 1007, "id": "document"}, "which": 0, "pageY": 739, "pageX": 52, "screenY": 686, "screenX": 52, "timeStamp": 1389169707703, "eventPhase": 3}, "extra": {"selectedText": ""}, "time": 5855.0, "y": 739, "x": 52, "type": "mousemove"}, {"e": {"clientX": 52, "clientY": 626, "delegateTarget": {"nodeName": "#document", "clientHeight": 676, "height": 790, "clientWidth": 1007, "width": 1007, "offset": {"top": 0, "left": 0}, "offsetHeight": 790, "offsetWidth": 1007, "id": "document"}, "target": {"outerHeight": 26, "nodeName": "INPUT", "outerWidthWithMargin": 79, "outerWidth": 79, "innerWidth": 75, "height": 20, "width": 63, "innerHeight": 22, "offset": {"top": 724, "left": 10}, "position": {"top": 724, "left": 10}, "outerHeightWithMargin": 26, "id": "submit", "tabindex": "2"}, "shiftKey": false, "button": 0, "ctrlKey": false, "offsetX": 42, "offsetY": 16, "altKey": false, "metaKey": false, "currentTarget": {"nodeName": "#document", "clientHeight": 676, "height": 790, "clientWidth": 1007, "width": 1007, "offset": {"top": 0, "left": 0}, "offsetHeight": 790, "offsetWidth": 1007, "id": "document"}, "which": 0, "pageY": 740, "pageX": 52, "screenY": 687, "screenX": 52, "timeStamp": 1389169707733, "eventPhase": 3}, "extra": {"selectedText": ""}, "time": 5885.0, "y": 740, "x": 52, "type": "mousemove"}, {"e": {"clientX": 52, "clientY": 625, "delegateTarget": {"nodeName": "#document", "clientHeight": 676, "height": 790, "clientWidth": 1007, "width": 1007, "offset": {"top": 0, "left": 0}, "offsetHeight": 790, "offsetWidth": 1007, "id": "document"}, "target": {"outerHeight": 26, "nodeName": "INPUT", "outerWidthWithMargin": 79, "outerWidth": 79, "innerWidth": 75, "height": 20, "width": 63, "innerHeight": 22, "offset": {"top": 724, "left": 10}, "position": {"top": 724, "left": 10}, "outerHeightWithMargin": 26, "id": "submit", "tabindex": "2"}, "shiftKey": false, "button": 0, "ctrlKey": false, "offsetX": 42, "offsetY": 15, "altKey": false, "metaKey": false, "currentTarget": {"nodeName": "#document", "clientHeight": 676, "height": 790, "clientWidth": 1007, "width": 1007, "offset": {"top": 0, "left": 0}, "offsetHeight": 790, "offsetWidth": 1007, "id": "document"}, "which": 0, "pageY": 739, "pageX": 52, "screenY": 686, "screenX": 52, "timeStamp": 1389169708092, "eventPhase": 3}, "extra": {"selectedText": ""}, "time": 6244.0, "y": 739, "x": 52, "type": "mousemove"}, {"e": {"clientX": 52, "clientY": 624, "delegateTarget": {"nodeName": "#document", "clientHeight": 676, "height": 790, "clientWidth": 1007, "width": 1007, "offset": {"top": 0, "left": 0}, "offsetHeight": 790, "offsetWidth": 1007, "id": "document"}, "target": {"outerHeight": 26, "nodeName": "INPUT", "outerWidthWithMargin": 79, "outerWidth": 79, "innerWidth": 75, "height": 20, "width": 63, "innerHeight": 22, "offset": {"top": 724, "left": 10}, "position": {"top": 724, "left": 10}, "outerHeightWithMargin": 26, "id": "submit", "tabindex": "2"}, "shiftKey": false, "button": 0, "ctrlKey": false, "offsetX": 42, "offsetY": 14, "altKey": false, "metaKey": false, "currentTarget": {"nodeName": "#document", "clientHeight": 676, "height": 790, "clientWidth": 1007, "width": 1007, "offset": {"top": 0, "left": 0}, "offsetHeight": 790, "offsetWidth": 1007, "id": "document"}, "which": 0, "pageY": 738, "pageX": 52, "screenY": 685, "screenX": 52, "timeStamp": 1389169708111, "eventPhase": 3}, "extra": {"selectedText": ""}, "time": 6263.0, "y": 738, "x": 52, "type": "mousemove"}, {"e": {"clientX": 52, "clientY": 623, "delegateTarget": {"nodeName": "#document", "clientHeight": 676, "height": 790, "clientWidth": 1007, "width": 1007, "offset": {"top": 0, "left": 0}, "offsetHeight": 790, "offsetWidth": 1007, "id": "document"}, "target": {"outerHeight": 26, "nodeName": "INPUT", "outerWidthWithMargin": 79, "outerWidth": 79, "innerWidth": 75, "height": 20, "width": 63, "innerHeight": 22, "offset": {"top": 724, "left": 10}, "position": {"top": 724, "left": 10}, "outerHeightWithMargin": 26, "id": "submit", "tabindex": "2"}, "shiftKey": false, "button": 0, "ctrlKey": false, "offsetX": 42, "offsetY": 13, "altKey": false, "metaKey": false, "currentTarget": {"nodeName": "#document", "clientHeight": 676, "height": 790, "clientWidth": 1007, "width": 1007, "offset": {"top": 0, "left": 0}, "offsetHeight": 790, "offsetWidth": 1007, "id": "document"}, "which": 0, "pageY": 737, "pageX": 52, "screenY": 684, "screenX": 52, "timeStamp": 1389169708141, "eventPhase": 3}, "extra": {"selectedText": ""}, "time": 6293.0, "y": 737, "x": 52, "type": "mousemove"}, {"type": "mousedown", "time": 7998.0, "e": {"clientX": 52, "clientY": 623, "delegateTarget": {"nodeName": "#document", "clientHeight": 676, "height": 790, "clientWidth": 1007, "width": 1007, "offset": {"top": 0, "left": 0}, "offsetHeight": 790, "offsetWidth": 1007, "id": "document"}, "target": {"outerHeight": 26, "nodeName": "INPUT", "outerWidthWithMargin": 79, "outerWidth": 79, "innerWidth": 75, "height": 20, "width": 63, "innerHeight": 22, "offset": {"top": 724, "left": 10}, "position": {"top": 724, "left": 10}, "outerHeightWithMargin": 26, "id": "submit", "tabindex": "2"}, "shiftKey": false, "button": 0, "ctrlKey": false, "offsetX": 42, "offsetY": 13, "altKey": false, "metaKey": false, "currentTarget": {"nodeName": "#document", "clientHeight": 676, "height": 790, "clientWidth": 1007, "width": 1007, "offset": {"top": 0, "left": 0}, "offsetHeight": 790, "offsetWidth": 1007, "id": "document"}, "which": 1, "pageY": 737, "pageX": 52, "screenY": 684, "screenX": 52, "timeStamp": 1389169709846, "eventPhase": 3}, "extra": {}}, {"type": "mouseup", "time": 8348.0, "e": {"clientX": 52, "clientY": 623, "delegateTarget": {"nodeName": "#document", "clientHeight": 676, "height": 790, "clientWidth": 1007, "width": 1007, "offset": {"top": 0, "left": 0}, "offsetHeight": 790, "offsetWidth": 1007, "id": "document"}, "target": {"outerHeight": 26, "nodeName": "INPUT", "outerWidthWithMargin": 79, "outerWidth": 79, "innerWidth": 75, "height": 20, "width": 63, "innerHeight": 22, "offset": {"top": 724, "left": 10}, "position": {"top": 724, "left": 10}, "outerHeightWithMargin": 26, "id": "submit", "tabindex": "2"}, "shiftKey": false, "button": 0, "ctrlKey": false, "offsetX": 42, "offsetY": 13, "altKey": false, "metaKey": false, "currentTarget": {"nodeName": "#document", "clientHeight": 676, "height": 790, "clientWidth": 1007, "width": 1007, "offset": {"top": 0, "left": 0}, "offsetHeight": 790, "offsetWidth": 1007, "id": "document"}, "which": 1, "pageY": 737, "pageX": 52, "screenY": 684, "screenX": 52, "timeStamp": 1389169710196, "eventPhase": 3}, "extra": {"selectedText": ""}}, {"e": {"clientX": 52, "clientY": 623, "delegateTarget": {"nodeName": "#document", "clientHeight": 676, "height": 790, "clientWidth": 1007, "width": 1007, "offset": {"top": 0, "left": 0}, "offsetHeight": 790, "offsetWidth": 1007, "id": "document"}, "target": {"outerHeight": 26, "nodeName": "INPUT", "outerWidthWithMargin": 79, "outerWidth": 79, "innerWidth": 75, "height": 20, "width": 63, "innerHeight": 22, "offset": {"top": 724, "left": 10}, "position": {"top": 724, "left": 10}, "outerHeightWithMargin": 26, "id": "submit", "tabindex": "2"}, "shiftKey": false, "button": 0, "ctrlKey": false, "offsetX": 42, "offsetY": 13, "altKey": false, "metaKey": false, "currentTarget": {"nodeName": "#document", "clientHeight": 676, "height": 790, "clientWidth": 1007, "width": 1007, "offset": {"top": 0, "left": 0}, "offsetHeight": 790, "offsetWidth": 1007, "id": "document"}, "which": 1, "pageY": 737, "pageX": 52, "screenY": 684, "screenX": 52, "timeStamp": 1389169710199, "eventPhase": 3}, "extra": {"selectedText": ""}, "time": 8351.0, "y": 737, "x": 52, "type": "click"}]}