{"keydown_event": [], "scroll_event": [], "mouse_click_event": [{"e": {"clientX": 49, "clientY": 611, "delegateTarget": {"nodeName": "#document", "clientHeight": 644, "height": 1087, "clientWidth": 1349, "width": 1349, "offset": {"top": 0, "left": 0}, "offsetHeight": 1087, "offsetWidth": 1349, "id": "document"}, "target": {"outerHeight": 28, "nodeName": "INPUT", "outerWidthWithMargin": 66, "outerWidth": 66, "innerWidth": 64, "height": 20, "width": 44, "innerHeight": 26, "offset": {"top": 1038.7000122070312, "left": 10}, "position": {"top": 1038.7000122070312, "left": 10}, "outerHeightWithMargin": 28, "id": "submit", "tabindex": "15"}, "shiftKey": false, "button": 0, "ctrlKey": false, "offsetX": 38, "offsetY": 14.299999237060547, "buttons": 0, "metaKey": false, "altKey": false, "currentTarget": {"nodeName": "#document", "clientHeight": 644, "height": 1087, "clientWidth": 1349, "width": 1349, "offset": {"top": 0, "left": 0}, "offsetHeight": 1087, "offsetWidth": 1349, "id": "document"}, "which": 1, "pageY": 1054, "pageX": 49, "screenY": 695, "screenX": 49, "timeStamp": 1389139152475, "eventPhase": 3}, "extra": {"selectedText": ""}, "time": 2887.0, "y": 1054, "x": 49, "type": "click"}], "mouse_move_event": [{"e": {"clientX": 49, "clientY": 611, "delegateTarget": {"nodeName": "#document", "clientHeight": 644, "height": 1087, "clientWidth": 1349, "width": 1349, "offset": {"top": 0, "left": 0}, "offsetHeight": 1087, "offsetWidth": 1349, "id": "document"}, "target": {"outerHeight": 28, "nodeName": "INPUT", "outerWidthWithMargin": 66, "outerWidth": 66, "innerWidth": 64, "height": 20, "width": 44, "innerHeight": 26, "offset": {"top": 1038.7000122070312, "left": 10}, "position": {"top": 1038.7000122070312, "left": 10}, "outerHeightWithMargin": 28, "id": "submit", "tabindex": "15"}, "shiftKey": false, "button": 0, "ctrlKey": false, "offsetX": 38, "offsetY": 14.299999237060547, "buttons": 0, "metaKey": false, "altKey": false, "currentTarget": {"nodeName": "#document", "clientHeight": 644, "height": 1087, "clientWidth": 1349, "width": 1349, "offset": {"top": 0, "left": 0}, "offsetHeight": 1087, "offsetWidth": 1349, "id": "document"}, "which": 1, "pageY": 1054, "pageX": 49, "screenY": 695, "screenX": 49, "timeStamp": 1389139149589, "eventPhase": 3}, "extra": {"selectedText": ""}, "time": 1.0, "y": 1054, "x": 49, "type": "mousemove"}, {"e": {"clientX": 49, "clientY": 611, "delegateTarget": {"nodeName": "#document", "clientHeight": 644, "height": 1087, "clientWidth": 1349, "width": 1349, "offset": {"top": 0, "left": 0}, "offsetHeight": 1087, "offsetWidth": 1349, "id": "document"}, "target": {"outerHeight": 28, "nodeName": "INPUT", "outerWidthWithMargin": 66, "outerWidth": 66, "innerWidth": 64, "height": 20, "width": 44, "innerHeight": 26, "offset": {"top": 1038.7000122070312, "left": 10}, "position": {"top": 1038.7000122070312, "left": 10}, "outerHeightWithMargin": 28, "id": "submit", "tabindex": "15"}, "shiftKey": false, "button": 0, "ctrlKey": false, "offsetX": 38, "offsetY": 14.299999237060547, "buttons": 0, "metaKey": false, "altKey": false, "currentTarget": {"nodeName": "#document", "clientHeight": 644, "height": 1087, "clientWidth": 1349, "width": 1349, "offset": {"top": 0, "left": 0}, "offsetHeight": 1087, "offsetWidth": 1349, "id": "document"}, "which": 1, "pageY": 1054, "pageX": 49, "screenY": 695, "screenX": 49, "timeStamp": 1389139149590, "eventPhase": 3}, "extra": {"selectedText": ""}, "time": 2.0, "y": 1054, "x": 49, "type": "mousemove"}, {"e": {"clientX": 49, "clientY": 611, "delegateTarget": {"nodeName": "#document", "clientHeight": 644, "height": 1087, "clientWidth": 1349, "width": 1349, "offset": {"top": 0, "left": 0}, "offsetHeight": 1087, "offsetWidth": 1349, "id": "document"}, "target": {"outerHeight": 28, "nodeName": "INPUT", "outerWidthWithMargin": 66, "outerWidth": 66, "innerWidth": 64, "height": 20, "width": 44, "innerHeight": 26, "offset": {"top": 1038.7000122070312, "left": 10}, "position": {"top": 1038.7000122070312, "left": 10}, "outerHeightWithMargin": 28, "id": "submit", "tabindex": "15"}, "shiftKey": false, "button": 0, "ctrlKey": false, "offsetX": 38, "offsetY": 14.299999237060547, "buttons": 0, "metaKey": false, "altKey": false, "currentTarget": {"nodeName": "#document", "clientHeight": 644, "height": 1087, "clientWidth": 1349, "width": 1349, "offset": {"top": 0, "left": 0}, "offsetHeight": 1087, "offsetWidth": 1349, "id": "document"}, "which": 1, "pageY": 1054, "pageX": 49, "screenY": 695, "screenX": 49, "timeStamp": 1389139149593, "eventPhase": 3}, "extra": {"selectedText": ""}, "time": 5.0, "y": 1054, "x": 49, "type": "mousemove"}], "init_event": [{"type": "init", "time": 0.0, "e": {"clientX": 49, "clientY": 611, "delegateTarget": {"nodeName": "#document", "clientHeight": 644, "height": 1087, "clientWidth": 1349, "width": 1349, "offset": {"top": 0, "left": 0}, "offsetHeight": 1087, "offsetWidth": 1349, "id": "document"}, "target": {"outerHeight": 28, "nodeName": "INPUT", "outerWidthWithMargin": 66, "outerWidth": 66, "innerWidth": 64, "height": 20, "width": 44, "innerHeight": 26, "offset": {"top": 1038.7000122070312, "left": 10}, "position": {"top": 1038.7000122070312, "left": 10}, "outerHeightWithMargin": 28, "id": "submit", "tabindex": "15"}, "shiftKey": false, "button": 0, "ctrlKey": false, "offsetX": 38, "offsetY": 14.299999237060547, "buttons": 0, "metaKey": false, "altKey": false, "currentTarget": {"nodeName": "#document", "clientHeight": 644, "height": 1087, "clientWidth": 1349, "width": 1349, "offset": {"top": 0, "left": 0}, "offsetHeight": 1087, "offsetWidth": 1349, "id": "document"}, "which": 1, "pageY": 1054, "pageX": 49, "screenY": 695, "screenX": 49, "timeStamp": 1389139149588, "eventPhase": 3}, "extra": {"body": {"outerWidth": 1349, "innerWidth": 1349, "outerHeight": 1067, "height": 1057, "width": 1339, "innerHeight": 1067, "offset": {"top": 0, "left": 0}, "outerWidthWithMargin": 1349, "outerHeightWithMargin": 1067}, "scrollOffset": {"pageYOffset": 443, "pageXOffset": 0}, "screen": {"pixelDepth": 24, "width": 1366, "availHeight": 728, "height": 768, "availWidth": 1366, "colorDepth": 24}, "zoom": {"zoomLevel": 1, "devicePixelRatio": 1}, "window": {"screenX": -8, "outerWidth": 1382, "innerWidth": 1366, "height": 644, "width": 1349, "innerHeight": 644, "offset": {"top": 0, "left": 0}, "screenY": -8, "outerHeight": 744}, "version": 2, "navigator": {"product": "Gecko", "language": "en-US", "appName": "Netscape", "appCodeName": "Mozilla", "cookieEnabled": true, "appVersion": "5.0 (Windows NT 6.1; WOW64; Trident/7.0; SLCC2; .NET CLR 2.0.50727; .NET CLR 3.5.30729; .NET CLR 3.0.30729; Media Center PC 6.0; .NET4.0C; rv:11.0) like Gecko", "platform": "Win32", "userAgent": "Mozilla/5.0 (Windows NT 6.1; WOW64; Trident/7.0; SLCC2; .NET CLR 2.0.50727; .NET CLR 3.5.30729; .NET CLR 3.0.30729; Media Center PC 6.0; .NET4.0C; rv:11.0) like Gecko"}, "document": {"clientHeight": 644, "height": 1087, "clientWidth": 1349, "width": 1349, "offset": {"top": 0, "left": 0}, "offsetHeight": 1087, "offsetWidth": 1349}}}], "misc_event": [{"type": "init", "time": 0.0, "e": {"clientX": 49, "clientY": 611, "delegateTarget": {"nodeName": "#document", "clientHeight": 644, "height": 1087, "clientWidth": 1349, "width": 1349, "offset": {"top": 0, "left": 0}, "offsetHeight": 1087, "offsetWidth": 1349, "id": "document"}, "target": {"outerHeight": 28, "nodeName": "INPUT", "outerWidthWithMargin": 66, "outerWidth": 66, "innerWidth": 64, "height": 20, "width": 44, "innerHeight": 26, "offset": {"top": 1038.7000122070312, "left": 10}, "position": {"top": 1038.7000122070312, "left": 10}, "outerHeightWithMargin": 28, "id": "submit", "tabindex": "15"}, "shiftKey": false, "button": 0, "ctrlKey": false, "offsetX": 38, "offsetY": 14.299999237060547, "buttons": 0, "metaKey": false, "altKey": false, "currentTarget": {"nodeName": "#document", "clientHeight": 644, "height": 1087, "clientWidth": 1349, "width": 1349, "offset": {"top": 0, "left": 0}, "offsetHeight": 1087, "offsetWidth": 1349, "id": "document"}, "which": 1, "pageY": 1054, "pageX": 49, "screenY": 695, "screenX": 49, "timeStamp": 1389139149588, "eventPhase": 3}, "extra": {"body": {"outerWidth": 1349, "innerWidth": 1349, "outerHeight": 1067, "height": 1057, "width": 1339, "innerHeight": 1067, "offset": {"top": 0, "left": 0}, "outerWidthWithMargin": 1349, "outerHeightWithMargin": 1067}, "scrollOffset": {"pageYOffset": 443, "pageXOffset": 0}, "screen": {"pixelDepth": 24, "width": 1366, "availHeight": 728, "height": 768, "availWidth": 1366, "colorDepth": 24}, "zoom": {"zoomLevel": 1, "devicePixelRatio": 1}, "window": {"screenX": -8, "outerWidth": 1382, "innerWidth": 1366, "height": 644, "width": 1349, "innerHeight": 644, "offset": {"top": 0, "left": 0}, "screenY": -8, "outerHeight": 744}, "version": 2, "navigator": {"product": "Gecko", "language": "en-US", "appName": "Netscape", "appCodeName": "Mozilla", "cookieEnabled": true, "appVersion": "5.0 (Windows NT 6.1; WOW64; Trident/7.0; SLCC2; .NET CLR 2.0.50727; .NET CLR 3.5.30729; .NET CLR 3.0.30729; Media Center PC 6.0; .NET4.0C; rv:11.0) like Gecko", "platform": "Win32", "userAgent": "Mozilla/5.0 (Windows NT 6.1; WOW64; Trident/7.0; SLCC2; .NET CLR 2.0.50727; .NET CLR 3.5.30729; .NET CLR 3.0.30729; Media Center PC 6.0; .NET4.0C; rv:11.0) like Gecko"}, "document": {"clientHeight": 644, "height": 1087, "clientWidth": 1349, "width": 1349, "offset": {"top": 0, "left": 0}, "offsetHeight": 1087, "offsetWidth": 1349}}}, {"e": {"clientX": 49, "clientY": 611, "delegateTarget": {"nodeName": "#document", "clientHeight": 644, "height": 1087, "clientWidth": 1349, "width": 1349, "offset": {"top": 0, "left": 0}, "offsetHeight": 1087, "offsetWidth": 1349, "id": "document"}, "target": {"outerHeight": 28, "nodeName": "INPUT", "outerWidthWithMargin": 66, "outerWidth": 66, "innerWidth": 64, "height": 20, "width": 44, "innerHeight": 26, "offset": {"top": 1038.7000122070312, "left": 10}, "position": {"top": 1038.7000122070312, "left": 10}, "outerHeightWithMargin": 28, "id": "submit", "tabindex": "15"}, "shiftKey": false, "button": 0, "ctrlKey": false, "offsetX": 38, "offsetY": 14.299999237060547, "buttons": 0, "metaKey": false, "altKey": false, "currentTarget": {"nodeName": "#document", "clientHeight": 644, "height": 1087, "clientWidth": 1349, "width": 1349, "offset": {"top": 0, "left": 0}, "offsetHeight": 1087, "offsetWidth": 1349, "id": "document"}, "which": 1, "pageY": 1054, "pageX": 49, "screenY": 695, "screenX": 49, "timeStamp": 1389139149589, "eventPhase": 3}, "extra": {"selectedText": ""}, "time": 1.0, "y": 1054, "x": 49, "type": "mousemove"}, {"e": {"clientX": 49, "clientY": 611, "delegateTarget": {"nodeName": "#document", "clientHeight": 644, "height": 1087, "clientWidth": 1349, "width": 1349, "offset": {"top": 0, "left": 0}, "offsetHeight": 1087, "offsetWidth": 1349, "id": "document"}, "target": {"outerHeight": 28, "nodeName": "INPUT", "outerWidthWithMargin": 66, "outerWidth": 66, "innerWidth": 64, "height": 20, "width": 44, "innerHeight": 26, "offset": {"top": 1038.7000122070312, "left": 10}, "position": {"top": 1038.7000122070312, "left": 10}, "outerHeightWithMargin": 28, "id": "submit", "tabindex": "15"}, "shiftKey": false, "button": 0, "ctrlKey": false, "offsetX": 38, "offsetY": 14.299999237060547, "buttons": 0, "metaKey": false, "altKey": false, "currentTarget": {"nodeName": "#document", "clientHeight": 644, "height": 1087, "clientWidth": 1349, "width": 1349, "offset": {"top": 0, "left": 0}, "offsetHeight": 1087, "offsetWidth": 1349, "id": "document"}, "which": 1, "pageY": 1054, "pageX": 49, "screenY": 695, "screenX": 49, "timeStamp": 1389139149590, "eventPhase": 3}, "extra": {"selectedText": ""}, "time": 2.0, "y": 1054, "x": 49, "type": "mousemove"}, {"e": {"clientX": 49, "clientY": 611, "delegateTarget": {"nodeName": "#document", "clientHeight": 644, "height": 1087, "clientWidth": 1349, "width": 1349, "offset": {"top": 0, "left": 0}, "offsetHeight": 1087, "offsetWidth": 1349, "id": "document"}, "target": {"outerHeight": 28, "nodeName": "INPUT", "outerWidthWithMargin": 66, "outerWidth": 66, "innerWidth": 64, "height": 20, "width": 44, "innerHeight": 26, "offset": {"top": 1038.7000122070312, "left": 10}, "position": {"top": 1038.7000122070312, "left": 10}, "outerHeightWithMargin": 28, "id": "submit", "tabindex": "15"}, "shiftKey": false, "button": 0, "ctrlKey": false, "offsetX": 38, "offsetY": 14.299999237060547, "buttons": 0, "metaKey": false, "altKey": false, "currentTarget": {"nodeName": "#document", "clientHeight": 644, "height": 1087, "clientWidth": 1349, "width": 1349, "offset": {"top": 0, "left": 0}, "offsetHeight": 1087, "offsetWidth": 1349, "id": "document"}, "which": 1, "pageY": 1054, "pageX": 49, "screenY": 695, "screenX": 49, "timeStamp": 1389139149593, "eventPhase": 3}, "extra": {"selectedText": ""}, "time": 5.0, "y": 1054, "x": 49, "type": "mousemove"}, {"type": "mousedown", "time": 2646.0, "e": {"clientX": 49, "clientY": 611, "delegateTarget": {"nodeName": "#document", "clientHeight": 644, "height": 1087, "clientWidth": 1349, "width": 1349, "offset": {"top": 0, "left": 0}, "offsetHeight": 1087, "offsetWidth": 1349, "id": "document"}, "target": {"outerHeight": 28, "nodeName": "INPUT", "outerWidthWithMargin": 66, "outerWidth": 66, "innerWidth": 64, "height": 20, "width": 44, "innerHeight": 26, "offset": {"top": 1038.7000122070312, "left": 10}, "position": {"top": 1038.7000122070312, "left": 10}, "outerHeightWithMargin": 28, "id": "submit", "tabindex": "15"}, "shiftKey": false, "button": 0, "ctrlKey": false, "offsetX": 38, "offsetY": 14.299999237060547, "buttons": 1, "metaKey": false, "altKey": false, "currentTarget": {"nodeName": "#document", "clientHeight": 644, "height": 1087, "clientWidth": 1349, "width": 1349, "offset": {"top": 0, "left": 0}, "offsetHeight": 1087, "offsetWidth": 1349, "id": "document"}, "which": 1, "pageY": 1054, "pageX": 49, "screenY": 695, "screenX": 49, "timeStamp": 1389139152234, "eventPhase": 3}, "extra": {}}, {"type": "mouseup", "time": 2885.0, "e": {"clientX": 49, "clientY": 611, "delegateTarget": {"nodeName": "#document", "clientHeight": 644, "height": 1087, "clientWidth": 1349, "width": 1349, "offset": {"top": 0, "left": 0}, "offsetHeight": 1087, "offsetWidth": 1349, "id": "document"}, "target": {"outerHeight": 28, "nodeName": "INPUT", "outerWidthWithMargin": 66, "outerWidth": 66, "innerWidth": 64, "height": 20, "width": 44, "innerHeight": 26, "offset": {"top": 1038.7000122070312, "left": 10}, "position": {"top": 1038.7000122070312, "left": 10}, "outerHeightWithMargin": 28, "id": "submit", "tabindex": "15"}, "shiftKey": false, "button": 0, "ctrlKey": false, "offsetX": 38, "offsetY": 14.299999237060547, "buttons": 0, "metaKey": false, "altKey": false, "currentTarget": {"nodeName": "#document", "clientHeight": 644, "height": 1087, "clientWidth": 1349, "width": 1349, "offset": {"top": 0, "left": 0}, "offsetHeight": 1087, "offsetWidth": 1349, "id": "document"}, "which": 1, "pageY": 1054, "pageX": 49, "screenY": 695, "screenX": 49, "timeStamp": 1389139152473, "eventPhase": 3}, "extra": {"selectedText": ""}}, {"e": {"clientX": 49, "clientY": 611, "delegateTarget": {"nodeName": "#document", "clientHeight": 644, "height": 1087, "clientWidth": 1349, "width": 1349, "offset": {"top": 0, "left": 0}, "offsetHeight": 1087, "offsetWidth": 1349, "id": "document"}, "target": {"outerHeight": 28, "nodeName": "INPUT", "outerWidthWithMargin": 66, "outerWidth": 66, "innerWidth": 64, "height": 20, "width": 44, "innerHeight": 26, "offset": {"top": 1038.7000122070312, "left": 10}, "position": {"top": 1038.7000122070312, "left": 10}, "outerHeightWithMargin": 28, "id": "submit", "tabindex": "15"}, "shiftKey": false, "button": 0, "ctrlKey": false, "offsetX": 38, "offsetY": 14.299999237060547, "buttons": 0, "metaKey": false, "altKey": false, "currentTarget": {"nodeName": "#document", "clientHeight": 644, "height": 1087, "clientWidth": 1349, "width": 1349, "offset": {"top": 0, "left": 0}, "offsetHeight": 1087, "offsetWidth": 1349, "id": "document"}, "which": 1, "pageY": 1054, "pageX": 49, "screenY": 695, "screenX": 49, "timeStamp": 1389139152475, "eventPhase": 3}, "extra": {"selectedText": ""}, "time": 2887.0, "y": 1054, "x": 49, "type": "click"}]}