{"keydown_event": [], "scroll_event": [], "mouse_click_event": [{"e": {"clientX": 80, "clientY": 293, "delegateTarget": {"nodeName": "#document", "clientHeight": 644, "height": 644, "clientWidth": 1366, "width": 1366, "offset": {"top": 0, "left": 0}, "offsetHeight": 324, "offsetWidth": 1366, "id": "document"}, "target": {"outerHeight": 28, "nodeName": "INPUT", "outerWidthWithMargin": 86, "outerWidth": 86, "innerWidth": 84, "height": 20, "width": 64, "innerHeight": 26, "offset": {"top": 276, "left": 10}, "position": {"top": 276, "left": 10}, "outerHeightWithMargin": 28, "id": "submit", "tabindex": "2"}, "shiftKey": false, "button": 0, "ctrlKey": false, "offsetX": 69, "offsetY": 16, "buttons": 0, "metaKey": false, "altKey": false, "currentTarget": {"nodeName": "#document", "clientHeight": 644, "height": 644, "clientWidth": 1366, "width": 1366, "offset": {"top": 0, "left": 0}, "offsetHeight": 324, "offsetWidth": 1366, "id": "document"}, "which": 1, "pageY": 293, "pageX": 80, "screenY": 377, "screenX": 80, "timeStamp": 1389139088365, "eventPhase": 3}, "extra": {"selectedText": ""}, "time": 2320.0, "y": 293, "x": 80, "type": "click"}], "mouse_move_event": [{"e": {"clientX": 80, "clientY": 293, "delegateTarget": {"nodeName": "#document", "clientHeight": 644, "height": 644, "clientWidth": 1366, "width": 1366, "offset": {"top": 0, "left": 0}, "offsetHeight": 324, "offsetWidth": 1366, "id": "document"}, "target": {"outerHeight": 28, "nodeName": "INPUT", "outerWidthWithMargin": 86, "outerWidth": 86, "innerWidth": 84, "height": 20, "width": 64, "innerHeight": 26, "offset": {"top": 276, "left": 10}, "position": {"top": 276, "left": 10}, "outerHeightWithMargin": 28, "id": "submit", "tabindex": "2"}, "shiftKey": false, "button": 0, "ctrlKey": false, "offsetX": 69, "offsetY": 16, "buttons": 0, "metaKey": false, "altKey": false, "currentTarget": {"nodeName": "#document", "clientHeight": 644, "height": 644, "clientWidth": 1366, "width": 1366, "offset": {"top": 0, "left": 0}, "offsetHeight": 324, "offsetWidth": 1366, "id": "document"}, "which": 1, "pageY": 293, "pageX": 80, "screenY": 377, "screenX": 80, "timeStamp": 1389139086046, "eventPhase": 3}, "extra": {"selectedText": ""}, "time": 1.0, "y": 293, "x": 80, "type": "mousemove"}, {"e": {"clientX": 80, "clientY": 293, "delegateTarget": {"nodeName": "#document", "clientHeight": 644, "height": 644, "clientWidth": 1366, "width": 1366, "offset": {"top": 0, "left": 0}, "offsetHeight": 324, "offsetWidth": 1366, "id": "document"}, "target": {"outerHeight": 28, "nodeName": "INPUT", "outerWidthWithMargin": 86, "outerWidth": 86, "innerWidth": 84, "height": 20, "width": 64, "innerHeight": 26, "offset": {"top": 276, "left": 10}, "position": {"top": 276, "left": 10}, "outerHeightWithMargin": 28, "id": "submit", "tabindex": "2"}, "shiftKey": false, "button": 0, "ctrlKey": false, "offsetX": 69, "offsetY": 16, "buttons": 0, "metaKey": false, "altKey": false, "currentTarget": {"nodeName": "#document", "clientHeight": 644, "height": 644, "clientWidth": 1366, "width": 1366, "offset": {"top": 0, "left": 0}, "offsetHeight": 324, "offsetWidth": 1366, "id": "document"}, "which": 1, "pageY": 293, "pageX": 80, "screenY": 377, "screenX": 80, "timeStamp": 1389139086047, "eventPhase": 3}, "extra": {"selectedText": ""}, "time": 2.0, "y": 293, "x": 80, "type": "mousemove"}], "init_event": [{"type": "init", "time": 0.0, "e": {"clientX": 80, "clientY": 293, "delegateTarget": {"nodeName": "#document", "clientHeight": 644, "height": 644, "clientWidth": 1366, "width": 1366, "offset": {"top": 0, "left": 0}, "offsetHeight": 324, "offsetWidth": 1366, "id": "document"}, "target": {"outerHeight": 28, "nodeName": "INPUT", "outerWidthWithMargin": 86, "outerWidth": 86, "innerWidth": 84, "height": 20, "width": 64, "innerHeight": 26, "offset": {"top": 276, "left": 10}, "position": {"top": 276, "left": 10}, "outerHeightWithMargin": 28, "id": "submit", "tabindex": "2"}, "shiftKey": false, "button": 0, "ctrlKey": false, "offsetX": 69, "offsetY": 16, "buttons": 0, "metaKey": false, "altKey": false, "currentTarget": {"nodeName": "#document", "clientHeight": 644, "height": 644, "clientWidth": 1366, "width": 1366, "offset": {"top": 0, "left": 0}, "offsetHeight": 324, "offsetWidth": 1366, "id": "document"}, "which": 1, "pageY": 293, "pageX": 80, "screenY": 377, "screenX": 80, "timeStamp": 1389139086045, "eventPhase": 3}, "extra": {"body": {"outerWidth": 1366, "innerWidth": 1366, "outerHeight": 304, "height": 294, "width": 1356, "innerHeight": 304, "offset": {"top": 0, "left": 0}, "outerWidthWithMargin": 1366, "outerHeightWithMargin": 304}, "scrollOffset": {"pageYOffset": 0, "pageXOffset": 0}, "screen": {"pixelDepth": 24, "width": 1366, "availHeight": 728, "height": 768, "availWidth": 1366, "colorDepth": 24}, "zoom": {"zoomLevel": 1, "devicePixelRatio": 1}, "window": {"screenX": -8, "outerWidth": 1382, "innerWidth": 1366, "height": 644, "width": 1366, "innerHeight": 644, "offset": {"top": 0, "left": 0}, "screenY": -8, "outerHeight": 744}, "version": 2, "navigator": {"product": "Gecko", "language": "en-US", "appName": "Netscape", "appCodeName": "Mozilla", "cookieEnabled": true, "appVersion": "5.0 (Windows NT 6.1; WOW64; Trident/7.0; SLCC2; .NET CLR 2.0.50727; .NET CLR 3.5.30729; .NET CLR 3.0.30729; Media Center PC 6.0; .NET4.0C; rv:11.0) like Gecko", "platform": "Win32", "userAgent": "Mozilla/5.0 (Windows NT 6.1; WOW64; Trident/7.0; SLCC2; .NET CLR 2.0.50727; .NET CLR 3.5.30729; .NET CLR 3.0.30729; Media Center PC 6.0; .NET4.0C; rv:11.0) like Gecko"}, "document": {"clientHeight": 644, "height": 644, "clientWidth": 1366, "width": 1366, "offset": {"top": 0, "left": 0}, "offsetHeight": 324, "offsetWidth": 1366}}}], "misc_event": [{"type": "init", "time": 0.0, "e": {"clientX": 80, "clientY": 293, "delegateTarget": {"nodeName": "#document", "clientHeight": 644, "height": 644, "clientWidth": 1366, "width": 1366, "offset": {"top": 0, "left": 0}, "offsetHeight": 324, "offsetWidth": 1366, "id": "document"}, "target": {"outerHeight": 28, "nodeName": "INPUT", "outerWidthWithMargin": 86, "outerWidth": 86, "innerWidth": 84, "height": 20, "width": 64, "innerHeight": 26, "offset": {"top": 276, "left": 10}, "position": {"top": 276, "left": 10}, "outerHeightWithMargin": 28, "id": "submit", "tabindex": "2"}, "shiftKey": false, "button": 0, "ctrlKey": false, "offsetX": 69, "offsetY": 16, "buttons": 0, "metaKey": false, "altKey": false, "currentTarget": {"nodeName": "#document", "clientHeight": 644, "height": 644, "clientWidth": 1366, "width": 1366, "offset": {"top": 0, "left": 0}, "offsetHeight": 324, "offsetWidth": 1366, "id": "document"}, "which": 1, "pageY": 293, "pageX": 80, "screenY": 377, "screenX": 80, "timeStamp": 1389139086045, "eventPhase": 3}, "extra": {"body": {"outerWidth": 1366, "innerWidth": 1366, "outerHeight": 304, "height": 294, "width": 1356, "innerHeight": 304, "offset": {"top": 0, "left": 0}, "outerWidthWithMargin": 1366, "outerHeightWithMargin": 304}, "scrollOffset": {"pageYOffset": 0, "pageXOffset": 0}, "screen": {"pixelDepth": 24, "width": 1366, "availHeight": 728, "height": 768, "availWidth": 1366, "colorDepth": 24}, "zoom": {"zoomLevel": 1, "devicePixelRatio": 1}, "window": {"screenX": -8, "outerWidth": 1382, "innerWidth": 1366, "height": 644, "width": 1366, "innerHeight": 644, "offset": {"top": 0, "left": 0}, "screenY": -8, "outerHeight": 744}, "version": 2, "navigator": {"product": "Gecko", "language": "en-US", "appName": "Netscape", "appCodeName": "Mozilla", "cookieEnabled": true, "appVersion": "5.0 (Windows NT 6.1; WOW64; Trident/7.0; SLCC2; .NET CLR 2.0.50727; .NET CLR 3.5.30729; .NET CLR 3.0.30729; Media Center PC 6.0; .NET4.0C; rv:11.0) like Gecko", "platform": "Win32", "userAgent": "Mozilla/5.0 (Windows NT 6.1; WOW64; Trident/7.0; SLCC2; .NET CLR 2.0.50727; .NET CLR 3.5.30729; .NET CLR 3.0.30729; Media Center PC 6.0; .NET4.0C; rv:11.0) like Gecko"}, "document": {"clientHeight": 644, "height": 644, "clientWidth": 1366, "width": 1366, "offset": {"top": 0, "left": 0}, "offsetHeight": 324, "offsetWidth": 1366}}}, {"e": {"clientX": 80, "clientY": 293, "delegateTarget": {"nodeName": "#document", "clientHeight": 644, "height": 644, "clientWidth": 1366, "width": 1366, "offset": {"top": 0, "left": 0}, "offsetHeight": 324, "offsetWidth": 1366, "id": "document"}, "target": {"outerHeight": 28, "nodeName": "INPUT", "outerWidthWithMargin": 86, "outerWidth": 86, "innerWidth": 84, "height": 20, "width": 64, "innerHeight": 26, "offset": {"top": 276, "left": 10}, "position": {"top": 276, "left": 10}, "outerHeightWithMargin": 28, "id": "submit", "tabindex": "2"}, "shiftKey": false, "button": 0, "ctrlKey": false, "offsetX": 69, "offsetY": 16, "buttons": 0, "metaKey": false, "altKey": false, "currentTarget": {"nodeName": "#document", "clientHeight": 644, "height": 644, "clientWidth": 1366, "width": 1366, "offset": {"top": 0, "left": 0}, "offsetHeight": 324, "offsetWidth": 1366, "id": "document"}, "which": 1, "pageY": 293, "pageX": 80, "screenY": 377, "screenX": 80, "timeStamp": 1389139086046, "eventPhase": 3}, "extra": {"selectedText": ""}, "time": 1.0, "y": 293, "x": 80, "type": "mousemove"}, {"e": {"clientX": 80, "clientY": 293, "delegateTarget": {"nodeName": "#document", "clientHeight": 644, "height": 644, "clientWidth": 1366, "width": 1366, "offset": {"top": 0, "left": 0}, "offsetHeight": 324, "offsetWidth": 1366, "id": "document"}, "target": {"outerHeight": 28, "nodeName": "INPUT", "outerWidthWithMargin": 86, "outerWidth": 86, "innerWidth": 84, "height": 20, "width": 64, "innerHeight": 26, "offset": {"top": 276, "left": 10}, "position": {"top": 276, "left": 10}, "outerHeightWithMargin": 28, "id": "submit", "tabindex": "2"}, "shiftKey": false, "button": 0, "ctrlKey": false, "offsetX": 69, "offsetY": 16, "buttons": 0, "metaKey": false, "altKey": false, "currentTarget": {"nodeName": "#document", "clientHeight": 644, "height": 644, "clientWidth": 1366, "width": 1366, "offset": {"top": 0, "left": 0}, "offsetHeight": 324, "offsetWidth": 1366, "id": "document"}, "which": 1, "pageY": 293, "pageX": 80, "screenY": 377, "screenX": 80, "timeStamp": 1389139086047, "eventPhase": 3}, "extra": {"selectedText": ""}, "time": 2.0, "y": 293, "x": 80, "type": "mousemove"}, {"type": "mousedown", "time": 2087.0, "e": {"clientX": 80, "clientY": 293, "delegateTarget": {"nodeName": "#document", "clientHeight": 644, "height": 644, "clientWidth": 1366, "width": 1366, "offset": {"top": 0, "left": 0}, "offsetHeight": 324, "offsetWidth": 1366, "id": "document"}, "target": {"outerHeight": 28, "nodeName": "INPUT", "outerWidthWithMargin": 86, "outerWidth": 86, "innerWidth": 84, "height": 20, "width": 64, "innerHeight": 26, "offset": {"top": 276, "left": 10}, "position": {"top": 276, "left": 10}, "outerHeightWithMargin": 28, "id": "submit", "tabindex": "2"}, "shiftKey": false, "button": 0, "ctrlKey": false, "offsetX": 69, "offsetY": 16, "buttons": 1, "metaKey": false, "altKey": false, "currentTarget": {"nodeName": "#document", "clientHeight": 644, "height": 644, "clientWidth": 1366, "width": 1366, "offset": {"top": 0, "left": 0}, "offsetHeight": 324, "offsetWidth": 1366, "id": "document"}, "which": 1, "pageY": 293, "pageX": 80, "screenY": 377, "screenX": 80, "timeStamp": 1389139088132, "eventPhase": 3}, "extra": {}}, {"type": "mouseup", "time": 2319.0, "e": {"clientX": 80, "clientY": 293, "delegateTarget": {"nodeName": "#document", "clientHeight": 644, "height": 644, "clientWidth": 1366, "width": 1366, "offset": {"top": 0, "left": 0}, "offsetHeight": 324, "offsetWidth": 1366, "id": "document"}, "target": {"outerHeight": 28, "nodeName": "INPUT", "outerWidthWithMargin": 86, "outerWidth": 86, "innerWidth": 84, "height": 20, "width": 64, "innerHeight": 26, "offset": {"top": 276, "left": 10}, "position": {"top": 276, "left": 10}, "outerHeightWithMargin": 28, "id": "submit", "tabindex": "2"}, "shiftKey": false, "button": 0, "ctrlKey": false, "offsetX": 69, "offsetY": 16, "buttons": 0, "metaKey": false, "altKey": false, "currentTarget": {"nodeName": "#document", "clientHeight": 644, "height": 644, "clientWidth": 1366, "width": 1366, "offset": {"top": 0, "left": 0}, "offsetHeight": 324, "offsetWidth": 1366, "id": "document"}, "which": 1, "pageY": 293, "pageX": 80, "screenY": 377, "screenX": 80, "timeStamp": 1389139088364, "eventPhase": 3}, "extra": {"selectedText": ""}}, {"e": {"clientX": 80, "clientY": 293, "delegateTarget": {"nodeName": "#document", "clientHeight": 644, "height": 644, "clientWidth": 1366, "width": 1366, "offset": {"top": 0, "left": 0}, "offsetHeight": 324, "offsetWidth": 1366, "id": "document"}, "target": {"outerHeight": 28, "nodeName": "INPUT", "outerWidthWithMargin": 86, "outerWidth": 86, "innerWidth": 84, "height": 20, "width": 64, "innerHeight": 26, "offset": {"top": 276, "left": 10}, "position": {"top": 276, "left": 10}, "outerHeightWithMargin": 28, "id": "submit", "tabindex": "2"}, "shiftKey": false, "button": 0, "ctrlKey": false, "offsetX": 69, "offsetY": 16, "buttons": 0, "metaKey": false, "altKey": false, "currentTarget": {"nodeName": "#document", "clientHeight": 644, "height": 644, "clientWidth": 1366, "width": 1366, "offset": {"top": 0, "left": 0}, "offsetHeight": 324, "offsetWidth": 1366, "id": "document"}, "which": 1, "pageY": 293, "pageX": 80, "screenY": 377, "screenX": 80, "timeStamp": 1389139088365, "eventPhase": 3}, "extra": {"selectedText": ""}, "time": 2320.0, "y": 293, "x": 80, "type": "click"}]}