{"keydown_event": [], "scroll_event": [], "mouse_click_event": [{"e": {"clientX": 64, "clientY": 581, "delegateTarget": {"nodeName": "#document", "clientHeight": 639, "height": 739, "clientWidth": 1139, "width": 1139, "offset": {"top": 0, "left": 0}, "offsetHeight": 738, "offsetWidth": 1138, "id": "document"}, "target": {"outerHeight": 26, "nodeName": "INPUT", "outerWidthWithMargin": 80, "outerWidth": 80, "innerWidth": 76.79999995231628, "height": 20.799999952316284, "width": 64.79999995231628, "innerHeight": 22.799999952316284, "offset": {"top": 673.2000122070312, "left": 10}, "position": {"top": 673.2000122070312, "left": 10}, "outerHeightWithMargin": 26, "id": "submit", "tabindex": "2"}, "shiftKey": false, "button": 0, "ctrlKey": false, "offsetX": 54, "offsetY": 8, "altKey": false, "metaKey": false, "currentTarget": {"nodeName": "#document", "clientHeight": 639, "height": 739, "clientWidth": 1139, "width": 1139, "offset": {"top": 0, "left": 0}, "offsetHeight": 738, "offsetWidth": 1138, "id": "document"}, "which": 1, "pageY": 681, "pageX": 64, "screenY": 788, "screenX": 80, "timeStamp": 1389175559165, "eventPhase": 3}, "extra": {"selectedText": ""}, "time": 20579.0, "y": 681, "x": 64, "type": "click"}], "mouse_move_event": [{"e": {"clientX": 64, "clientY": 581, "delegateTarget": {"nodeName": "#document", "clientHeight": 639, "height": 739, "clientWidth": 1139, "width": 1139, "offset": {"top": 0, "left": 0}, "offsetHeight": 738, "offsetWidth": 1138, "id": "document"}, "target": {"outerHeight": 26, "nodeName": "INPUT", "outerWidthWithMargin": 80, "outerWidth": 80, "innerWidth": 76.79999995231628, "height": 20.799999952316284, "width": 64.79999995231628, "innerHeight": 22.799999952316284, "offset": {"top": 673.2000122070312, "left": 10}, "position": {"top": 673.2000122070312, "left": 10}, "outerHeightWithMargin": 26, "id": "submit", "tabindex": "2"}, "shiftKey": false, "button": 0, "ctrlKey": false, "offsetX": 54, "offsetY": 8, "altKey": false, "metaKey": false, "currentTarget": {"nodeName": "#document", "clientHeight": 639, "height": 739, "clientWidth": 1139, "width": 1139, "offset": {"top": 0, "left": 0}, "offsetHeight": 738, "offsetWidth": 1138, "id": "document"}, "which": 0, "pageY": 681, "pageX": 64, "screenY": 788, "screenX": 80, "timeStamp": 1389175538586, "eventPhase": 3}, "extra": {"selectedText": ""}, "time": 0.0, "y": 681, "x": 64, "type": "mousemove"}, {"e": {"clientX": 64, "clientY": 581, "delegateTarget": {"nodeName": "#document", "clientHeight": 639, "height": 739, "clientWidth": 1139, "width": 1139, "offset": {"top": 0, "left": 0}, "offsetHeight": 738, "offsetWidth": 1138, "id": "document"}, "target": {"outerHeight": 26, "nodeName": "INPUT", "outerWidthWithMargin": 80, "outerWidth": 80, "innerWidth": 76.79999995231628, "height": 20.799999952316284, "width": 64.79999995231628, "innerHeight": 22.799999952316284, "offset": {"top": 673.2000122070312, "left": 10}, "position": {"top": 673.2000122070312, "left": 10}, "outerHeightWithMargin": 26, "id": "submit", "tabindex": "2"}, "shiftKey": false, "button": 0, "ctrlKey": false, "offsetX": 54, "offsetY": 8, "altKey": false, "metaKey": false, "currentTarget": {"nodeName": "#document", "clientHeight": 639, "height": 739, "clientWidth": 1139, "width": 1139, "offset": {"top": 0, "left": 0}, "offsetHeight": 738, "offsetWidth": 1138, "id": "document"}, "which": 0, "pageY": 681, "pageX": 64, "screenY": 788, "screenX": 80, "timeStamp": 1389175538805, "eventPhase": 3}, "extra": {"selectedText": ""}, "time": 219.0, "y": 681, "x": 64, "type": "mousemove"}], "init_event": [{"type": "init", "time": 0.0, "e": {"clientX": 64, "clientY": 581, "delegateTarget": {"nodeName": "#document", "clientHeight": 639, "height": 739, "clientWidth": 1139, "width": 1139, "offset": {"top": 0, "left": 0}, "offsetHeight": 738, "offsetWidth": 1138, "id": "document"}, "target": {"outerHeight": 26, "nodeName": "INPUT", "outerWidthWithMargin": 80, "outerWidth": 80, "innerWidth": 76.79999995231628, "height": 20.799999952316284, "width": 64.79999995231628, "innerHeight": 22.799999952316284, "offset": {"top": 673.2000122070312, "left": 10}, "position": {"top": 673.2000122070312, "left": 10}, "outerHeightWithMargin": 26, "id": "submit", "tabindex": "2"}, "shiftKey": false, "button": 0, "ctrlKey": false, "offsetX": 54, "offsetY": 8, "altKey": false, "metaKey": false, "currentTarget": {"nodeName": "#document", "clientHeight": 639, "height": 739, "clientWidth": 1139, "width": 1139, "offset": {"top": 0, "left": 0}, "offsetHeight": 738, "offsetWidth": 1138, "id": "document"}, "which": 0, "pageY": 681, "pageX": 64, "screenY": 788, "screenX": 80, "timeStamp": 1389175538586, "eventPhase": 3}, "extra": {"body": {"outerWidth": 1138, "innerWidth": 1138, "outerHeight": 718, "height": 708, "width": 1128, "innerHeight": 718, "offset": {"top": 0, "left": 0}, "outerWidthWithMargin": 1138, "outerHeightWithMargin": 718}, "scrollOffset": {"pageYOffset": 100, "pageXOffset": 0}, "screen": {"pixelDepth": 32, "width": 1440, "availHeight": 860, "height": 900, "availWidth": 1440, "colorDepth": 32}, "zoom": {"zoomLevel": 0, "devicePixelRatio": 1.25}, "window": {"screenX": 0, "outerWidth": 1440, "innerWidth": 1152, "height": 639, "width": 1139, "innerHeight": 638, "offset": {"top": 0, "left": 0}, "screenY": 0, "outerHeight": 860}, "version": 2, "navigator": {"product": "Gecko", "language": "en-US", "appName": "Netscape", "appCodeName": "Mozilla", "cookieEnabled": true, "appVersion": "5.0 (Windows NT 6.1) AppleWebKit/537.36 (KHTML, like Gecko) Chrome/31.0.1650.63 Safari/537.36", "platform": "Win32", "userAgent": "Mozilla/5.0 (Windows NT 6.1) AppleWebKit/537.36 (KHTML, like Gecko) Chrome/31.0.1650.63 Safari/537.36"}, "document": {"clientHeight": 639, "height": 739, "clientWidth": 1139, "width": 1139, "offset": {"top": 0, "left": 0}, "offsetHeight": 738, "offsetWidth": 1138}}}], "misc_event": [{"type": "init", "time": 0.0, "e": {"clientX": 64, "clientY": 581, "delegateTarget": {"nodeName": "#document", "clientHeight": 639, "height": 739, "clientWidth": 1139, "width": 1139, "offset": {"top": 0, "left": 0}, "offsetHeight": 738, "offsetWidth": 1138, "id": "document"}, "target": {"outerHeight": 26, "nodeName": "INPUT", "outerWidthWithMargin": 80, "outerWidth": 80, "innerWidth": 76.79999995231628, "height": 20.799999952316284, "width": 64.79999995231628, "innerHeight": 22.799999952316284, "offset": {"top": 673.2000122070312, "left": 10}, "position": {"top": 673.2000122070312, "left": 10}, "outerHeightWithMargin": 26, "id": "submit", "tabindex": "2"}, "shiftKey": false, "button": 0, "ctrlKey": false, "offsetX": 54, "offsetY": 8, "altKey": false, "metaKey": false, "currentTarget": {"nodeName": "#document", "clientHeight": 639, "height": 739, "clientWidth": 1139, "width": 1139, "offset": {"top": 0, "left": 0}, "offsetHeight": 738, "offsetWidth": 1138, "id": "document"}, "which": 0, "pageY": 681, "pageX": 64, "screenY": 788, "screenX": 80, "timeStamp": 1389175538586, "eventPhase": 3}, "extra": {"body": {"outerWidth": 1138, "innerWidth": 1138, "outerHeight": 718, "height": 708, "width": 1128, "innerHeight": 718, "offset": {"top": 0, "left": 0}, "outerWidthWithMargin": 1138, "outerHeightWithMargin": 718}, "scrollOffset": {"pageYOffset": 100, "pageXOffset": 0}, "screen": {"pixelDepth": 32, "width": 1440, "availHeight": 860, "height": 900, "availWidth": 1440, "colorDepth": 32}, "zoom": {"zoomLevel": 0, "devicePixelRatio": 1.25}, "window": {"screenX": 0, "outerWidth": 1440, "innerWidth": 1152, "height": 639, "width": 1139, "innerHeight": 638, "offset": {"top": 0, "left": 0}, "screenY": 0, "outerHeight": 860}, "version": 2, "navigator": {"product": "Gecko", "language": "en-US", "appName": "Netscape", "appCodeName": "Mozilla", "cookieEnabled": true, "appVersion": "5.0 (Windows NT 6.1) AppleWebKit/537.36 (KHTML, like Gecko) Chrome/31.0.1650.63 Safari/537.36", "platform": "Win32", "userAgent": "Mozilla/5.0 (Windows NT 6.1) AppleWebKit/537.36 (KHTML, like Gecko) Chrome/31.0.1650.63 Safari/537.36"}, "document": {"clientHeight": 639, "height": 739, "clientWidth": 1139, "width": 1139, "offset": {"top": 0, "left": 0}, "offsetHeight": 738, "offsetWidth": 1138}}}, {"e": {"clientX": 64, "clientY": 581, "delegateTarget": {"nodeName": "#document", "clientHeight": 639, "height": 739, "clientWidth": 1139, "width": 1139, "offset": {"top": 0, "left": 0}, "offsetHeight": 738, "offsetWidth": 1138, "id": "document"}, "target": {"outerHeight": 26, "nodeName": "INPUT", "outerWidthWithMargin": 80, "outerWidth": 80, "innerWidth": 76.79999995231628, "height": 20.799999952316284, "width": 64.79999995231628, "innerHeight": 22.799999952316284, "offset": {"top": 673.2000122070312, "left": 10}, "position": {"top": 673.2000122070312, "left": 10}, "outerHeightWithMargin": 26, "id": "submit", "tabindex": "2"}, "shiftKey": false, "button": 0, "ctrlKey": false, "offsetX": 54, "offsetY": 8, "altKey": false, "metaKey": false, "currentTarget": {"nodeName": "#document", "clientHeight": 639, "height": 739, "clientWidth": 1139, "width": 1139, "offset": {"top": 0, "left": 0}, "offsetHeight": 738, "offsetWidth": 1138, "id": "document"}, "which": 0, "pageY": 681, "pageX": 64, "screenY": 788, "screenX": 80, "timeStamp": 1389175538586, "eventPhase": 3}, "extra": {"selectedText": ""}, "time": 0.0, "y": 681, "x": 64, "type": "mousemove"}, {"e": {"clientX": 64, "clientY": 581, "delegateTarget": {"nodeName": "#document", "clientHeight": 639, "height": 739, "clientWidth": 1139, "width": 1139, "offset": {"top": 0, "left": 0}, "offsetHeight": 738, "offsetWidth": 1138, "id": "document"}, "target": {"outerHeight": 26, "nodeName": "INPUT", "outerWidthWithMargin": 80, "outerWidth": 80, "innerWidth": 76.79999995231628, "height": 20.799999952316284, "width": 64.79999995231628, "innerHeight": 22.799999952316284, "offset": {"top": 673.2000122070312, "left": 10}, "position": {"top": 673.2000122070312, "left": 10}, "outerHeightWithMargin": 26, "id": "submit", "tabindex": "2"}, "shiftKey": false, "button": 0, "ctrlKey": false, "offsetX": 54, "offsetY": 8, "altKey": false, "metaKey": false, "currentTarget": {"nodeName": "#document", "clientHeight": 639, "height": 739, "clientWidth": 1139, "width": 1139, "offset": {"top": 0, "left": 0}, "offsetHeight": 738, "offsetWidth": 1138, "id": "document"}, "which": 0, "pageY": 681, "pageX": 64, "screenY": 788, "screenX": 80, "timeStamp": 1389175538805, "eventPhase": 3}, "extra": {"selectedText": ""}, "time": 219.0, "y": 681, "x": 64, "type": "mousemove"}, {"type": "mousedown", "time": 20454.0, "e": {"clientX": 64, "clientY": 581, "delegateTarget": {"nodeName": "#document", "clientHeight": 639, "height": 739, "clientWidth": 1139, "width": 1139, "offset": {"top": 0, "left": 0}, "offsetHeight": 738, "offsetWidth": 1138, "id": "document"}, "target": {"outerHeight": 26, "nodeName": "INPUT", "outerWidthWithMargin": 80, "outerWidth": 80, "innerWidth": 76.79999995231628, "height": 20.799999952316284, "width": 64.79999995231628, "innerHeight": 22.799999952316284, "offset": {"top": 673.2000122070312, "left": 10}, "position": {"top": 673.2000122070312, "left": 10}, "outerHeightWithMargin": 26, "id": "submit", "tabindex": "2"}, "shiftKey": false, "button": 0, "ctrlKey": false, "offsetX": 54, "offsetY": 8, "altKey": false, "metaKey": false, "currentTarget": {"nodeName": "#document", "clientHeight": 639, "height": 739, "clientWidth": 1139, "width": 1139, "offset": {"top": 0, "left": 0}, "offsetHeight": 738, "offsetWidth": 1138, "id": "document"}, "which": 1, "pageY": 681, "pageX": 64, "screenY": 788, "screenX": 80, "timeStamp": 1389175559040, "eventPhase": 3}, "extra": {}}, {"type": "mouseup", "time": 20563.0, "e": {"clientX": 64, "clientY": 581, "delegateTarget": {"nodeName": "#document", "clientHeight": 639, "height": 739, "clientWidth": 1139, "width": 1139, "offset": {"top": 0, "left": 0}, "offsetHeight": 738, "offsetWidth": 1138, "id": "document"}, "target": {"outerHeight": 26, "nodeName": "INPUT", "outerWidthWithMargin": 80, "outerWidth": 80, "innerWidth": 76.79999995231628, "height": 20.799999952316284, "width": 64.79999995231628, "innerHeight": 22.799999952316284, "offset": {"top": 673.2000122070312, "left": 10}, "position": {"top": 673.2000122070312, "left": 10}, "outerHeightWithMargin": 26, "id": "submit", "tabindex": "2"}, "shiftKey": false, "button": 0, "ctrlKey": false, "offsetX": 54, "offsetY": 8, "altKey": false, "metaKey": false, "currentTarget": {"nodeName": "#document", "clientHeight": 639, "height": 739, "clientWidth": 1139, "width": 1139, "offset": {"top": 0, "left": 0}, "offsetHeight": 738, "offsetWidth": 1138, "id": "document"}, "which": 1, "pageY": 681, "pageX": 64, "screenY": 788, "screenX": 80, "timeStamp": 1389175559149, "eventPhase": 3}, "extra": {"selectedText": ""}}, {"e": {"clientX": 64, "clientY": 581, "delegateTarget": {"nodeName": "#document", "clientHeight": 639, "height": 739, "clientWidth": 1139, "width": 1139, "offset": {"top": 0, "left": 0}, "offsetHeight": 738, "offsetWidth": 1138, "id": "document"}, "target": {"outerHeight": 26, "nodeName": "INPUT", "outerWidthWithMargin": 80, "outerWidth": 80, "innerWidth": 76.79999995231628, "height": 20.799999952316284, "width": 64.79999995231628, "innerHeight": 22.799999952316284, "offset": {"top": 673.2000122070312, "left": 10}, "position": {"top": 673.2000122070312, "left": 10}, "outerHeightWithMargin": 26, "id": "submit", "tabindex": "2"}, "shiftKey": false, "button": 0, "ctrlKey": false, "offsetX": 54, "offsetY": 8, "altKey": false, "metaKey": false, "currentTarget": {"nodeName": "#document", "clientHeight": 639, "height": 739, "clientWidth": 1139, "width": 1139, "offset": {"top": 0, "left": 0}, "offsetHeight": 738, "offsetWidth": 1138, "id": "document"}, "which": 1, "pageY": 681, "pageX": 64, "screenY": 788, "screenX": 80, "timeStamp": 1389175559165, "eventPhase": 3}, "extra": {"selectedText": ""}, "time": 20579.0, "y": 681, "x": 64, "type": "click"}]}