{"keydown_event": [], "scroll_event": [], "mouse_click_event": [], "mouse_move_event": [], "init_event": [{"type": "init", "time": 0.0, "e": {"clientX": 48, "clientY": 635, "delegateTarget": {"nodeName": "#document", "clientHeight": 679, "height": 679, "clientWidth": 1278, "width": 1278, "offset": {"top": 0, "left": 0}, "offsetHeight": 321, "offsetWidth": 1278, "id": "document"}, "target": {"outerHeight": 321, "nodeName": "HTML", "outerWidthWithMargin": 1278, "outerWidth": 1278, "innerWidth": 1278, "height": 321, "width": 1278, "innerHeight": 321, "offset": {"top": 0, "left": 0}, "id": "index-page", "position": {"top": 0, "left": 0}, "outerHeightWithMargin": 321, "class": "  flexbox flexboxlegacy canvas canvastext webgl no-touch geolocation postmessage websqldatabase hashchange history draganddrop websockets rgba hsla multiplebgs backgroundsize borderimage borderradius boxshadow textshadow opacity cssanimations csscolumns cssgradients cssreflections csstransforms csstransforms3d csstransitions fontface generatedcontent video audio localstorage sessionstorage webworkers applicationcache svg inlinesvg smil svgclippaths cookies js no-mobile desktop no-ie root-section w-1278 gt-240 gt-320 gt-480 gt-640 gt-768 gt-800 gt-1024 lt-1280 lt-1440 lt-1680 lt-1920 no-portrait landscape gradient rgba opacity textshadow multiplebgs boxshadow borderimage borderradius cssreflections csstransforms csstransitions no-touch no-retina fontface domloaded"}, "shiftKey": false, "button": 0, "ctrlKey": false, "offsetX": 48, "offsetY": 635, "altKey": false, "metaKey": false, "currentTarget": {"nodeName": "#document", "clientHeight": 679, "height": 679, "clientWidth": 1278, "width": 1278, "offset": {"top": 0, "left": 0}, "offsetHeight": 321, "offsetWidth": 1278, "id": "document"}, "which": 0, "pageY": 635, "pageX": 48, "screenY": 752, "screenX": 48, "timeStamp": 1389129672860, "eventPhase": 3}, "extra": {"body": {"outerWidth": 1278, "innerWidth": 1278, "outerHeight": 301, "height": 291, "width": 1268, "innerHeight": 301, "offset": {"top": 0, "left": 0}, "outerWidthWithMargin": 1278, "outerHeightWithMargin": 301}, "scrollOffset": {"pageYOffset": 0, "pageXOffset": 0}, "screen": {"pixelDepth": 24, "width": 1280, "availHeight": 774, "height": 800, "availWidth": 1280, "colorDepth": 24}, "zoom": {"zoomLevel": 0, "devicePixelRatio": 1}, "window": {"screenX": 0, "outerWidth": 1278, "innerWidth": 1278, "height": 679, "width": 1278, "innerHeight": 679, "offset": {"top": 0, "left": 0}, "screenY": 22, "outerHeight": 774}, "version": 2, "navigator": {"product": "Gecko", "language": "en-US", "appName": "Netscape", "appCodeName": "Mozilla", "cookieEnabled": true, "appVersion": "5.0 (Macintosh; Intel Mac OS X 10_9_1) AppleWebKit/537.36 (KHTML, like Gecko) Chrome/31.0.1650.63 Safari/537.36", "platform": "MacIntel", "userAgent": "Mozilla/5.0 (Macintosh; Intel Mac OS X 10_9_1) AppleWebKit/537.36 (KHTML, like Gecko) Chrome/31.0.1650.63 Safari/537.36"}, "document": {"clientHeight": 679, "height": 679, "clientWidth": 1278, "width": 1278, "offset": {"top": 0, "left": 0}, "offsetHeight": 321, "offsetWidth": 1278}}}], "misc_event": [{"type": "init", "time": 0.0, "e": {"clientX": 48, "clientY": 635, "delegateTarget": {"nodeName": "#document", "clientHeight": 679, "height": 679, "clientWidth": 1278, "width": 1278, "offset": {"top": 0, "left": 0}, "offsetHeight": 321, "offsetWidth": 1278, "id": "document"}, "target": {"outerHeight": 321, "nodeName": "HTML", "outerWidthWithMargin": 1278, "outerWidth": 1278, "innerWidth": 1278, "height": 321, "width": 1278, "innerHeight": 321, "offset": {"top": 0, "left": 0}, "id": "index-page", "position": {"top": 0, "left": 0}, "outerHeightWithMargin": 321, "class": "  flexbox flexboxlegacy canvas canvastext webgl no-touch geolocation postmessage websqldatabase hashchange history draganddrop websockets rgba hsla multiplebgs backgroundsize borderimage borderradius boxshadow textshadow opacity cssanimations csscolumns cssgradients cssreflections csstransforms csstransforms3d csstransitions fontface generatedcontent video audio localstorage sessionstorage webworkers applicationcache svg inlinesvg smil svgclippaths cookies js no-mobile desktop no-ie root-section w-1278 gt-240 gt-320 gt-480 gt-640 gt-768 gt-800 gt-1024 lt-1280 lt-1440 lt-1680 lt-1920 no-portrait landscape gradient rgba opacity textshadow multiplebgs boxshadow borderimage borderradius cssreflections csstransforms csstransitions no-touch no-retina fontface domloaded"}, "shiftKey": false, "button": 0, "ctrlKey": false, "offsetX": 48, "offsetY": 635, "altKey": false, "metaKey": false, "currentTarget": {"nodeName": "#document", "clientHeight": 679, "height": 679, "clientWidth": 1278, "width": 1278, "offset": {"top": 0, "left": 0}, "offsetHeight": 321, "offsetWidth": 1278, "id": "document"}, "which": 0, "pageY": 635, "pageX": 48, "screenY": 752, "screenX": 48, "timeStamp": 1389129672860, "eventPhase": 3}, "extra": {"body": {"outerWidth": 1278, "innerWidth": 1278, "outerHeight": 301, "height": 291, "width": 1268, "innerHeight": 301, "offset": {"top": 0, "left": 0}, "outerWidthWithMargin": 1278, "outerHeightWithMargin": 301}, "scrollOffset": {"pageYOffset": 0, "pageXOffset": 0}, "screen": {"pixelDepth": 24, "width": 1280, "availHeight": 774, "height": 800, "availWidth": 1280, "colorDepth": 24}, "zoom": {"zoomLevel": 0, "devicePixelRatio": 1}, "window": {"screenX": 0, "outerWidth": 1278, "innerWidth": 1278, "height": 679, "width": 1278, "innerHeight": 679, "offset": {"top": 0, "left": 0}, "screenY": 22, "outerHeight": 774}, "version": 2, "navigator": {"product": "Gecko", "language": "en-US", "appName": "Netscape", "appCodeName": "Mozilla", "cookieEnabled": true, "appVersion": "5.0 (Macintosh; Intel Mac OS X 10_9_1) AppleWebKit/537.36 (KHTML, like Gecko) Chrome/31.0.1650.63 Safari/537.36", "platform": "MacIntel", "userAgent": "Mozilla/5.0 (Macintosh; Intel Mac OS X 10_9_1) AppleWebKit/537.36 (KHTML, like Gecko) Chrome/31.0.1650.63 Safari/537.36"}, "document": {"clientHeight": 679, "height": 679, "clientWidth": 1278, "width": 1278, "offset": {"top": 0, "left": 0}, "offsetHeight": 321, "offsetWidth": 1278}}}, {"type": "mouseenter", "time": 1.0, "e": {"clientX": 48, "clientY": 635, "delegateTarget": {"nodeName": "#document", "clientHeight": 679, "height": 679, "clientWidth": 1278, "width": 1278, "offset": {"top": 0, "left": 0}, "offsetHeight": 321, "offsetWidth": 1278, "id": "document"}, "target": {"outerHeight": 321, "nodeName": "HTML", "outerWidthWithMargin": 1278, "outerWidth": 1278, "innerWidth": 1278, "height": 321, "width": 1278, "innerHeight": 321, "offset": {"top": 0, "left": 0}, "id": "index-page", "position": {"top": 0, "left": 0}, "outerHeightWithMargin": 321, "class": "  flexbox flexboxlegacy canvas canvastext webgl no-touch geolocation postmessage websqldatabase hashchange history draganddrop websockets rgba hsla multiplebgs backgroundsize borderimage borderradius boxshadow textshadow opacity cssanimations csscolumns cssgradients cssreflections csstransforms csstransforms3d csstransitions fontface generatedcontent video audio localstorage sessionstorage webworkers applicationcache svg inlinesvg smil svgclippaths cookies js no-mobile desktop no-ie root-section w-1278 gt-240 gt-320 gt-480 gt-640 gt-768 gt-800 gt-1024 lt-1280 lt-1440 lt-1680 lt-1920 no-portrait landscape gradient rgba opacity textshadow multiplebgs boxshadow borderimage borderradius cssreflections csstransforms csstransitions no-touch no-retina fontface domloaded"}, "shiftKey": false, "button": 0, "ctrlKey": false, "offsetX": 48, "offsetY": 635, "altKey": false, "metaKey": false, "currentTarget": {"nodeName": "#document", "clientHeight": 679, "height": 679, "clientWidth": 1278, "width": 1278, "offset": {"top": 0, "left": 0}, "offsetHeight": 321, "offsetWidth": 1278, "id": "document"}, "which": 0, "pageY": 635, "pageX": 48, "screenY": 752, "screenX": 48, "timeStamp": 1389129672861, "eventPhase": 3}, "extra": {}}, {"type": "mousedown", "time": 1025.0, "e": {"clientX": 112, "clientY": 226, "delegateTarget": {"nodeName": "#document", "clientHeight": 679, "height": 679, "clientWidth": 1278, "width": 1278, "offset": {"top": 0, "left": 0}, "offsetHeight": 321, "offsetWidth": 1278, "id": "document"}, "target": {"outerHeight": 291, "nodeName": "DIV", "outerWidthWithMargin": 1268, "outerWidth": 1268, "innerWidth": 1268, "height": 291, "width": 1268, "innerHeight": 291, "offset": {"top": 10, "left": 10}, "position": {"top": 10, "left": 10}, "outerHeightWithMargin": 291, "id": "page3"}, "shiftKey": false, "button": 0, "ctrlKey": false, "offsetX": 102, "offsetY": 216, "altKey": false, "metaKey": false, "currentTarget": {"nodeName": "#document", "clientHeight": 679, "height": 679, "clientWidth": 1278, "width": 1278, "offset": {"top": 0, "left": 0}, "offsetHeight": 321, "offsetWidth": 1278, "id": "document"}, "which": 1, "pageY": 226, "pageX": 112, "screenY": 343, "screenX": 112, "timeStamp": 1389129673885, "eventPhase": 3}, "extra": {}}, {"type": "mousedown", "time": 1658.0, "e": {"clientX": 103, "clientY": 206, "delegateTarget": {"nodeName": "#document", "clientHeight": 679, "height": 679, "clientWidth": 1278, "width": 1278, "offset": {"top": 0, "left": 0}, "offsetHeight": 321, "offsetWidth": 1278, "id": "document"}, "target": {"outerHeight": 30, "nodeName": "SELECT", "parent": {"outerHeight": 291, "nodeName": "DIV", "outerWidthWithMargin": 1268, "outerWidth": 1268, "innerWidth": 1268, "height": 291, "width": 1268, "innerHeight": 291, "offset": {"top": 10, "left": 10}, "position": {"top": 10, "left": 10}, "outerHeightWithMargin": 291, "id": "page3"}, "outerWidthWithMargin": 150, "outerWidth": 150, "innerWidth": 148, "height": 28, "width": 148, "innerHeight": 28, "offset": {"top": 194, "left": 10}, "id": "select1", "position": {"top": 194, "left": 10}, "outerHeightWithMargin": 40, "class": "input-medium", "tabindex": "1"}, "shiftKey": false, "button": 0, "ctrlKey": false, "offsetX": 93, "offsetY": 12, "altKey": false, "metaKey": false, "currentTarget": {"nodeName": "#document", "clientHeight": 679, "height": 679, "clientWidth": 1278, "width": 1278, "offset": {"top": 0, "left": 0}, "offsetHeight": 321, "offsetWidth": 1278, "id": "document"}, "which": 1, "pageY": 206, "pageX": 103, "screenY": 323, "screenX": 103, "timeStamp": 1389129674518, "eventPhase": 3}, "extra": {}}, {"type": "focusin", "time": 1661.0, "e": {"target": {"outerHeight": 30, "nodeName": "SELECT", "parent": {"outerHeight": 291, "nodeName": "DIV", "outerWidthWithMargin": 1268, "outerWidth": 1268, "innerWidth": 1268, "height": 291, "width": 1268, "innerHeight": 291, "offset": {"top": 10, "left": 10}, "position": {"top": 10, "left": 10}, "outerHeightWithMargin": 291, "id": "page3"}, "outerWidthWithMargin": 150, "outerWidth": 150, "innerWidth": 148, "height": 28, "width": 148, "innerHeight": 28, "offset": {"top": 194, "left": 10}, "id": "select1", "position": {"top": 194, "left": 10}, "outerHeightWithMargin": 40, "class": "input-medium", "tabindex": "1"}, "timeStamp": 1389129674521, "delegateTarget": {"nodeName": "#document", "clientHeight": 679, "height": 679, "clientWidth": 1278, "width": 1278, "offset": {"top": 0, "left": 0}, "offsetHeight": 321, "offsetWidth": 1278, "id": "document"}, "currentTarget": {"nodeName": "#document", "clientHeight": 679, "height": 679, "clientWidth": 1278, "width": 1278, "offset": {"top": 0, "left": 0}, "offsetHeight": 321, "offsetWidth": 1278, "id": "document"}, "which": 0, "eventPhase": 1}, "extra": {"body": {"outerWidth": 1278, "innerWidth": 1278, "outerHeight": 301, "height": 291, "width": 1268, "innerHeight": 301, "offset": {"top": 0, "left": 0}, "outerWidthWithMargin": 1278, "outerHeightWithMargin": 301}, "window": {"screenX": 0, "outerWidth": 1278, "innerWidth": 1278, "height": 679, "width": 1278, "innerHeight": 679, "offset": {"top": 0, "left": 0}, "screenY": 22, "outerHeight": 774}, "document": {"clientHeight": 679, "height": 679, "clientWidth": 1278, "width": 1278, "offset": {"top": 0, "left": 0}, "offsetHeight": 321, "offsetWidth": 1278}}}, {"type": "mousedown", "time": 9687.0, "e": {"clientX": 45, "clientY": 276, "delegateTarget": {"nodeName": "#document", "clientHeight": 679, "height": 679, "clientWidth": 1278, "width": 1278, "offset": {"top": 0, "left": 0}, "offsetHeight": 321, "offsetWidth": 1278, "id": "document"}, "target": {"outerHeight": 25, "nodeName": "INPUT", "outerWidthWithMargin": 81, "outerWidth": 81, "innerWidth": 77, "height": 20, "width": 65, "innerHeight": 25, "offset": {"top": 276, "left": 10}, "position": {"top": 276, "left": 10}, "outerHeightWithMargin": 25, "id": "submit", "tabindex": "2"}, "shiftKey": false, "button": 0, "ctrlKey": false, "offsetX": 35, "offsetY": 0, "altKey": false, "metaKey": false, "currentTarget": {"nodeName": "#document", "clientHeight": 679, "height": 679, "clientWidth": 1278, "width": 1278, "offset": {"top": 0, "left": 0}, "offsetHeight": 321, "offsetWidth": 1278, "id": "document"}, "which": 1, "pageY": 276, "pageX": 45, "screenY": 393, "screenX": 45, "timeStamp": 1389129682547, "eventPhase": 3}, "extra": {}}, {"type": "focusout", "time": 9691.0, "e": {"target": {"outerHeight": 30, "nodeName": "SELECT", "parent": {"outerHeight": 291, "nodeName": "DIV", "outerWidthWithMargin": 1268, "outerWidth": 1268, "innerWidth": 1268, "height": 291, "width": 1268, "innerHeight": 291, "offset": {"top": 10, "left": 10}, "position": {"top": 10, "left": 10}, "outerHeightWithMargin": 291, "id": "page3"}, "outerWidthWithMargin": 150, "outerWidth": 150, "innerWidth": 148, "height": 28, "width": 148, "innerHeight": 28, "offset": {"top": 194, "left": 10}, "id": "select1", "position": {"top": 194, "left": 10}, "outerHeightWithMargin": 40, "class": "input-medium", "tabindex": "1"}, "relatedTarget": {"outerHeight": 25, "nodeName": "INPUT", "outerWidthWithMargin": 81, "outerWidth": 81, "innerWidth": 77, "height": 20, "width": 65, "innerHeight": 25, "offset": {"top": 276, "left": 10}, "position": {"top": 276, "left": 10}, "outerHeightWithMargin": 25, "id": "submit", "tabindex": "2"}, "timeStamp": 1389129682551, "delegateTarget": {"nodeName": "#document", "clientHeight": 679, "height": 679, "clientWidth": 1278, "width": 1278, "offset": {"top": 0, "left": 0}, "offsetHeight": 321, "offsetWidth": 1278, "id": "document"}, "currentTarget": {"nodeName": "#document", "clientHeight": 679, "height": 679, "clientWidth": 1278, "width": 1278, "offset": {"top": 0, "left": 0}, "offsetHeight": 321, "offsetWidth": 1278, "id": "document"}, "which": 0, "eventPhase": 1}, "extra": {}}, {"type": "focusin", "time": 9694.0, "e": {"target": {"outerHeight": 25, "nodeName": "INPUT", "outerWidthWithMargin": 81, "outerWidth": 81, "innerWidth": 77, "height": 20, "width": 65, "innerHeight": 25, "offset": {"top": 276, "left": 10}, "position": {"top": 276, "left": 10}, "outerHeightWithMargin": 25, "id": "submit", "tabindex": "2"}, "relatedTarget": {"outerHeight": 30, "nodeName": "SELECT", "parent": {"outerHeight": 291, "nodeName": "DIV", "outerWidthWithMargin": 1268, "outerWidth": 1268, "innerWidth": 1268, "height": 291, "width": 1268, "innerHeight": 291, "offset": {"top": 10, "left": 10}, "position": {"top": 10, "left": 10}, "outerHeightWithMargin": 291, "id": "page3"}, "outerWidthWithMargin": 150, "outerWidth": 150, "innerWidth": 148, "height": 28, "width": 148, "innerHeight": 28, "offset": {"top": 194, "left": 10}, "id": "select1", "position": {"top": 194, "left": 10}, "outerHeightWithMargin": 40, "class": "input-medium", "tabindex": "1"}, "timeStamp": 1389129682554, "delegateTarget": {"nodeName": "#document", "clientHeight": 679, "height": 679, "clientWidth": 1278, "width": 1278, "offset": {"top": 0, "left": 0}, "offsetHeight": 321, "offsetWidth": 1278, "id": "document"}, "currentTarget": {"nodeName": "#document", "clientHeight": 679, "height": 679, "clientWidth": 1278, "width": 1278, "offset": {"top": 0, "left": 0}, "offsetHeight": 321, "offsetWidth": 1278, "id": "document"}, "which": 0, "eventPhase": 1}, "extra": {"body": {"outerWidth": 1278, "innerWidth": 1278, "outerHeight": 301, "height": 291, "width": 1268, "innerHeight": 301, "offset": {"top": 0, "left": 0}, "outerWidthWithMargin": 1278, "outerHeightWithMargin": 301}, "window": {"screenX": 0, "outerWidth": 1278, "innerWidth": 1278, "height": 679, "width": 1278, "innerHeight": 679, "offset": {"top": 0, "left": 0}, "screenY": 22, "outerHeight": 774}, "document": {"clientHeight": 679, "height": 679, "clientWidth": 1278, "width": 1278, "offset": {"top": 0, "left": 0}, "offsetHeight": 321, "offsetWidth": 1278}}}]}