{"keydown_event": [], "scroll_event": [], "mouse_click_event": [{"e": {"clientX": 56.52000045776367, "clientY": 544.3499755859375, "delegateTarget": {"nodeName": "#document", "clientHeight": 563, "height": 1304, "clientWidth": 1173, "width": 1173, "offset": {"top": 0, "left": 0}, "offsetHeight": 1304, "offsetWidth": 1173, "id": "document"}, "target": {"outerHeight": 28, "nodeName": "INPUT", "outerWidthWithMargin": 86, "outerWidth": 86, "innerWidth": 84, "height": 20, "width": 64, "innerHeight": 26, "offset": {"top": 1256.3999633789062, "left": 10}, "position": {"top": 1256.3999633789062, "left": 10}, "outerHeightWithMargin": 28, "id": "submit", "tabindex": "8"}, "shiftKey": false, "button": 0, "ctrlKey": false, "offsetX": 45.52000045776367, "offsetY": 16.94999885559082, "buttons": 0, "metaKey": false, "altKey": false, "currentTarget": {"nodeName": "#document", "clientHeight": 563, "height": 1304, "clientWidth": 1173, "width": 1173, "offset": {"top": 0, "left": 0}, "offsetHeight": 1304, "offsetWidth": 1173, "id": "document"}, "which": 1, "pageY": 1273.949951171875, "pageX": 56.52000045776367, "screenY": 706, "screenX": 65, "timeStamp": 1389179847898, "eventPhase": 3}, "extra": {"selectedText": ""}, "time": 25370.0, "y": 1273.949951171875, "x": 56.52000045776367, "type": "click"}], "mouse_move_event": [{"e": {"clientX": 58.2599983215332, "clientY": 533.0399780273438, "delegateTarget": {"nodeName": "#document", "clientHeight": 563, "height": 1304, "clientWidth": 1173, "width": 1173, "offset": {"top": 0, "left": 0}, "offsetHeight": 1304, "offsetWidth": 1173, "id": "document"}, "target": {"outerHeight": 28, "nodeName": "INPUT", "outerWidthWithMargin": 86, "outerWidth": 86, "innerWidth": 84, "height": 20, "width": 64, "innerHeight": 26, "offset": {"top": 1256.3999633789062, "left": 10}, "position": {"top": 1256.3999633789062, "left": 10}, "outerHeightWithMargin": 28, "id": "submit", "tabindex": "8"}, "shiftKey": false, "button": 0, "ctrlKey": false, "offsetX": 47.2599983215332, "offsetY": 5.639999866485596, "buttons": 0, "metaKey": false, "altKey": false, "currentTarget": {"nodeName": "#document", "clientHeight": 563, "height": 1304, "clientWidth": 1173, "width": 1173, "offset": {"top": 0, "left": 0}, "offsetHeight": 1304, "offsetWidth": 1173, "id": "document"}, "which": 1, "pageY": 1262.6400146484375, "pageX": 58.2599983215332, "screenY": 693, "screenX": 67, "timeStamp": 1389179822532, "eventPhase": 3}, "extra": {"selectedText": ""}, "time": 4.0, "y": 1262.6400146484375, "x": 58.2599983215332, "type": "mousemove"}, {"e": {"clientX": 58.2599983215332, "clientY": 533.0399780273438, "delegateTarget": {"nodeName": "#document", "clientHeight": 563, "height": 1304, "clientWidth": 1173, "width": 1173, "offset": {"top": 0, "left": 0}, "offsetHeight": 1304, "offsetWidth": 1173, "id": "document"}, "target": {"outerHeight": 28, "nodeName": "INPUT", "outerWidthWithMargin": 86, "outerWidth": 86, "innerWidth": 84, "height": 20, "width": 64, "innerHeight": 26, "offset": {"top": 1256.3999633789062, "left": 10}, "position": {"top": 1256.3999633789062, "left": 10}, "outerHeightWithMargin": 28, "id": "submit", "tabindex": "8"}, "shiftKey": false, "button": 0, "ctrlKey": false, "offsetX": 47.2599983215332, "offsetY": 5.639999866485596, "buttons": 0, "metaKey": false, "altKey": false, "currentTarget": {"nodeName": "#document", "clientHeight": 563, "height": 1304, "clientWidth": 1173, "width": 1173, "offset": {"top": 0, "left": 0}, "offsetHeight": 1304, "offsetWidth": 1173, "id": "document"}, "which": 1, "pageY": 1262.6400146484375, "pageX": 58.2599983215332, "screenY": 693, "screenX": 67, "timeStamp": 1389179822537, "eventPhase": 3}, "extra": {"selectedText": ""}, "time": 9.0, "y": 1262.6400146484375, "x": 58.2599983215332, "type": "mousemove"}, {"e": {"clientX": 57.38999938964844, "clientY": 533.0399780273438, "delegateTarget": {"nodeName": "#document", "clientHeight": 563, "height": 1304, "clientWidth": 1173, "width": 1173, "offset": {"top": 0, "left": 0}, "offsetHeight": 1304, "offsetWidth": 1173, "id": "document"}, "target": {"outerHeight": 28, "nodeName": "INPUT", "outerWidthWithMargin": 86, "outerWidth": 86, "innerWidth": 84, "height": 20, "width": 64, "innerHeight": 26, "offset": {"top": 1256.3999633789062, "left": 10}, "position": {"top": 1256.3999633789062, "left": 10}, "outerHeightWithMargin": 28, "id": "submit", "tabindex": "8"}, "shiftKey": false, "button": 0, "ctrlKey": false, "offsetX": 46.38999938964844, "offsetY": 5.639999866485596, "buttons": 0, "metaKey": false, "altKey": false, "currentTarget": {"nodeName": "#document", "clientHeight": 563, "height": 1304, "clientWidth": 1173, "width": 1173, "offset": {"top": 0, "left": 0}, "offsetHeight": 1304, "offsetWidth": 1173, "id": "document"}, "which": 1, "pageY": 1262.6400146484375, "pageX": 57.38999938964844, "screenY": 693, "screenX": 66, "timeStamp": 1389179846888, "eventPhase": 3}, "extra": {"selectedText": ""}, "time": 24360.0, "y": 1262.6400146484375, "x": 57.38999938964844, "type": "mousemove"}, {"e": {"clientX": 56.52000045776367, "clientY": 533.0399780273438, "delegateTarget": {"nodeName": "#document", "clientHeight": 563, "height": 1304, "clientWidth": 1173, "width": 1173, "offset": {"top": 0, "left": 0}, "offsetHeight": 1304, "offsetWidth": 1173, "id": "document"}, "target": {"outerHeight": 28, "nodeName": "INPUT", "outerWidthWithMargin": 86, "outerWidth": 86, "innerWidth": 84, "height": 20, "width": 64, "innerHeight": 26, "offset": {"top": 1256.3999633789062, "left": 10}, "position": {"top": 1256.3999633789062, "left": 10}, "outerHeightWithMargin": 28, "id": "submit", "tabindex": "8"}, "shiftKey": false, "button": 0, "ctrlKey": false, "offsetX": 45.52000045776367, "offsetY": 5.639999866485596, "buttons": 0, "metaKey": false, "altKey": false, "currentTarget": {"nodeName": "#document", "clientHeight": 563, "height": 1304, "clientWidth": 1173, "width": 1173, "offset": {"top": 0, "left": 0}, "offsetHeight": 1304, "offsetWidth": 1173, "id": "document"}, "which": 1, "pageY": 1262.6400146484375, "pageX": 56.52000045776367, "screenY": 693, "screenX": 65, "timeStamp": 1389179846923, "eventPhase": 3}, "extra": {"selectedText": ""}, "time": 24395.0, "y": 1262.6400146484375, "x": 56.52000045776367, "type": "mousemove"}, {"e": {"clientX": 56.52000045776367, "clientY": 533.9099731445312, "delegateTarget": {"nodeName": "#document", "clientHeight": 563, "height": 1304, "clientWidth": 1173, "width": 1173, "offset": {"top": 0, "left": 0}, "offsetHeight": 1304, "offsetWidth": 1173, "id": "document"}, "target": {"outerHeight": 28, "nodeName": "INPUT", "outerWidthWithMargin": 86, "outerWidth": 86, "innerWidth": 84, "height": 20, "width": 64, "innerHeight": 26, "offset": {"top": 1256.3999633789062, "left": 10}, "position": {"top": 1256.3999633789062, "left": 10}, "outerHeightWithMargin": 28, "id": "submit", "tabindex": "8"}, "shiftKey": false, "button": 0, "ctrlKey": false, "offsetX": 45.52000045776367, "offsetY": 6.509999752044678, "buttons": 0, "metaKey": false, "altKey": false, "currentTarget": {"nodeName": "#document", "clientHeight": 563, "height": 1304, "clientWidth": 1173, "width": 1173, "offset": {"top": 0, "left": 0}, "offsetHeight": 1304, "offsetWidth": 1173, "id": "document"}, "which": 1, "pageY": 1263.510009765625, "pageX": 56.52000045776367, "screenY": 694, "screenX": 65, "timeStamp": 1389179847030, "eventPhase": 3}, "extra": {"selectedText": ""}, "time": 24502.0, "y": 1263.510009765625, "x": 56.52000045776367, "type": "mousemove"}, {"e": {"clientX": 56.52000045776367, "clientY": 535.6499633789062, "delegateTarget": {"nodeName": "#document", "clientHeight": 563, "height": 1304, "clientWidth": 1173, "width": 1173, "offset": {"top": 0, "left": 0}, "offsetHeight": 1304, "offsetWidth": 1173, "id": "document"}, "target": {"outerHeight": 28, "nodeName": "INPUT", "outerWidthWithMargin": 86, "outerWidth": 86, "innerWidth": 84, "height": 20, "width": 64, "innerHeight": 26, "offset": {"top": 1256.3999633789062, "left": 10}, "position": {"top": 1256.3999633789062, "left": 10}, "outerHeightWithMargin": 28, "id": "submit", "tabindex": "8"}, "shiftKey": false, "button": 0, "ctrlKey": false, "offsetX": 45.52000045776367, "offsetY": 8.25, "buttons": 0, "metaKey": false, "altKey": false, "currentTarget": {"nodeName": "#document", "clientHeight": 563, "height": 1304, "clientWidth": 1173, "width": 1173, "offset": {"top": 0, "left": 0}, "offsetHeight": 1304, "offsetWidth": 1173, "id": "document"}, "which": 1, "pageY": 1265.25, "pageX": 56.52000045776367, "screenY": 696, "screenX": 65, "timeStamp": 1389179847042, "eventPhase": 3}, "extra": {"selectedText": ""}, "time": 24514.0, "y": 1265.25, "x": 56.52000045776367, "type": "mousemove"}, {"e": {"clientX": 56.52000045776367, "clientY": 537.3900146484375, "delegateTarget": {"nodeName": "#document", "clientHeight": 563, "height": 1304, "clientWidth": 1173, "width": 1173, "offset": {"top": 0, "left": 0}, "offsetHeight": 1304, "offsetWidth": 1173, "id": "document"}, "target": {"outerHeight": 28, "nodeName": "INPUT", "outerWidthWithMargin": 86, "outerWidth": 86, "innerWidth": 84, "height": 20, "width": 64, "innerHeight": 26, "offset": {"top": 1256.3999633789062, "left": 10}, "position": {"top": 1256.3999633789062, "left": 10}, "outerHeightWithMargin": 28, "id": "submit", "tabindex": "8"}, "shiftKey": false, "button": 0, "ctrlKey": false, "offsetX": 45.52000045776367, "offsetY": 9.989999771118164, "buttons": 0, "metaKey": false, "altKey": false, "currentTarget": {"nodeName": "#document", "clientHeight": 563, "height": 1304, "clientWidth": 1173, "width": 1173, "offset": {"top": 0, "left": 0}, "offsetHeight": 1304, "offsetWidth": 1173, "id": "document"}, "which": 1, "pageY": 1266.989990234375, "pageX": 56.52000045776367, "screenY": 698, "screenX": 65, "timeStamp": 1389179847054, "eventPhase": 3}, "extra": {"selectedText": ""}, "time": 24526.0, "y": 1266.989990234375, "x": 56.52000045776367, "type": "mousemove"}, {"e": {"clientX": 56.52000045776367, "clientY": 539.1300048828125, "delegateTarget": {"nodeName": "#document", "clientHeight": 563, "height": 1304, "clientWidth": 1173, "width": 1173, "offset": {"top": 0, "left": 0}, "offsetHeight": 1304, "offsetWidth": 1173, "id": "document"}, "target": {"outerHeight": 28, "nodeName": "INPUT", "outerWidthWithMargin": 86, "outerWidth": 86, "innerWidth": 84, "height": 20, "width": 64, "innerHeight": 26, "offset": {"top": 1256.3999633789062, "left": 10}, "position": {"top": 1256.3999633789062, "left": 10}, "outerHeightWithMargin": 28, "id": "submit", "tabindex": "8"}, "shiftKey": false, "button": 0, "ctrlKey": false, "offsetX": 45.52000045776367, "offsetY": 11.729999542236328, "buttons": 0, "metaKey": false, "altKey": false, "currentTarget": {"nodeName": "#document", "clientHeight": 563, "height": 1304, "clientWidth": 1173, "width": 1173, "offset": {"top": 0, "left": 0}, "offsetHeight": 1304, "offsetWidth": 1173, "id": "document"}, "which": 1, "pageY": 1268.72998046875, "pageX": 56.52000045776367, "screenY": 700, "screenX": 65, "timeStamp": 1389179847068, "eventPhase": 3}, "extra": {"selectedText": ""}, "time": 24540.0, "y": 1268.72998046875, "x": 56.52000045776367, "type": "mousemove"}, {"e": {"clientX": 56.52000045776367, "clientY": 540.8699951171875, "delegateTarget": {"nodeName": "#document", "clientHeight": 563, "height": 1304, "clientWidth": 1173, "width": 1173, "offset": {"top": 0, "left": 0}, "offsetHeight": 1304, "offsetWidth": 1173, "id": "document"}, "target": {"outerHeight": 28, "nodeName": "INPUT", "outerWidthWithMargin": 86, "outerWidth": 86, "innerWidth": 84, "height": 20, "width": 64, "innerHeight": 26, "offset": {"top": 1256.3999633789062, "left": 10}, "position": {"top": 1256.3999633789062, "left": 10}, "outerHeightWithMargin": 28, "id": "submit", "tabindex": "8"}, "shiftKey": false, "button": 0, "ctrlKey": false, "offsetX": 45.52000045776367, "offsetY": 13.469999313354492, "buttons": 0, "metaKey": false, "altKey": false, "currentTarget": {"nodeName": "#document", "clientHeight": 563, "height": 1304, "clientWidth": 1173, "width": 1173, "offset": {"top": 0, "left": 0}, "offsetHeight": 1304, "offsetWidth": 1173, "id": "document"}, "which": 1, "pageY": 1270.469970703125, "pageX": 56.52000045776367, "screenY": 702, "screenX": 65, "timeStamp": 1389179847079, "eventPhase": 3}, "extra": {"selectedText": ""}, "time": 24551.0, "y": 1270.469970703125, "x": 56.52000045776367, "type": "mousemove"}, {"e": {"clientX": 56.52000045776367, "clientY": 542.6099853515625, "delegateTarget": {"nodeName": "#document", "clientHeight": 563, "height": 1304, "clientWidth": 1173, "width": 1173, "offset": {"top": 0, "left": 0}, "offsetHeight": 1304, "offsetWidth": 1173, "id": "document"}, "target": {"outerHeight": 28, "nodeName": "INPUT", "outerWidthWithMargin": 86, "outerWidth": 86, "innerWidth": 84, "height": 20, "width": 64, "innerHeight": 26, "offset": {"top": 1256.3999633789062, "left": 10}, "position": {"top": 1256.3999633789062, "left": 10}, "outerHeightWithMargin": 28, "id": "submit", "tabindex": "8"}, "shiftKey": false, "button": 0, "ctrlKey": false, "offsetX": 45.52000045776367, "offsetY": 15.210000038146973, "buttons": 0, "metaKey": false, "altKey": false, "currentTarget": {"nodeName": "#document", "clientHeight": 563, "height": 1304, "clientWidth": 1173, "width": 1173, "offset": {"top": 0, "left": 0}, "offsetHeight": 1304, "offsetWidth": 1173, "id": "document"}, "which": 1, "pageY": 1272.2099609375, "pageX": 56.52000045776367, "screenY": 704, "screenX": 65, "timeStamp": 1389179847090, "eventPhase": 3}, "extra": {"selectedText": ""}, "time": 24562.0, "y": 1272.2099609375, "x": 56.52000045776367, "type": "mousemove"}, {"e": {"clientX": 56.52000045776367, "clientY": 544.3499755859375, "delegateTarget": {"nodeName": "#document", "clientHeight": 563, "height": 1304, "clientWidth": 1173, "width": 1173, "offset": {"top": 0, "left": 0}, "offsetHeight": 1304, "offsetWidth": 1173, "id": "document"}, "target": {"outerHeight": 28, "nodeName": "INPUT", "outerWidthWithMargin": 86, "outerWidth": 86, "innerWidth": 84, "height": 20, "width": 64, "innerHeight": 26, "offset": {"top": 1256.3999633789062, "left": 10}, "position": {"top": 1256.3999633789062, "left": 10}, "outerHeightWithMargin": 28, "id": "submit", "tabindex": "8"}, "shiftKey": false, "button": 0, "ctrlKey": false, "offsetX": 45.52000045776367, "offsetY": 16.94999885559082, "buttons": 0, "metaKey": false, "altKey": false, "currentTarget": {"nodeName": "#document", "clientHeight": 563, "height": 1304, "clientWidth": 1173, "width": 1173, "offset": {"top": 0, "left": 0}, "offsetHeight": 1304, "offsetWidth": 1173, "id": "document"}, "which": 1, "pageY": 1273.949951171875, "pageX": 56.52000045776367, "screenY": 706, "screenX": 65, "timeStamp": 1389179847103, "eventPhase": 3}, "extra": {"selectedText": ""}, "time": 24575.0, "y": 1273.949951171875, "x": 56.52000045776367, "type": "mousemove"}], "init_event": [{"type": "init", "time": 0.0, "e": {"clientX": 58.2599983215332, "clientY": 533.0399780273438, "delegateTarget": {"nodeName": "#document", "clientHeight": 563, "height": 1304, "clientWidth": 1173, "width": 1173, "offset": {"top": 0, "left": 0}, "offsetHeight": 1304, "offsetWidth": 1173, "id": "document"}, "target": {"outerHeight": 28, "nodeName": "INPUT", "outerWidthWithMargin": 86, "outerWidth": 86, "innerWidth": 84, "height": 20, "width": 64, "innerHeight": 26, "offset": {"top": 1256.3999633789062, "left": 10}, "position": {"top": 1256.3999633789062, "left": 10}, "outerHeightWithMargin": 28, "id": "submit", "tabindex": "8"}, "shiftKey": false, "button": 0, "ctrlKey": false, "offsetX": 47.2599983215332, "offsetY": 5.639999866485596, "buttons": 0, "metaKey": false, "altKey": false, "currentTarget": {"nodeName": "#document", "clientHeight": 563, "height": 1304, "clientWidth": 1173, "width": 1173, "offset": {"top": 0, "left": 0}, "offsetHeight": 1304, "offsetWidth": 1173, "id": "document"}, "which": 1, "pageY": 1262.6400146484375, "pageX": 58.2599983215332, "screenY": 693, "screenX": 67, "timeStamp": 1389179822528, "eventPhase": 3}, "extra": {"body": {"outerWidth": 1173, "innerWidth": 1173, "outerHeight": 1284, "height": 1274, "width": 1163, "innerHeight": 1284, "offset": {"top": 0.4000244140625, "left": 0}, "outerWidthWithMargin": 1173, "outerHeightWithMargin": 1284}, "scrollOffset": {"pageYOffset": 730, "pageXOffset": 0}, "screen": {"pixelDepth": 24, "width": 1188, "availHeight": 633, "height": 668, "availWidth": 1188, "colorDepth": 24}, "zoom": {"zoomLevel": 1.15, "devicePixelRatio": 1.3224999725818634}, "window": {"screenX": -7, "outerWidth": 1202, "innerWidth": 1188, "height": 563, "width": 1173, "innerHeight": 563, "offset": {"top": 0, "left": 0}, "screenY": -7, "outerHeight": 647}, "version": 2, "navigator": {"product": "Gecko", "language": "en-US", "appName": "Netscape", "appCodeName": "Mozilla", "cookieEnabled": true, "appVersion": "5.0 (Windows NT 6.1; WOW64; Trident/7.0; SLCC2; .NET CLR 2.0.50727; .NET CLR 3.5.30729; .NET CLR 3.0.30729; Media Center PC 6.0; .NET4.0C; InfoPath.3; BRI/2; rv:11.0) like Gecko", "platform": "Win32", "userAgent": "Mozilla/5.0 (Windows NT 6.1; WOW64; Trident/7.0; SLCC2; .NET CLR 2.0.50727; .NET CLR 3.5.30729; .NET CLR 3.0.30729; Media Center PC 6.0; .NET4.0C; InfoPath.3; BRI/2; rv:11.0) like Gecko"}, "document": {"clientHeight": 563, "height": 1304, "clientWidth": 1173, "width": 1173, "offset": {"top": 0, "left": 0}, "offsetHeight": 1304, "offsetWidth": 1173}}}], "misc_event": [{"type": "init", "time": 0.0, "e": {"clientX": 58.2599983215332, "clientY": 533.0399780273438, "delegateTarget": {"nodeName": "#document", "clientHeight": 563, "height": 1304, "clientWidth": 1173, "width": 1173, "offset": {"top": 0, "left": 0}, "offsetHeight": 1304, "offsetWidth": 1173, "id": "document"}, "target": {"outerHeight": 28, "nodeName": "INPUT", "outerWidthWithMargin": 86, "outerWidth": 86, "innerWidth": 84, "height": 20, "width": 64, "innerHeight": 26, "offset": {"top": 1256.3999633789062, "left": 10}, "position": {"top": 1256.3999633789062, "left": 10}, "outerHeightWithMargin": 28, "id": "submit", "tabindex": "8"}, "shiftKey": false, "button": 0, "ctrlKey": false, "offsetX": 47.2599983215332, "offsetY": 5.639999866485596, "buttons": 0, "metaKey": false, "altKey": false, "currentTarget": {"nodeName": "#document", "clientHeight": 563, "height": 1304, "clientWidth": 1173, "width": 1173, "offset": {"top": 0, "left": 0}, "offsetHeight": 1304, "offsetWidth": 1173, "id": "document"}, "which": 1, "pageY": 1262.6400146484375, "pageX": 58.2599983215332, "screenY": 693, "screenX": 67, "timeStamp": 1389179822528, "eventPhase": 3}, "extra": {"body": {"outerWidth": 1173, "innerWidth": 1173, "outerHeight": 1284, "height": 1274, "width": 1163, "innerHeight": 1284, "offset": {"top": 0.4000244140625, "left": 0}, "outerWidthWithMargin": 1173, "outerHeightWithMargin": 1284}, "scrollOffset": {"pageYOffset": 730, "pageXOffset": 0}, "screen": {"pixelDepth": 24, "width": 1188, "availHeight": 633, "height": 668, "availWidth": 1188, "colorDepth": 24}, "zoom": {"zoomLevel": 1.15, "devicePixelRatio": 1.3224999725818634}, "window": {"screenX": -7, "outerWidth": 1202, "innerWidth": 1188, "height": 563, "width": 1173, "innerHeight": 563, "offset": {"top": 0, "left": 0}, "screenY": -7, "outerHeight": 647}, "version": 2, "navigator": {"product": "Gecko", "language": "en-US", "appName": "Netscape", "appCodeName": "Mozilla", "cookieEnabled": true, "appVersion": "5.0 (Windows NT 6.1; WOW64; Trident/7.0; SLCC2; .NET CLR 2.0.50727; .NET CLR 3.5.30729; .NET CLR 3.0.30729; Media Center PC 6.0; .NET4.0C; InfoPath.3; BRI/2; rv:11.0) like Gecko", "platform": "Win32", "userAgent": "Mozilla/5.0 (Windows NT 6.1; WOW64; Trident/7.0; SLCC2; .NET CLR 2.0.50727; .NET CLR 3.5.30729; .NET CLR 3.0.30729; Media Center PC 6.0; .NET4.0C; InfoPath.3; BRI/2; rv:11.0) like Gecko"}, "document": {"clientHeight": 563, "height": 1304, "clientWidth": 1173, "width": 1173, "offset": {"top": 0, "left": 0}, "offsetHeight": 1304, "offsetWidth": 1173}}}, {"e": {"clientX": 58.2599983215332, "clientY": 533.0399780273438, "delegateTarget": {"nodeName": "#document", "clientHeight": 563, "height": 1304, "clientWidth": 1173, "width": 1173, "offset": {"top": 0, "left": 0}, "offsetHeight": 1304, "offsetWidth": 1173, "id": "document"}, "target": {"outerHeight": 28, "nodeName": "INPUT", "outerWidthWithMargin": 86, "outerWidth": 86, "innerWidth": 84, "height": 20, "width": 64, "innerHeight": 26, "offset": {"top": 1256.3999633789062, "left": 10}, "position": {"top": 1256.3999633789062, "left": 10}, "outerHeightWithMargin": 28, "id": "submit", "tabindex": "8"}, "shiftKey": false, "button": 0, "ctrlKey": false, "offsetX": 47.2599983215332, "offsetY": 5.639999866485596, "buttons": 0, "metaKey": false, "altKey": false, "currentTarget": {"nodeName": "#document", "clientHeight": 563, "height": 1304, "clientWidth": 1173, "width": 1173, "offset": {"top": 0, "left": 0}, "offsetHeight": 1304, "offsetWidth": 1173, "id": "document"}, "which": 1, "pageY": 1262.6400146484375, "pageX": 58.2599983215332, "screenY": 693, "screenX": 67, "timeStamp": 1389179822532, "eventPhase": 3}, "extra": {"selectedText": ""}, "time": 4.0, "y": 1262.6400146484375, "x": 58.2599983215332, "type": "mousemove"}, {"e": {"clientX": 58.2599983215332, "clientY": 533.0399780273438, "delegateTarget": {"nodeName": "#document", "clientHeight": 563, "height": 1304, "clientWidth": 1173, "width": 1173, "offset": {"top": 0, "left": 0}, "offsetHeight": 1304, "offsetWidth": 1173, "id": "document"}, "target": {"outerHeight": 28, "nodeName": "INPUT", "outerWidthWithMargin": 86, "outerWidth": 86, "innerWidth": 84, "height": 20, "width": 64, "innerHeight": 26, "offset": {"top": 1256.3999633789062, "left": 10}, "position": {"top": 1256.3999633789062, "left": 10}, "outerHeightWithMargin": 28, "id": "submit", "tabindex": "8"}, "shiftKey": false, "button": 0, "ctrlKey": false, "offsetX": 47.2599983215332, "offsetY": 5.639999866485596, "buttons": 0, "metaKey": false, "altKey": false, "currentTarget": {"nodeName": "#document", "clientHeight": 563, "height": 1304, "clientWidth": 1173, "width": 1173, "offset": {"top": 0, "left": 0}, "offsetHeight": 1304, "offsetWidth": 1173, "id": "document"}, "which": 1, "pageY": 1262.6400146484375, "pageX": 58.2599983215332, "screenY": 693, "screenX": 67, "timeStamp": 1389179822537, "eventPhase": 3}, "extra": {"selectedText": ""}, "time": 9.0, "y": 1262.6400146484375, "x": 58.2599983215332, "type": "mousemove"}, {"e": {"clientX": 57.38999938964844, "clientY": 533.0399780273438, "delegateTarget": {"nodeName": "#document", "clientHeight": 563, "height": 1304, "clientWidth": 1173, "width": 1173, "offset": {"top": 0, "left": 0}, "offsetHeight": 1304, "offsetWidth": 1173, "id": "document"}, "target": {"outerHeight": 28, "nodeName": "INPUT", "outerWidthWithMargin": 86, "outerWidth": 86, "innerWidth": 84, "height": 20, "width": 64, "innerHeight": 26, "offset": {"top": 1256.3999633789062, "left": 10}, "position": {"top": 1256.3999633789062, "left": 10}, "outerHeightWithMargin": 28, "id": "submit", "tabindex": "8"}, "shiftKey": false, "button": 0, "ctrlKey": false, "offsetX": 46.38999938964844, "offsetY": 5.639999866485596, "buttons": 0, "metaKey": false, "altKey": false, "currentTarget": {"nodeName": "#document", "clientHeight": 563, "height": 1304, "clientWidth": 1173, "width": 1173, "offset": {"top": 0, "left": 0}, "offsetHeight": 1304, "offsetWidth": 1173, "id": "document"}, "which": 1, "pageY": 1262.6400146484375, "pageX": 57.38999938964844, "screenY": 693, "screenX": 66, "timeStamp": 1389179846888, "eventPhase": 3}, "extra": {"selectedText": ""}, "time": 24360.0, "y": 1262.6400146484375, "x": 57.38999938964844, "type": "mousemove"}, {"e": {"clientX": 56.52000045776367, "clientY": 533.0399780273438, "delegateTarget": {"nodeName": "#document", "clientHeight": 563, "height": 1304, "clientWidth": 1173, "width": 1173, "offset": {"top": 0, "left": 0}, "offsetHeight": 1304, "offsetWidth": 1173, "id": "document"}, "target": {"outerHeight": 28, "nodeName": "INPUT", "outerWidthWithMargin": 86, "outerWidth": 86, "innerWidth": 84, "height": 20, "width": 64, "innerHeight": 26, "offset": {"top": 1256.3999633789062, "left": 10}, "position": {"top": 1256.3999633789062, "left": 10}, "outerHeightWithMargin": 28, "id": "submit", "tabindex": "8"}, "shiftKey": false, "button": 0, "ctrlKey": false, "offsetX": 45.52000045776367, "offsetY": 5.639999866485596, "buttons": 0, "metaKey": false, "altKey": false, "currentTarget": {"nodeName": "#document", "clientHeight": 563, "height": 1304, "clientWidth": 1173, "width": 1173, "offset": {"top": 0, "left": 0}, "offsetHeight": 1304, "offsetWidth": 1173, "id": "document"}, "which": 1, "pageY": 1262.6400146484375, "pageX": 56.52000045776367, "screenY": 693, "screenX": 65, "timeStamp": 1389179846923, "eventPhase": 3}, "extra": {"selectedText": ""}, "time": 24395.0, "y": 1262.6400146484375, "x": 56.52000045776367, "type": "mousemove"}, {"e": {"clientX": 56.52000045776367, "clientY": 533.9099731445312, "delegateTarget": {"nodeName": "#document", "clientHeight": 563, "height": 1304, "clientWidth": 1173, "width": 1173, "offset": {"top": 0, "left": 0}, "offsetHeight": 1304, "offsetWidth": 1173, "id": "document"}, "target": {"outerHeight": 28, "nodeName": "INPUT", "outerWidthWithMargin": 86, "outerWidth": 86, "innerWidth": 84, "height": 20, "width": 64, "innerHeight": 26, "offset": {"top": 1256.3999633789062, "left": 10}, "position": {"top": 1256.3999633789062, "left": 10}, "outerHeightWithMargin": 28, "id": "submit", "tabindex": "8"}, "shiftKey": false, "button": 0, "ctrlKey": false, "offsetX": 45.52000045776367, "offsetY": 6.509999752044678, "buttons": 0, "metaKey": false, "altKey": false, "currentTarget": {"nodeName": "#document", "clientHeight": 563, "height": 1304, "clientWidth": 1173, "width": 1173, "offset": {"top": 0, "left": 0}, "offsetHeight": 1304, "offsetWidth": 1173, "id": "document"}, "which": 1, "pageY": 1263.510009765625, "pageX": 56.52000045776367, "screenY": 694, "screenX": 65, "timeStamp": 1389179847030, "eventPhase": 3}, "extra": {"selectedText": ""}, "time": 24502.0, "y": 1263.510009765625, "x": 56.52000045776367, "type": "mousemove"}, {"e": {"clientX": 56.52000045776367, "clientY": 535.6499633789062, "delegateTarget": {"nodeName": "#document", "clientHeight": 563, "height": 1304, "clientWidth": 1173, "width": 1173, "offset": {"top": 0, "left": 0}, "offsetHeight": 1304, "offsetWidth": 1173, "id": "document"}, "target": {"outerHeight": 28, "nodeName": "INPUT", "outerWidthWithMargin": 86, "outerWidth": 86, "innerWidth": 84, "height": 20, "width": 64, "innerHeight": 26, "offset": {"top": 1256.3999633789062, "left": 10}, "position": {"top": 1256.3999633789062, "left": 10}, "outerHeightWithMargin": 28, "id": "submit", "tabindex": "8"}, "shiftKey": false, "button": 0, "ctrlKey": false, "offsetX": 45.52000045776367, "offsetY": 8.25, "buttons": 0, "metaKey": false, "altKey": false, "currentTarget": {"nodeName": "#document", "clientHeight": 563, "height": 1304, "clientWidth": 1173, "width": 1173, "offset": {"top": 0, "left": 0}, "offsetHeight": 1304, "offsetWidth": 1173, "id": "document"}, "which": 1, "pageY": 1265.25, "pageX": 56.52000045776367, "screenY": 696, "screenX": 65, "timeStamp": 1389179847042, "eventPhase": 3}, "extra": {"selectedText": ""}, "time": 24514.0, "y": 1265.25, "x": 56.52000045776367, "type": "mousemove"}, {"e": {"clientX": 56.52000045776367, "clientY": 537.3900146484375, "delegateTarget": {"nodeName": "#document", "clientHeight": 563, "height": 1304, "clientWidth": 1173, "width": 1173, "offset": {"top": 0, "left": 0}, "offsetHeight": 1304, "offsetWidth": 1173, "id": "document"}, "target": {"outerHeight": 28, "nodeName": "INPUT", "outerWidthWithMargin": 86, "outerWidth": 86, "innerWidth": 84, "height": 20, "width": 64, "innerHeight": 26, "offset": {"top": 1256.3999633789062, "left": 10}, "position": {"top": 1256.3999633789062, "left": 10}, "outerHeightWithMargin": 28, "id": "submit", "tabindex": "8"}, "shiftKey": false, "button": 0, "ctrlKey": false, "offsetX": 45.52000045776367, "offsetY": 9.989999771118164, "buttons": 0, "metaKey": false, "altKey": false, "currentTarget": {"nodeName": "#document", "clientHeight": 563, "height": 1304, "clientWidth": 1173, "width": 1173, "offset": {"top": 0, "left": 0}, "offsetHeight": 1304, "offsetWidth": 1173, "id": "document"}, "which": 1, "pageY": 1266.989990234375, "pageX": 56.52000045776367, "screenY": 698, "screenX": 65, "timeStamp": 1389179847054, "eventPhase": 3}, "extra": {"selectedText": ""}, "time": 24526.0, "y": 1266.989990234375, "x": 56.52000045776367, "type": "mousemove"}, {"e": {"clientX": 56.52000045776367, "clientY": 539.1300048828125, "delegateTarget": {"nodeName": "#document", "clientHeight": 563, "height": 1304, "clientWidth": 1173, "width": 1173, "offset": {"top": 0, "left": 0}, "offsetHeight": 1304, "offsetWidth": 1173, "id": "document"}, "target": {"outerHeight": 28, "nodeName": "INPUT", "outerWidthWithMargin": 86, "outerWidth": 86, "innerWidth": 84, "height": 20, "width": 64, "innerHeight": 26, "offset": {"top": 1256.3999633789062, "left": 10}, "position": {"top": 1256.3999633789062, "left": 10}, "outerHeightWithMargin": 28, "id": "submit", "tabindex": "8"}, "shiftKey": false, "button": 0, "ctrlKey": false, "offsetX": 45.52000045776367, "offsetY": 11.729999542236328, "buttons": 0, "metaKey": false, "altKey": false, "currentTarget": {"nodeName": "#document", "clientHeight": 563, "height": 1304, "clientWidth": 1173, "width": 1173, "offset": {"top": 0, "left": 0}, "offsetHeight": 1304, "offsetWidth": 1173, "id": "document"}, "which": 1, "pageY": 1268.72998046875, "pageX": 56.52000045776367, "screenY": 700, "screenX": 65, "timeStamp": 1389179847068, "eventPhase": 3}, "extra": {"selectedText": ""}, "time": 24540.0, "y": 1268.72998046875, "x": 56.52000045776367, "type": "mousemove"}, {"e": {"clientX": 56.52000045776367, "clientY": 540.8699951171875, "delegateTarget": {"nodeName": "#document", "clientHeight": 563, "height": 1304, "clientWidth": 1173, "width": 1173, "offset": {"top": 0, "left": 0}, "offsetHeight": 1304, "offsetWidth": 1173, "id": "document"}, "target": {"outerHeight": 28, "nodeName": "INPUT", "outerWidthWithMargin": 86, "outerWidth": 86, "innerWidth": 84, "height": 20, "width": 64, "innerHeight": 26, "offset": {"top": 1256.3999633789062, "left": 10}, "position": {"top": 1256.3999633789062, "left": 10}, "outerHeightWithMargin": 28, "id": "submit", "tabindex": "8"}, "shiftKey": false, "button": 0, "ctrlKey": false, "offsetX": 45.52000045776367, "offsetY": 13.469999313354492, "buttons": 0, "metaKey": false, "altKey": false, "currentTarget": {"nodeName": "#document", "clientHeight": 563, "height": 1304, "clientWidth": 1173, "width": 1173, "offset": {"top": 0, "left": 0}, "offsetHeight": 1304, "offsetWidth": 1173, "id": "document"}, "which": 1, "pageY": 1270.469970703125, "pageX": 56.52000045776367, "screenY": 702, "screenX": 65, "timeStamp": 1389179847079, "eventPhase": 3}, "extra": {"selectedText": ""}, "time": 24551.0, "y": 1270.469970703125, "x": 56.52000045776367, "type": "mousemove"}, {"e": {"clientX": 56.52000045776367, "clientY": 542.6099853515625, "delegateTarget": {"nodeName": "#document", "clientHeight": 563, "height": 1304, "clientWidth": 1173, "width": 1173, "offset": {"top": 0, "left": 0}, "offsetHeight": 1304, "offsetWidth": 1173, "id": "document"}, "target": {"outerHeight": 28, "nodeName": "INPUT", "outerWidthWithMargin": 86, "outerWidth": 86, "innerWidth": 84, "height": 20, "width": 64, "innerHeight": 26, "offset": {"top": 1256.3999633789062, "left": 10}, "position": {"top": 1256.3999633789062, "left": 10}, "outerHeightWithMargin": 28, "id": "submit", "tabindex": "8"}, "shiftKey": false, "button": 0, "ctrlKey": false, "offsetX": 45.52000045776367, "offsetY": 15.210000038146973, "buttons": 0, "metaKey": false, "altKey": false, "currentTarget": {"nodeName": "#document", "clientHeight": 563, "height": 1304, "clientWidth": 1173, "width": 1173, "offset": {"top": 0, "left": 0}, "offsetHeight": 1304, "offsetWidth": 1173, "id": "document"}, "which": 1, "pageY": 1272.2099609375, "pageX": 56.52000045776367, "screenY": 704, "screenX": 65, "timeStamp": 1389179847090, "eventPhase": 3}, "extra": {"selectedText": ""}, "time": 24562.0, "y": 1272.2099609375, "x": 56.52000045776367, "type": "mousemove"}, {"e": {"clientX": 56.52000045776367, "clientY": 544.3499755859375, "delegateTarget": {"nodeName": "#document", "clientHeight": 563, "height": 1304, "clientWidth": 1173, "width": 1173, "offset": {"top": 0, "left": 0}, "offsetHeight": 1304, "offsetWidth": 1173, "id": "document"}, "target": {"outerHeight": 28, "nodeName": "INPUT", "outerWidthWithMargin": 86, "outerWidth": 86, "innerWidth": 84, "height": 20, "width": 64, "innerHeight": 26, "offset": {"top": 1256.3999633789062, "left": 10}, "position": {"top": 1256.3999633789062, "left": 10}, "outerHeightWithMargin": 28, "id": "submit", "tabindex": "8"}, "shiftKey": false, "button": 0, "ctrlKey": false, "offsetX": 45.52000045776367, "offsetY": 16.94999885559082, "buttons": 0, "metaKey": false, "altKey": false, "currentTarget": {"nodeName": "#document", "clientHeight": 563, "height": 1304, "clientWidth": 1173, "width": 1173, "offset": {"top": 0, "left": 0}, "offsetHeight": 1304, "offsetWidth": 1173, "id": "document"}, "which": 1, "pageY": 1273.949951171875, "pageX": 56.52000045776367, "screenY": 706, "screenX": 65, "timeStamp": 1389179847103, "eventPhase": 3}, "extra": {"selectedText": ""}, "time": 24575.0, "y": 1273.949951171875, "x": 56.52000045776367, "type": "mousemove"}, {"type": "mousedown", "time": 25199.0, "e": {"clientX": 56.52000045776367, "clientY": 544.3499755859375, "delegateTarget": {"nodeName": "#document", "clientHeight": 563, "height": 1304, "clientWidth": 1173, "width": 1173, "offset": {"top": 0, "left": 0}, "offsetHeight": 1304, "offsetWidth": 1173, "id": "document"}, "target": {"outerHeight": 28, "nodeName": "INPUT", "outerWidthWithMargin": 86, "outerWidth": 86, "innerWidth": 84, "height": 20, "width": 64, "innerHeight": 26, "offset": {"top": 1256.3999633789062, "left": 10}, "position": {"top": 1256.3999633789062, "left": 10}, "outerHeightWithMargin": 28, "id": "submit", "tabindex": "8"}, "shiftKey": false, "button": 0, "ctrlKey": false, "offsetX": 45.52000045776367, "offsetY": 16.94999885559082, "buttons": 1, "metaKey": false, "altKey": false, "currentTarget": {"nodeName": "#document", "clientHeight": 563, "height": 1304, "clientWidth": 1173, "width": 1173, "offset": {"top": 0, "left": 0}, "offsetHeight": 1304, "offsetWidth": 1173, "id": "document"}, "which": 1, "pageY": 1273.949951171875, "pageX": 56.52000045776367, "screenY": 706, "screenX": 65, "timeStamp": 1389179847727, "eventPhase": 3}, "extra": {}}, {"type": "mouseup", "time": 25365.0, "e": {"clientX": 56.52000045776367, "clientY": 544.3499755859375, "delegateTarget": {"nodeName": "#document", "clientHeight": 563, "height": 1304, "clientWidth": 1173, "width": 1173, "offset": {"top": 0, "left": 0}, "offsetHeight": 1304, "offsetWidth": 1173, "id": "document"}, "target": {"outerHeight": 28, "nodeName": "INPUT", "outerWidthWithMargin": 86, "outerWidth": 86, "innerWidth": 84, "height": 20, "width": 64, "innerHeight": 26, "offset": {"top": 1256.3999633789062, "left": 10}, "position": {"top": 1256.3999633789062, "left": 10}, "outerHeightWithMargin": 28, "id": "submit", "tabindex": "8"}, "shiftKey": false, "button": 0, "ctrlKey": false, "offsetX": 45.52000045776367, "offsetY": 16.94999885559082, "buttons": 0, "metaKey": false, "altKey": false, "currentTarget": {"nodeName": "#document", "clientHeight": 563, "height": 1304, "clientWidth": 1173, "width": 1173, "offset": {"top": 0, "left": 0}, "offsetHeight": 1304, "offsetWidth": 1173, "id": "document"}, "which": 1, "pageY": 1273.949951171875, "pageX": 56.52000045776367, "screenY": 706, "screenX": 65, "timeStamp": 1389179847893, "eventPhase": 3}, "extra": {"selectedText": ""}}, {"e": {"clientX": 56.52000045776367, "clientY": 544.3499755859375, "delegateTarget": {"nodeName": "#document", "clientHeight": 563, "height": 1304, "clientWidth": 1173, "width": 1173, "offset": {"top": 0, "left": 0}, "offsetHeight": 1304, "offsetWidth": 1173, "id": "document"}, "target": {"outerHeight": 28, "nodeName": "INPUT", "outerWidthWithMargin": 86, "outerWidth": 86, "innerWidth": 84, "height": 20, "width": 64, "innerHeight": 26, "offset": {"top": 1256.3999633789062, "left": 10}, "position": {"top": 1256.3999633789062, "left": 10}, "outerHeightWithMargin": 28, "id": "submit", "tabindex": "8"}, "shiftKey": false, "button": 0, "ctrlKey": false, "offsetX": 45.52000045776367, "offsetY": 16.94999885559082, "buttons": 0, "metaKey": false, "altKey": false, "currentTarget": {"nodeName": "#document", "clientHeight": 563, "height": 1304, "clientWidth": 1173, "width": 1173, "offset": {"top": 0, "left": 0}, "offsetHeight": 1304, "offsetWidth": 1173, "id": "document"}, "which": 1, "pageY": 1273.949951171875, "pageX": 56.52000045776367, "screenY": 706, "screenX": 65, "timeStamp": 1389179847898, "eventPhase": 3}, "extra": {"selectedText": ""}, "time": 25370.0, "y": 1273.949951171875, "x": 56.52000045776367, "type": "click"}]}