{"keydown_event": [], "scroll_event": [], "mouse_click_event": [], "mouse_move_event": [], "init_event": [{"type": "init", "time": 0.0, "e": {"clientX": 244, "clientY": 18, "delegateTarget": {"nodeName": "#document", "clientHeight": 679, "height": 719, "clientWidth": 1263, "width": 1263, "offset": {"top": 0, "left": 0}, "offsetHeight": 719, "offsetWidth": 1263, "id": "document"}, "target": {"outerHeight": 20, "nodeName": "P", "outerWidthWithMargin": 1253, "outerWidth": 1253, "innerWidth": 1253, "height": 20, "width": 1253, "innerHeight": 20, "offset": {"top": 10, "left": 10}, "position": {"top": 10, "left": 10}, "outerHeightWithMargin": 30, "id": "page_count"}, "shiftKey": false, "button": 0, "ctrlKey": false, "offsetX": 234, "offsetY": 8, "altKey": false, "metaKey": false, "currentTarget": {"nodeName": "#document", "clientHeight": 679, "height": 719, "clientWidth": 1263, "width": 1263, "offset": {"top": 0, "left": 0}, "offsetHeight": 719, "offsetWidth": 1263, "id": "document"}, "which": 0, "pageY": 18, "pageX": 244, "screenY": 135, "screenX": 244, "timeStamp": 1389129622098, "eventPhase": 3}, "extra": {"body": {"outerWidth": 1263, "innerWidth": 1263, "outerHeight": 699, "height": 689, "width": 1253, "innerHeight": 699, "offset": {"top": 0, "left": 0}, "outerWidthWithMargin": 1263, "outerHeightWithMargin": 699}, "scrollOffset": {"pageYOffset": 0, "pageXOffset": 0}, "screen": {"pixelDepth": 24, "width": 1280, "availHeight": 774, "height": 800, "availWidth": 1280, "colorDepth": 24}, "zoom": {"zoomLevel": 0, "devicePixelRatio": 1}, "window": {"screenX": 0, "outerWidth": 1278, "innerWidth": 1278, "height": 679, "width": 1263, "innerHeight": 679, "offset": {"top": 0, "left": 0}, "screenY": 22, "outerHeight": 774}, "version": 2, "navigator": {"product": "Gecko", "language": "en-US", "appName": "Netscape", "appCodeName": "Mozilla", "cookieEnabled": true, "appVersion": "5.0 (Macintosh; Intel Mac OS X 10_9_1) AppleWebKit/537.36 (KHTML, like Gecko) Chrome/31.0.1650.63 Safari/537.36", "platform": "MacIntel", "userAgent": "Mozilla/5.0 (Macintosh; Intel Mac OS X 10_9_1) AppleWebKit/537.36 (KHTML, like Gecko) Chrome/31.0.1650.63 Safari/537.36"}, "document": {"clientHeight": 679, "height": 719, "clientWidth": 1263, "width": 1263, "offset": {"top": 0, "left": 0}, "offsetHeight": 719, "offsetWidth": 1263}}}], "misc_event": [{"type": "init", "time": 0.0, "e": {"clientX": 244, "clientY": 18, "delegateTarget": {"nodeName": "#document", "clientHeight": 679, "height": 719, "clientWidth": 1263, "width": 1263, "offset": {"top": 0, "left": 0}, "offsetHeight": 719, "offsetWidth": 1263, "id": "document"}, "target": {"outerHeight": 20, "nodeName": "P", "outerWidthWithMargin": 1253, "outerWidth": 1253, "innerWidth": 1253, "height": 20, "width": 1253, "innerHeight": 20, "offset": {"top": 10, "left": 10}, "position": {"top": 10, "left": 10}, "outerHeightWithMargin": 30, "id": "page_count"}, "shiftKey": false, "button": 0, "ctrlKey": false, "offsetX": 234, "offsetY": 8, "altKey": false, "metaKey": false, "currentTarget": {"nodeName": "#document", "clientHeight": 679, "height": 719, "clientWidth": 1263, "width": 1263, "offset": {"top": 0, "left": 0}, "offsetHeight": 719, "offsetWidth": 1263, "id": "document"}, "which": 0, "pageY": 18, "pageX": 244, "screenY": 135, "screenX": 244, "timeStamp": 1389129622098, "eventPhase": 3}, "extra": {"body": {"outerWidth": 1263, "innerWidth": 1263, "outerHeight": 699, "height": 689, "width": 1253, "innerHeight": 699, "offset": {"top": 0, "left": 0}, "outerWidthWithMargin": 1263, "outerHeightWithMargin": 699}, "scrollOffset": {"pageYOffset": 0, "pageXOffset": 0}, "screen": {"pixelDepth": 24, "width": 1280, "availHeight": 774, "height": 800, "availWidth": 1280, "colorDepth": 24}, "zoom": {"zoomLevel": 0, "devicePixelRatio": 1}, "window": {"screenX": 0, "outerWidth": 1278, "innerWidth": 1278, "height": 679, "width": 1263, "innerHeight": 679, "offset": {"top": 0, "left": 0}, "screenY": 22, "outerHeight": 774}, "version": 2, "navigator": {"product": "Gecko", "language": "en-US", "appName": "Netscape", "appCodeName": "Mozilla", "cookieEnabled": true, "appVersion": "5.0 (Macintosh; Intel Mac OS X 10_9_1) AppleWebKit/537.36 (KHTML, like Gecko) Chrome/31.0.1650.63 Safari/537.36", "platform": "MacIntel", "userAgent": "Mozilla/5.0 (Macintosh; Intel Mac OS X 10_9_1) AppleWebKit/537.36 (KHTML, like Gecko) Chrome/31.0.1650.63 Safari/537.36"}, "document": {"clientHeight": 679, "height": 719, "clientWidth": 1263, "width": 1263, "offset": {"top": 0, "left": 0}, "offsetHeight": 719, "offsetWidth": 1263}}}, {"type": "mouseenter", "time": 1.0, "e": {"clientX": 244, "clientY": 18, "delegateTarget": {"nodeName": "#document", "clientHeight": 679, "height": 719, "clientWidth": 1263, "width": 1263, "offset": {"top": 0, "left": 0}, "offsetHeight": 719, "offsetWidth": 1263, "id": "document"}, "target": {"outerHeight": 20, "nodeName": "P", "outerWidthWithMargin": 1253, "outerWidth": 1253, "innerWidth": 1253, "height": 20, "width": 1253, "innerHeight": 20, "offset": {"top": 10, "left": 10}, "position": {"top": 10, "left": 10}, "outerHeightWithMargin": 30, "id": "page_count"}, "shiftKey": false, "button": 0, "ctrlKey": false, "offsetX": 234, "offsetY": 8, "altKey": false, "metaKey": false, "currentTarget": {"nodeName": "#document", "clientHeight": 679, "height": 719, "clientWidth": 1263, "width": 1263, "offset": {"top": 0, "left": 0}, "offsetHeight": 719, "offsetWidth": 1263, "id": "document"}, "which": 0, "pageY": 18, "pageX": 244, "screenY": 135, "screenX": 244, "timeStamp": 1389129622099, "eventPhase": 3}, "extra": {}}, {"type": "mousewheel", "time": 697.0, "e": {"metaKey": false, "ctrlKey": false, "deltaX": 0, "deltaY": -1, "deltaFactor": 1, "currentTarget": {"nodeName": "#document", "clientHeight": 679, "height": 719, "clientWidth": 1263, "width": 1263, "offset": {"top": 0, "left": 0}, "offsetHeight": 719, "offsetWidth": 1263, "id": "document"}, "which": 1, "screenY": 346, "screenX": 299, "clientX": 299, "clientY": 229, "altKey": false, "timeStamp": 1389129622795, "target": {"outerHeight": 260, "nodeName": "P", "outerWidthWithMargin": 1253, "outerWidth": 1253, "innerWidth": 1253, "height": 260, "width": 1253, "innerHeight": 260, "offset": {"top": 102, "left": 10}, "position": {"top": 102, "left": 10}, "outerHeightWithMargin": 270, "id": "p1"}, "shiftKey": false, "button": 0, "offsetX": 289, "offsetY": 127, "delegateTarget": {"nodeName": "#document", "clientHeight": 679, "height": 719, "clientWidth": 1263, "width": 1263, "offset": {"top": 0, "left": 0}, "offsetHeight": 719, "offsetWidth": 1263, "id": "document"}, "pageX": 299, "pageY": 229, "eventPhase": 3}, "extra": {"scrollOffset": {"pageYOffset": 0, "pageXOffset": 0}}}, {"type": "mousewheel", "time": 704.0, "e": {"metaKey": false, "ctrlKey": false, "deltaX": 0, "deltaY": -3, "deltaFactor": 1, "currentTarget": {"nodeName": "#document", "clientHeight": 679, "height": 719, "clientWidth": 1263, "width": 1263, "offset": {"top": 0, "left": 0}, "offsetHeight": 719, "offsetWidth": 1263, "id": "document"}, "which": 1, "screenY": 346, "screenX": 299, "clientX": 299, "clientY": 229, "altKey": false, "timeStamp": 1389129622802, "target": {"outerHeight": 260, "nodeName": "P", "outerWidthWithMargin": 1253, "outerWidth": 1253, "innerWidth": 1253, "height": 260, "width": 1253, "innerHeight": 260, "offset": {"top": 102, "left": 10}, "position": {"top": 102, "left": 10}, "outerHeightWithMargin": 270, "id": "p1"}, "shiftKey": false, "button": 0, "offsetX": 289, "offsetY": 127, "delegateTarget": {"nodeName": "#document", "clientHeight": 679, "height": 719, "clientWidth": 1263, "width": 1263, "offset": {"top": 0, "left": 0}, "offsetHeight": 719, "offsetWidth": 1263, "id": "document"}, "pageX": 299, "pageY": 229, "eventPhase": 3}, "extra": {"scrollOffset": {"pageYOffset": 0, "pageXOffset": 0}}}, {"type": "mousewheel", "time": 711.0, "e": {"metaKey": false, "ctrlKey": false, "deltaX": -1, "deltaY": -4, "deltaFactor": 1, "currentTarget": {"nodeName": "#document", "clientHeight": 679, "height": 719, "clientWidth": 1263, "width": 1263, "offset": {"top": 0, "left": 0}, "offsetHeight": 719, "offsetWidth": 1263, "id": "document"}, "which": 1, "screenY": 346, "screenX": 299, "clientX": 299, "clientY": 229, "altKey": false, "timeStamp": 1389129622809, "target": {"outerHeight": 260, "nodeName": "P", "outerWidthWithMargin": 1253, "outerWidth": 1253, "innerWidth": 1253, "height": 260, "width": 1253, "innerHeight": 260, "offset": {"top": 102, "left": 10}, "position": {"top": 102, "left": 10}, "outerHeightWithMargin": 270, "id": "p1"}, "shiftKey": false, "button": 0, "offsetX": 289, "offsetY": 130, "delegateTarget": {"nodeName": "#document", "clientHeight": 679, "height": 719, "clientWidth": 1263, "width": 1263, "offset": {"top": 0, "left": 0}, "offsetHeight": 719, "offsetWidth": 1263, "id": "document"}, "pageX": 299, "pageY": 232, "eventPhase": 3}, "extra": {"scrollOffset": {"pageYOffset": 3, "pageXOffset": 0}}}, {"type": "mousewheel", "time": 725.0, "e": {"metaKey": false, "ctrlKey": false, "deltaX": -1, "deltaY": -7, "deltaFactor": 1, "currentTarget": {"nodeName": "#document", "clientHeight": 679, "height": 719, "clientWidth": 1263, "width": 1263, "offset": {"top": 0, "left": 0}, "offsetHeight": 719, "offsetWidth": 1263, "id": "document"}, "which": 1, "screenY": 346, "screenX": 299, "clientX": 299, "clientY": 229, "altKey": false, "timeStamp": 1389129622823, "target": {"outerHeight": 260, "nodeName": "P", "outerWidthWithMargin": 1253, "outerWidth": 1253, "innerWidth": 1253, "height": 260, "width": 1253, "innerHeight": 260, "offset": {"top": 102, "left": 10}, "position": {"top": 102, "left": 10}, "outerHeightWithMargin": 270, "id": "p1"}, "shiftKey": false, "button": 0, "offsetX": 289, "offsetY": 134, "delegateTarget": {"nodeName": "#document", "clientHeight": 679, "height": 719, "clientWidth": 1263, "width": 1263, "offset": {"top": 0, "left": 0}, "offsetHeight": 719, "offsetWidth": 1263, "id": "document"}, "pageX": 299, "pageY": 236, "eventPhase": 3}, "extra": {"scrollOffset": {"pageYOffset": 7, "pageXOffset": 0}}}, {"type": "mousewheel", "time": 742.0, "e": {"metaKey": false, "ctrlKey": false, "deltaX": -3, "deltaY": -18, "deltaFactor": 1, "currentTarget": {"nodeName": "#document", "clientHeight": 679, "height": 719, "clientWidth": 1263, "width": 1263, "offset": {"top": 0, "left": 0}, "offsetHeight": 719, "offsetWidth": 1263, "id": "document"}, "which": 1, "screenY": 346, "screenX": 299, "clientX": 299, "clientY": 229, "altKey": false, "timeStamp": 1389129622840, "target": {"outerHeight": 260, "nodeName": "P", "outerWidthWithMargin": 1253, "outerWidth": 1253, "innerWidth": 1253, "height": 260, "width": 1253, "innerHeight": 260, "offset": {"top": 102, "left": 10}, "position": {"top": 102, "left": 10}, "outerHeightWithMargin": 270, "id": "p1"}, "shiftKey": false, "button": 0, "offsetX": 289, "offsetY": 141, "delegateTarget": {"nodeName": "#document", "clientHeight": 679, "height": 719, "clientWidth": 1263, "width": 1263, "offset": {"top": 0, "left": 0}, "offsetHeight": 719, "offsetWidth": 1263, "id": "document"}, "pageX": 299, "pageY": 243, "eventPhase": 3}, "extra": {"scrollOffset": {"pageYOffset": 14, "pageXOffset": 0}}}, {"type": "mousewheel", "time": 757.0, "e": {"metaKey": false, "ctrlKey": false, "deltaX": -4, "deltaY": -29, "deltaFactor": 1, "currentTarget": {"nodeName": "#document", "clientHeight": 679, "height": 719, "clientWidth": 1263, "width": 1263, "offset": {"top": 0, "left": 0}, "offsetHeight": 719, "offsetWidth": 1263, "id": "document"}, "which": 1, "screenY": 346, "screenX": 299, "clientX": 299, "clientY": 229, "altKey": false, "timeStamp": 1389129622855, "target": {"outerHeight": 260, "nodeName": "P", "outerWidthWithMargin": 1253, "outerWidth": 1253, "innerWidth": 1253, "height": 260, "width": 1253, "innerHeight": 260, "offset": {"top": 102, "left": 10}, "position": {"top": 102, "left": 10}, "outerHeightWithMargin": 270, "id": "p1"}, "shiftKey": false, "button": 0, "offsetX": 289, "offsetY": 159, "delegateTarget": {"nodeName": "#document", "clientHeight": 679, "height": 719, "clientWidth": 1263, "width": 1263, "offset": {"top": 0, "left": 0}, "offsetHeight": 719, "offsetWidth": 1263, "id": "document"}, "pageX": 299, "pageY": 261, "eventPhase": 3}, "extra": {"scrollOffset": {"pageYOffset": 32, "pageXOffset": 0}}}, {"type": "mousewheel", "time": 776.0, "e": {"metaKey": false, "ctrlKey": false, "deltaX": -5, "deltaY": -33, "deltaFactor": 1, "currentTarget": {"nodeName": "#document", "clientHeight": 679, "height": 719, "clientWidth": 1263, "width": 1263, "offset": {"top": 0, "left": 0}, "offsetHeight": 719, "offsetWidth": 1263, "id": "document"}, "which": 1, "screenY": 346, "screenX": 299, "clientX": 299, "clientY": 229, "altKey": false, "timeStamp": 1389129622874, "target": {"outerHeight": 260, "nodeName": "P", "outerWidthWithMargin": 1253, "outerWidth": 1253, "innerWidth": 1253, "height": 260, "width": 1253, "innerHeight": 260, "offset": {"top": 102, "left": 10}, "position": {"top": 102, "left": 10}, "outerHeightWithMargin": 270, "id": "p1"}, "shiftKey": false, "button": 0, "offsetX": 289, "offsetY": 167, "delegateTarget": {"nodeName": "#document", "clientHeight": 679, "height": 719, "clientWidth": 1263, "width": 1263, "offset": {"top": 0, "left": 0}, "offsetHeight": 719, "offsetWidth": 1263, "id": "document"}, "pageX": 299, "pageY": 269, "eventPhase": 3}, "extra": {"scrollOffset": {"pageYOffset": 40, "pageXOffset": 0}}}, {"type": "mousewheel", "time": 793.0, "e": {"metaKey": false, "ctrlKey": false, "deltaX": -9, "deltaY": -54, "deltaFactor": 1, "currentTarget": {"nodeName": "#document", "clientHeight": 679, "height": 719, "clientWidth": 1263, "width": 1263, "offset": {"top": 0, "left": 0}, "offsetHeight": 719, "offsetWidth": 1263, "id": "document"}, "which": 1, "screenY": 346, "screenX": 299, "clientX": 299, "clientY": 229, "altKey": false, "timeStamp": 1389129622891, "target": {"outerHeight": 260, "nodeName": "P", "outerWidthWithMargin": 1253, "outerWidth": 1253, "innerWidth": 1253, "height": 260, "width": 1253, "innerHeight": 260, "offset": {"top": 102, "left": 10}, "position": {"top": 102, "left": 10}, "outerHeightWithMargin": 270, "id": "p1"}, "shiftKey": false, "button": 0, "offsetX": 289, "offsetY": 169, "delegateTarget": {"nodeName": "#document", "clientHeight": 679, "height": 719, "clientWidth": 1263, "width": 1263, "offset": {"top": 0, "left": 0}, "offsetHeight": 719, "offsetWidth": 1263, "id": "document"}, "pageX": 299, "pageY": 271, "eventPhase": 3}, "extra": {"scrollOffset": {"pageYOffset": 42, "pageXOffset": 0}}}, {"type": "mousewheel", "time": 819.0, "e": {"metaKey": false, "ctrlKey": false, "deltaX": -7, "deltaY": -40, "deltaFactor": 1, "currentTarget": {"nodeName": "#document", "clientHeight": 679, "height": 719, "clientWidth": 1263, "width": 1263, "offset": {"top": 0, "left": 0}, "offsetHeight": 719, "offsetWidth": 1263, "id": "document"}, "which": 1, "screenY": 346, "screenX": 299, "clientX": 299, "clientY": 229, "altKey": false, "timeStamp": 1389129622917, "target": {"outerHeight": 260, "nodeName": "P", "outerWidthWithMargin": 1253, "outerWidth": 1253, "innerWidth": 1253, "height": 260, "width": 1253, "innerHeight": 260, "offset": {"top": 102, "left": 10}, "position": {"top": 102, "left": 10}, "outerHeightWithMargin": 270, "id": "p1"}, "shiftKey": false, "button": 0, "offsetX": 289, "offsetY": 172, "delegateTarget": {"nodeName": "#document", "clientHeight": 679, "height": 719, "clientWidth": 1263, "width": 1263, "offset": {"top": 0, "left": 0}, "offsetHeight": 719, "offsetWidth": 1263, "id": "document"}, "pageX": 299, "pageY": 274, "eventPhase": 3}, "extra": {"scrollOffset": {"pageYOffset": 45, "pageXOffset": 0}}}, {"type": "mousewheel", "time": 824.0, "e": {"metaKey": false, "ctrlKey": false, "deltaX": -2, "deltaY": -12, "deltaFactor": 1, "currentTarget": {"nodeName": "#document", "clientHeight": 679, "height": 719, "clientWidth": 1263, "width": 1263, "offset": {"top": 0, "left": 0}, "offsetHeight": 719, "offsetWidth": 1263, "id": "document"}, "which": 1, "screenY": 346, "screenX": 299, "clientX": 299, "clientY": 229, "altKey": false, "timeStamp": 1389129622922, "target": {"outerHeight": 260, "nodeName": "P", "outerWidthWithMargin": 1253, "outerWidth": 1253, "innerWidth": 1253, "height": 260, "width": 1253, "innerHeight": 260, "offset": {"top": 102, "left": 10}, "position": {"top": 102, "left": 10}, "outerHeightWithMargin": 270, "id": "p1"}, "shiftKey": false, "button": 0, "offsetX": 289, "offsetY": 174, "delegateTarget": {"nodeName": "#document", "clientHeight": 679, "height": 719, "clientWidth": 1263, "width": 1263, "offset": {"top": 0, "left": 0}, "offsetHeight": 719, "offsetWidth": 1263, "id": "document"}, "pageX": 299, "pageY": 276, "eventPhase": 3}, "extra": {"scrollOffset": {"pageYOffset": 47, "pageXOffset": 0}}}, {"type": "mousewheel", "time": 831.0, "e": {"metaKey": false, "ctrlKey": false, "deltaX": -1, "deltaY": -8, "deltaFactor": 1, "currentTarget": {"nodeName": "#document", "clientHeight": 679, "height": 719, "clientWidth": 1263, "width": 1263, "offset": {"top": 0, "left": 0}, "offsetHeight": 719, "offsetWidth": 1263, "id": "document"}, "which": 1, "screenY": 346, "screenX": 299, "clientX": 299, "clientY": 229, "altKey": false, "timeStamp": 1389129622929, "target": {"outerHeight": 260, "nodeName": "P", "outerWidthWithMargin": 1253, "outerWidth": 1253, "innerWidth": 1253, "height": 260, "width": 1253, "innerHeight": 260, "offset": {"top": 102, "left": 10}, "position": {"top": 102, "left": 10}, "outerHeightWithMargin": 270, "id": "p1"}, "shiftKey": false, "button": 0, "offsetX": 289, "offsetY": 174, "delegateTarget": {"nodeName": "#document", "clientHeight": 679, "height": 719, "clientWidth": 1263, "width": 1263, "offset": {"top": 0, "left": 0}, "offsetHeight": 719, "offsetWidth": 1263, "id": "document"}, "pageX": 299, "pageY": 276, "eventPhase": 3}, "extra": {"scrollOffset": {"pageYOffset": 47, "pageXOffset": 0}}}, {"type": "mousewheel", "time": 840.0, "e": {"metaKey": false, "ctrlKey": false, "deltaX": -2, "deltaY": -10, "deltaFactor": 1, "currentTarget": {"nodeName": "#document", "clientHeight": 679, "height": 719, "clientWidth": 1263, "width": 1263, "offset": {"top": 0, "left": 0}, "offsetHeight": 719, "offsetWidth": 1263, "id": "document"}, "which": 1, "screenY": 346, "screenX": 299, "clientX": 299, "clientY": 229, "altKey": false, "timeStamp": 1389129622938, "target": {"outerHeight": 260, "nodeName": "P", "outerWidthWithMargin": 1253, "outerWidth": 1253, "innerWidth": 1253, "height": 260, "width": 1253, "innerHeight": 260, "offset": {"top": 102, "left": 10}, "position": {"top": 102, "left": 10}, "outerHeightWithMargin": 270, "id": "p1"}, "shiftKey": false, "button": 0, "offsetX": 289, "offsetY": 175, "delegateTarget": {"nodeName": "#document", "clientHeight": 679, "height": 719, "clientWidth": 1263, "width": 1263, "offset": {"top": 0, "left": 0}, "offsetHeight": 719, "offsetWidth": 1263, "id": "document"}, "pageX": 299, "pageY": 277, "eventPhase": 3}, "extra": {"scrollOffset": {"pageYOffset": 48, "pageXOffset": 0}}}, {"type": "mousewheel", "time": 847.0, "e": {"metaKey": false, "ctrlKey": false, "deltaX": -1, "deltaY": -3, "deltaFactor": 1, "currentTarget": {"nodeName": "#document", "clientHeight": 679, "height": 719, "clientWidth": 1263, "width": 1263, "offset": {"top": 0, "left": 0}, "offsetHeight": 719, "offsetWidth": 1263, "id": "document"}, "which": 1, "screenY": 346, "screenX": 299, "clientX": 299, "clientY": 229, "altKey": false, "timeStamp": 1389129622945, "target": {"outerHeight": 260, "nodeName": "P", "outerWidthWithMargin": 1253, "outerWidth": 1253, "innerWidth": 1253, "height": 260, "width": 1253, "innerHeight": 260, "offset": {"top": 102, "left": 10}, "position": {"top": 102, "left": 10}, "outerHeightWithMargin": 270, "id": "p1"}, "shiftKey": false, "button": 0, "offsetX": 289, "offsetY": 175, "delegateTarget": {"nodeName": "#document", "clientHeight": 679, "height": 719, "clientWidth": 1263, "width": 1263, "offset": {"top": 0, "left": 0}, "offsetHeight": 719, "offsetWidth": 1263, "id": "document"}, "pageX": 299, "pageY": 277, "eventPhase": 3}, "extra": {"scrollOffset": {"pageYOffset": 48, "pageXOffset": 0}}}, {"type": "mousewheel", "time": 855.0, "e": {"metaKey": false, "ctrlKey": false, "deltaX": -1, "deltaY": -5, "deltaFactor": 1, "currentTarget": {"nodeName": "#document", "clientHeight": 679, "height": 719, "clientWidth": 1263, "width": 1263, "offset": {"top": 0, "left": 0}, "offsetHeight": 719, "offsetWidth": 1263, "id": "document"}, "which": 1, "screenY": 346, "screenX": 299, "clientX": 299, "clientY": 229, "altKey": false, "timeStamp": 1389129622953, "target": {"outerHeight": 260, "nodeName": "P", "outerWidthWithMargin": 1253, "outerWidth": 1253, "innerWidth": 1253, "height": 260, "width": 1253, "innerHeight": 260, "offset": {"top": 102, "left": 10}, "position": {"top": 102, "left": 10}, "outerHeightWithMargin": 270, "id": "p1"}, "shiftKey": false, "button": 0, "offsetX": 289, "offsetY": 175, "delegateTarget": {"nodeName": "#document", "clientHeight": 679, "height": 719, "clientWidth": 1263, "width": 1263, "offset": {"top": 0, "left": 0}, "offsetHeight": 719, "offsetWidth": 1263, "id": "document"}, "pageX": 299, "pageY": 277, "eventPhase": 3}, "extra": {"scrollOffset": {"pageYOffset": 48, "pageXOffset": 0}}}, {"type": "mousewheel", "time": 863.0, "e": {"metaKey": false, "ctrlKey": false, "deltaX": -1, "deltaY": -4, "deltaFactor": 1, "currentTarget": {"nodeName": "#document", "clientHeight": 679, "height": 719, "clientWidth": 1263, "width": 1263, "offset": {"top": 0, "left": 0}, "offsetHeight": 719, "offsetWidth": 1263, "id": "document"}, "which": 1, "screenY": 346, "screenX": 299, "clientX": 299, "clientY": 229, "altKey": false, "timeStamp": 1389129622961, "target": {"outerHeight": 260, "nodeName": "P", "outerWidthWithMargin": 1253, "outerWidth": 1253, "innerWidth": 1253, "height": 260, "width": 1253, "innerHeight": 260, "offset": {"top": 102, "left": 10}, "position": {"top": 102, "left": 10}, "outerHeightWithMargin": 270, "id": "p1"}, "shiftKey": false, "button": 0, "offsetX": 289, "offsetY": 176, "delegateTarget": {"nodeName": "#document", "clientHeight": 679, "height": 719, "clientWidth": 1263, "width": 1263, "offset": {"top": 0, "left": 0}, "offsetHeight": 719, "offsetWidth": 1263, "id": "document"}, "pageX": 299, "pageY": 278, "eventPhase": 3}, "extra": {"scrollOffset": {"pageYOffset": 49, "pageXOffset": 0}}}, {"type": "mousewheel", "time": 871.0, "e": {"metaKey": false, "ctrlKey": false, "deltaX": -1, "deltaY": -3, "deltaFactor": 1, "currentTarget": {"nodeName": "#document", "clientHeight": 679, "height": 719, "clientWidth": 1263, "width": 1263, "offset": {"top": 0, "left": 0}, "offsetHeight": 719, "offsetWidth": 1263, "id": "document"}, "which": 1, "screenY": 346, "screenX": 299, "clientX": 299, "clientY": 229, "altKey": false, "timeStamp": 1389129622969, "target": {"outerHeight": 260, "nodeName": "P", "outerWidthWithMargin": 1253, "outerWidth": 1253, "innerWidth": 1253, "height": 260, "width": 1253, "innerHeight": 260, "offset": {"top": 102, "left": 10}, "position": {"top": 102, "left": 10}, "outerHeightWithMargin": 270, "id": "p1"}, "shiftKey": false, "button": 0, "offsetX": 289, "offsetY": 176, "delegateTarget": {"nodeName": "#document", "clientHeight": 679, "height": 719, "clientWidth": 1263, "width": 1263, "offset": {"top": 0, "left": 0}, "offsetHeight": 719, "offsetWidth": 1263, "id": "document"}, "pageX": 299, "pageY": 278, "eventPhase": 3}, "extra": {"scrollOffset": {"pageYOffset": 49, "pageXOffset": 0}}}, {"type": "mousewheel", "time": 879.0, "e": {"metaKey": false, "ctrlKey": false, "deltaX": -1, "deltaY": -1, "deltaFactor": 1, "currentTarget": {"nodeName": "#document", "clientHeight": 679, "height": 719, "clientWidth": 1263, "width": 1263, "offset": {"top": 0, "left": 0}, "offsetHeight": 719, "offsetWidth": 1263, "id": "document"}, "which": 1, "screenY": 346, "screenX": 299, "clientX": 299, "clientY": 229, "altKey": false, "timeStamp": 1389129622977, "target": {"outerHeight": 260, "nodeName": "P", "outerWidthWithMargin": 1253, "outerWidth": 1253, "innerWidth": 1253, "height": 260, "width": 1253, "innerHeight": 260, "offset": {"top": 102, "left": 10}, "position": {"top": 102, "left": 10}, "outerHeightWithMargin": 270, "id": "p1"}, "shiftKey": false, "button": 0, "offsetX": 289, "offsetY": 176, "delegateTarget": {"nodeName": "#document", "clientHeight": 679, "height": 719, "clientWidth": 1263, "width": 1263, "offset": {"top": 0, "left": 0}, "offsetHeight": 719, "offsetWidth": 1263, "id": "document"}, "pageX": 299, "pageY": 278, "eventPhase": 3}, "extra": {"scrollOffset": {"pageYOffset": 49, "pageXOffset": 0}}}, {"type": "mousewheel", "time": 887.0, "e": {"metaKey": false, "ctrlKey": false, "deltaX": -1, "deltaY": -1, "deltaFactor": 1, "currentTarget": {"nodeName": "#document", "clientHeight": 679, "height": 719, "clientWidth": 1263, "width": 1263, "offset": {"top": 0, "left": 0}, "offsetHeight": 719, "offsetWidth": 1263, "id": "document"}, "which": 1, "screenY": 346, "screenX": 299, "clientX": 299, "clientY": 229, "altKey": false, "timeStamp": 1389129622985, "target": {"outerHeight": 260, "nodeName": "P", "outerWidthWithMargin": 1253, "outerWidth": 1253, "innerWidth": 1253, "height": 260, "width": 1253, "innerHeight": 260, "offset": {"top": 102, "left": 10}, "position": {"top": 102, "left": 10}, "outerHeightWithMargin": 270, "id": "p1"}, "shiftKey": false, "button": 0, "offsetX": 289, "offsetY": 176, "delegateTarget": {"nodeName": "#document", "clientHeight": 679, "height": 719, "clientWidth": 1263, "width": 1263, "offset": {"top": 0, "left": 0}, "offsetHeight": 719, "offsetWidth": 1263, "id": "document"}, "pageX": 299, "pageY": 278, "eventPhase": 3}, "extra": {"scrollOffset": {"pageYOffset": 49, "pageXOffset": 0}}}, {"type": "mousewheel", "time": 895.0, "e": {"metaKey": false, "ctrlKey": false, "deltaX": -1, "deltaY": -1, "deltaFactor": 1, "currentTarget": {"nodeName": "#document", "clientHeight": 679, "height": 719, "clientWidth": 1263, "width": 1263, "offset": {"top": 0, "left": 0}, "offsetHeight": 719, "offsetWidth": 1263, "id": "document"}, "which": 1, "screenY": 346, "screenX": 299, "clientX": 299, "clientY": 229, "altKey": false, "timeStamp": 1389129622993, "target": {"outerHeight": 260, "nodeName": "P", "outerWidthWithMargin": 1253, "outerWidth": 1253, "innerWidth": 1253, "height": 260, "width": 1253, "innerHeight": 260, "offset": {"top": 102, "left": 10}, "position": {"top": 102, "left": 10}, "outerHeightWithMargin": 270, "id": "p1"}, "shiftKey": false, "button": 0, "offsetX": 289, "offsetY": 176, "delegateTarget": {"nodeName": "#document", "clientHeight": 679, "height": 719, "clientWidth": 1263, "width": 1263, "offset": {"top": 0, "left": 0}, "offsetHeight": 719, "offsetWidth": 1263, "id": "document"}, "pageX": 299, "pageY": 278, "eventPhase": 3}, "extra": {"scrollOffset": {"pageYOffset": 49, "pageXOffset": 0}}}, {"type": "mousewheel", "time": 903.0, "e": {"metaKey": false, "ctrlKey": false, "deltaX": 0, "deltaY": -1, "deltaFactor": 1, "currentTarget": {"nodeName": "#document", "clientHeight": 679, "height": 719, "clientWidth": 1263, "width": 1263, "offset": {"top": 0, "left": 0}, "offsetHeight": 719, "offsetWidth": 1263, "id": "document"}, "which": 1, "screenY": 346, "screenX": 299, "clientX": 299, "clientY": 229, "altKey": false, "timeStamp": 1389129623001, "target": {"outerHeight": 260, "nodeName": "P", "outerWidthWithMargin": 1253, "outerWidth": 1253, "innerWidth": 1253, "height": 260, "width": 1253, "innerHeight": 260, "offset": {"top": 102, "left": 10}, "position": {"top": 102, "left": 10}, "outerHeightWithMargin": 270, "id": "p1"}, "shiftKey": false, "button": 0, "offsetX": 289, "offsetY": 176, "delegateTarget": {"nodeName": "#document", "clientHeight": 679, "height": 719, "clientWidth": 1263, "width": 1263, "offset": {"top": 0, "left": 0}, "offsetHeight": 719, "offsetWidth": 1263, "id": "document"}, "pageX": 299, "pageY": 278, "eventPhase": 3}, "extra": {"scrollOffset": {"pageYOffset": 49, "pageXOffset": 0}}}, {"type": "mousewheel", "time": 912.0, "e": {"metaKey": false, "ctrlKey": false, "deltaX": 0, "deltaY": -1, "deltaFactor": 1, "currentTarget": {"nodeName": "#document", "clientHeight": 679, "height": 719, "clientWidth": 1263, "width": 1263, "offset": {"top": 0, "left": 0}, "offsetHeight": 719, "offsetWidth": 1263, "id": "document"}, "which": 1, "screenY": 346, "screenX": 299, "clientX": 299, "clientY": 229, "altKey": false, "timeStamp": 1389129623010, "target": {"outerHeight": 260, "nodeName": "P", "outerWidthWithMargin": 1253, "outerWidth": 1253, "innerWidth": 1253, "height": 260, "width": 1253, "innerHeight": 260, "offset": {"top": 102, "left": 10}, "position": {"top": 102, "left": 10}, "outerHeightWithMargin": 270, "id": "p1"}, "shiftKey": false, "button": 0, "offsetX": 289, "offsetY": 176, "delegateTarget": {"nodeName": "#document", "clientHeight": 679, "height": 719, "clientWidth": 1263, "width": 1263, "offset": {"top": 0, "left": 0}, "offsetHeight": 719, "offsetWidth": 1263, "id": "document"}, "pageX": 299, "pageY": 278, "eventPhase": 3}, "extra": {"scrollOffset": {"pageYOffset": 49, "pageXOffset": 0}}}, {"type": "mousewheel", "time": 920.0, "e": {"metaKey": false, "ctrlKey": false, "deltaX": 0, "deltaY": -6, "deltaFactor": 1, "currentTarget": {"nodeName": "#document", "clientHeight": 679, "height": 719, "clientWidth": 1263, "width": 1263, "offset": {"top": 0, "left": 0}, "offsetHeight": 719, "offsetWidth": 1263, "id": "document"}, "which": 1, "screenY": 346, "screenX": 299, "clientX": 299, "clientY": 229, "altKey": false, "timeStamp": 1389129623018, "target": {"outerHeight": 260, "nodeName": "P", "outerWidthWithMargin": 1253, "outerWidth": 1253, "innerWidth": 1253, "height": 260, "width": 1253, "innerHeight": 260, "offset": {"top": 102, "left": 10}, "position": {"top": 102, "left": 10}, "outerHeightWithMargin": 270, "id": "p1"}, "shiftKey": false, "button": 0, "offsetX": 289, "offsetY": 176, "delegateTarget": {"nodeName": "#document", "clientHeight": 679, "height": 719, "clientWidth": 1263, "width": 1263, "offset": {"top": 0, "left": 0}, "offsetHeight": 719, "offsetWidth": 1263, "id": "document"}, "pageX": 299, "pageY": 278, "eventPhase": 3}, "extra": {"scrollOffset": {"pageYOffset": 49, "pageXOffset": 0}}}, {"type": "mousewheel", "time": 937.0, "e": {"metaKey": false, "ctrlKey": false, "deltaX": 0, "deltaY": -5, "deltaFactor": 1, "currentTarget": {"nodeName": "#document", "clientHeight": 679, "height": 719, "clientWidth": 1263, "width": 1263, "offset": {"top": 0, "left": 0}, "offsetHeight": 719, "offsetWidth": 1263, "id": "document"}, "which": 1, "screenY": 346, "screenX": 299, "clientX": 299, "clientY": 229, "altKey": false, "timeStamp": 1389129623035, "target": {"outerHeight": 260, "nodeName": "P", "outerWidthWithMargin": 1253, "outerWidth": 1253, "innerWidth": 1253, "height": 260, "width": 1253, "innerHeight": 260, "offset": {"top": 102, "left": 10}, "position": {"top": 102, "left": 10}, "outerHeightWithMargin": 270, "id": "p1"}, "shiftKey": false, "button": 0, "offsetX": 289, "offsetY": 177, "delegateTarget": {"nodeName": "#document", "clientHeight": 679, "height": 719, "clientWidth": 1263, "width": 1263, "offset": {"top": 0, "left": 0}, "offsetHeight": 719, "offsetWidth": 1263, "id": "document"}, "pageX": 299, "pageY": 279, "eventPhase": 3}, "extra": {"scrollOffset": {"pageYOffset": 50, "pageXOffset": 0}}}, {"type": "mousewheel", "time": 953.0, "e": {"metaKey": false, "ctrlKey": false, "deltaX": 0, "deltaY": -5, "deltaFactor": 1, "currentTarget": {"nodeName": "#document", "clientHeight": 679, "height": 719, "clientWidth": 1263, "width": 1263, "offset": {"top": 0, "left": 0}, "offsetHeight": 719, "offsetWidth": 1263, "id": "document"}, "which": 1, "screenY": 346, "screenX": 299, "clientX": 299, "clientY": 229, "altKey": false, "timeStamp": 1389129623051, "target": {"outerHeight": 260, "nodeName": "P", "outerWidthWithMargin": 1253, "outerWidth": 1253, "innerWidth": 1253, "height": 260, "width": 1253, "innerHeight": 260, "offset": {"top": 102, "left": 10}, "position": {"top": 102, "left": 10}, "outerHeightWithMargin": 270, "id": "p1"}, "shiftKey": false, "button": 0, "offsetX": 289, "offsetY": 178, "delegateTarget": {"nodeName": "#document", "clientHeight": 679, "height": 719, "clientWidth": 1263, "width": 1263, "offset": {"top": 0, "left": 0}, "offsetHeight": 719, "offsetWidth": 1263, "id": "document"}, "pageX": 299, "pageY": 280, "eventPhase": 3}, "extra": {"scrollOffset": {"pageYOffset": 51, "pageXOffset": 0}}}, {"type": "mousewheel", "time": 970.0, "e": {"metaKey": false, "ctrlKey": false, "deltaX": 0, "deltaY": -5, "deltaFactor": 1, "currentTarget": {"nodeName": "#document", "clientHeight": 679, "height": 719, "clientWidth": 1263, "width": 1263, "offset": {"top": 0, "left": 0}, "offsetHeight": 719, "offsetWidth": 1263, "id": "document"}, "which": 1, "screenY": 346, "screenX": 299, "clientX": 299, "clientY": 229, "altKey": false, "timeStamp": 1389129623068, "target": {"outerHeight": 260, "nodeName": "P", "outerWidthWithMargin": 1253, "outerWidth": 1253, "innerWidth": 1253, "height": 260, "width": 1253, "innerHeight": 260, "offset": {"top": 102, "left": 10}, "position": {"top": 102, "left": 10}, "outerHeightWithMargin": 270, "id": "p1"}, "shiftKey": false, "button": 0, "offsetX": 289, "offsetY": 179, "delegateTarget": {"nodeName": "#document", "clientHeight": 679, "height": 719, "clientWidth": 1263, "width": 1263, "offset": {"top": 0, "left": 0}, "offsetHeight": 719, "offsetWidth": 1263, "id": "document"}, "pageX": 299, "pageY": 281, "eventPhase": 3}, "extra": {"scrollOffset": {"pageYOffset": 52, "pageXOffset": 0}}}, {"type": "mousewheel", "time": 987.0, "e": {"metaKey": false, "ctrlKey": false, "deltaX": 0, "deltaY": -5, "deltaFactor": 1, "currentTarget": {"nodeName": "#document", "clientHeight": 679, "height": 719, "clientWidth": 1263, "width": 1263, "offset": {"top": 0, "left": 0}, "offsetHeight": 719, "offsetWidth": 1263, "id": "document"}, "which": 1, "screenY": 346, "screenX": 299, "clientX": 299, "clientY": 229, "altKey": false, "timeStamp": 1389129623085, "target": {"outerHeight": 260, "nodeName": "P", "outerWidthWithMargin": 1253, "outerWidth": 1253, "innerWidth": 1253, "height": 260, "width": 1253, "innerHeight": 260, "offset": {"top": 102, "left": 10}, "position": {"top": 102, "left": 10}, "outerHeightWithMargin": 270, "id": "p1"}, "shiftKey": false, "button": 0, "offsetX": 289, "offsetY": 178, "delegateTarget": {"nodeName": "#document", "clientHeight": 679, "height": 719, "clientWidth": 1263, "width": 1263, "offset": {"top": 0, "left": 0}, "offsetHeight": 719, "offsetWidth": 1263, "id": "document"}, "pageX": 299, "pageY": 280, "eventPhase": 3}, "extra": {"scrollOffset": {"pageYOffset": 51, "pageXOffset": 0}}}, {"type": "mousewheel", "time": 1004.0, "e": {"metaKey": false, "ctrlKey": false, "deltaX": 0, "deltaY": -5, "deltaFactor": 1, "currentTarget": {"nodeName": "#document", "clientHeight": 679, "height": 719, "clientWidth": 1263, "width": 1263, "offset": {"top": 0, "left": 0}, "offsetHeight": 719, "offsetWidth": 1263, "id": "document"}, "which": 1, "screenY": 346, "screenX": 299, "clientX": 299, "clientY": 229, "altKey": false, "timeStamp": 1389129623102, "target": {"outerHeight": 260, "nodeName": "P", "outerWidthWithMargin": 1253, "outerWidth": 1253, "innerWidth": 1253, "height": 260, "width": 1253, "innerHeight": 260, "offset": {"top": 102, "left": 10}, "position": {"top": 102, "left": 10}, "outerHeightWithMargin": 270, "id": "p1"}, "shiftKey": false, "button": 0, "offsetX": 289, "offsetY": 178, "delegateTarget": {"nodeName": "#document", "clientHeight": 679, "height": 719, "clientWidth": 1263, "width": 1263, "offset": {"top": 0, "left": 0}, "offsetHeight": 719, "offsetWidth": 1263, "id": "document"}, "pageX": 299, "pageY": 280, "eventPhase": 3}, "extra": {"scrollOffset": {"pageYOffset": 51, "pageXOffset": 0}}}, {"type": "mousewheel", "time": 1021.0, "e": {"metaKey": false, "ctrlKey": false, "deltaX": 0, "deltaY": -5, "deltaFactor": 1, "currentTarget": {"nodeName": "#document", "clientHeight": 679, "height": 719, "clientWidth": 1263, "width": 1263, "offset": {"top": 0, "left": 0}, "offsetHeight": 719, "offsetWidth": 1263, "id": "document"}, "which": 1, "screenY": 346, "screenX": 299, "clientX": 299, "clientY": 229, "altKey": false, "timeStamp": 1389129623119, "target": {"outerHeight": 260, "nodeName": "P", "outerWidthWithMargin": 1253, "outerWidth": 1253, "innerWidth": 1253, "height": 260, "width": 1253, "innerHeight": 260, "offset": {"top": 102, "left": 10}, "position": {"top": 102, "left": 10}, "outerHeightWithMargin": 270, "id": "p1"}, "shiftKey": false, "button": 0, "offsetX": 289, "offsetY": 177, "delegateTarget": {"nodeName": "#document", "clientHeight": 679, "height": 719, "clientWidth": 1263, "width": 1263, "offset": {"top": 0, "left": 0}, "offsetHeight": 719, "offsetWidth": 1263, "id": "document"}, "pageX": 299, "pageY": 279, "eventPhase": 3}, "extra": {"scrollOffset": {"pageYOffset": 50, "pageXOffset": 0}}}, {"type": "mousewheel", "time": 1037.0, "e": {"metaKey": false, "ctrlKey": false, "deltaX": 0, "deltaY": -5, "deltaFactor": 1, "currentTarget": {"nodeName": "#document", "clientHeight": 679, "height": 719, "clientWidth": 1263, "width": 1263, "offset": {"top": 0, "left": 0}, "offsetHeight": 719, "offsetWidth": 1263, "id": "document"}, "which": 1, "screenY": 346, "screenX": 299, "clientX": 299, "clientY": 229, "altKey": false, "timeStamp": 1389129623135, "target": {"outerHeight": 260, "nodeName": "P", "outerWidthWithMargin": 1253, "outerWidth": 1253, "innerWidth": 1253, "height": 260, "width": 1253, "innerHeight": 260, "offset": {"top": 102, "left": 10}, "position": {"top": 102, "left": 10}, "outerHeightWithMargin": 270, "id": "p1"}, "shiftKey": false, "button": 0, "offsetX": 289, "offsetY": 176, "delegateTarget": {"nodeName": "#document", "clientHeight": 679, "height": 719, "clientWidth": 1263, "width": 1263, "offset": {"top": 0, "left": 0}, "offsetHeight": 719, "offsetWidth": 1263, "id": "document"}, "pageX": 299, "pageY": 278, "eventPhase": 3}, "extra": {"scrollOffset": {"pageYOffset": 49, "pageXOffset": 0}}}, {"type": "mousewheel", "time": 1053.0, "e": {"metaKey": false, "ctrlKey": false, "deltaX": 0, "deltaY": -4, "deltaFactor": 1, "currentTarget": {"nodeName": "#document", "clientHeight": 679, "height": 719, "clientWidth": 1263, "width": 1263, "offset": {"top": 0, "left": 0}, "offsetHeight": 719, "offsetWidth": 1263, "id": "document"}, "which": 1, "screenY": 346, "screenX": 299, "clientX": 299, "clientY": 229, "altKey": false, "timeStamp": 1389129623151, "target": {"outerHeight": 260, "nodeName": "P", "outerWidthWithMargin": 1253, "outerWidth": 1253, "innerWidth": 1253, "height": 260, "width": 1253, "innerHeight": 260, "offset": {"top": 102, "left": 10}, "position": {"top": 102, "left": 10}, "outerHeightWithMargin": 270, "id": "p1"}, "shiftKey": false, "button": 0, "offsetX": 289, "offsetY": 175, "delegateTarget": {"nodeName": "#document", "clientHeight": 679, "height": 719, "clientWidth": 1263, "width": 1263, "offset": {"top": 0, "left": 0}, "offsetHeight": 719, "offsetWidth": 1263, "id": "document"}, "pageX": 299, "pageY": 277, "eventPhase": 3}, "extra": {"scrollOffset": {"pageYOffset": 48, "pageXOffset": 0}}}, {"type": "mousedown", "time": 1841.0, "e": {"clientX": 65, "clientY": 545, "delegateTarget": {"nodeName": "#document", "clientHeight": 679, "height": 719, "clientWidth": 1263, "width": 1263, "offset": {"top": 0, "left": 0}, "offsetHeight": 719, "offsetWidth": 1263, "id": "document"}, "target": {"outerHeight": 30, "nodeName": "SELECT", "parent": {"outerHeight": 689, "nodeName": "DIV", "outerWidthWithMargin": 1253, "outerWidth": 1253, "innerWidth": 1253, "height": 689, "width": 1253, "innerHeight": 689, "offset": {"top": 10, "left": 10}, "position": {"top": 10, "left": 10}, "outerHeightWithMargin": 689, "id": "page1"}, "outerWidthWithMargin": 90, "outerWidth": 90, "innerWidth": 88, "height": 28, "width": 88, "innerHeight": 28, "offset": {"top": 572, "left": 10}, "id": "input", "position": {"top": 572, "left": 10}, "outerHeightWithMargin": 40, "class": "input-small", "tabindex": "1"}, "shiftKey": false, "button": 0, "ctrlKey": false, "offsetX": 55, "offsetY": 13, "altKey": false, "metaKey": false, "currentTarget": {"nodeName": "#document", "clientHeight": 679, "height": 719, "clientWidth": 1263, "width": 1263, "offset": {"top": 0, "left": 0}, "offsetHeight": 719, "offsetWidth": 1263, "id": "document"}, "which": 1, "pageY": 585, "pageX": 65, "screenY": 662, "screenX": 65, "timeStamp": 1389129623939, "eventPhase": 3}, "extra": {}}, {"type": "focusin", "time": 1846.0, "e": {"target": {"outerHeight": 30, "nodeName": "SELECT", "parent": {"outerHeight": 689, "nodeName": "DIV", "outerWidthWithMargin": 1253, "outerWidth": 1253, "innerWidth": 1253, "height": 689, "width": 1253, "innerHeight": 689, "offset": {"top": 10, "left": 10}, "position": {"top": 10, "left": 10}, "outerHeightWithMargin": 689, "id": "page1"}, "outerWidthWithMargin": 90, "outerWidth": 90, "innerWidth": 88, "height": 28, "width": 88, "innerHeight": 28, "offset": {"top": 572, "left": 10}, "id": "input", "position": {"top": 572, "left": 10}, "outerHeightWithMargin": 40, "class": "input-small", "tabindex": "1"}, "timeStamp": 1389129623944, "delegateTarget": {"nodeName": "#document", "clientHeight": 679, "height": 719, "clientWidth": 1263, "width": 1263, "offset": {"top": 0, "left": 0}, "offsetHeight": 719, "offsetWidth": 1263, "id": "document"}, "currentTarget": {"nodeName": "#document", "clientHeight": 679, "height": 719, "clientWidth": 1263, "width": 1263, "offset": {"top": 0, "left": 0}, "offsetHeight": 719, "offsetWidth": 1263, "id": "document"}, "which": 0, "eventPhase": 1}, "extra": {"body": {"outerWidth": 1263, "innerWidth": 1263, "outerHeight": 699, "height": 689, "width": 1253, "innerHeight": 699, "offset": {"top": 0, "left": 0}, "outerWidthWithMargin": 1263, "outerHeightWithMargin": 699}, "window": {"screenX": 0, "outerWidth": 1278, "innerWidth": 1278, "height": 679, "width": 1263, "innerHeight": 679, "offset": {"top": 0, "left": 0}, "screenY": 22, "outerHeight": 774}, "document": {"clientHeight": 679, "height": 719, "clientWidth": 1263, "width": 1263, "offset": {"top": 0, "left": 0}, "offsetHeight": 719, "offsetWidth": 1263}}}, {"type": "mousedown", "time": 3184.0, "e": {"clientX": 46, "clientY": 620, "delegateTarget": {"nodeName": "#document", "clientHeight": 679, "height": 719, "clientWidth": 1263, "width": 1263, "offset": {"top": 0, "left": 0}, "offsetHeight": 719, "offsetWidth": 1263, "id": "document"}, "target": {"outerHeight": 25, "nodeName": "INPUT", "outerWidthWithMargin": 81, "outerWidth": 81, "innerWidth": 77, "height": 20, "width": 65, "innerHeight": 25, "offset": {"top": 654, "left": 10}, "position": {"top": 654, "left": 10}, "outerHeightWithMargin": 25, "id": "submit", "tabindex": "2"}, "shiftKey": false, "button": 0, "ctrlKey": false, "offsetX": 36, "offsetY": 6, "altKey": false, "metaKey": false, "currentTarget": {"nodeName": "#document", "clientHeight": 679, "height": 719, "clientWidth": 1263, "width": 1263, "offset": {"top": 0, "left": 0}, "offsetHeight": 719, "offsetWidth": 1263, "id": "document"}, "which": 1, "pageY": 660, "pageX": 46, "screenY": 737, "screenX": 46, "timeStamp": 1389129625282, "eventPhase": 3}, "extra": {}}, {"type": "focusout", "time": 3187.0, "e": {"target": {"outerHeight": 30, "nodeName": "SELECT", "parent": {"outerHeight": 689, "nodeName": "DIV", "outerWidthWithMargin": 1253, "outerWidth": 1253, "innerWidth": 1253, "height": 689, "width": 1253, "innerHeight": 689, "offset": {"top": 10, "left": 10}, "position": {"top": 10, "left": 10}, "outerHeightWithMargin": 689, "id": "page1"}, "outerWidthWithMargin": 90, "outerWidth": 90, "innerWidth": 88, "height": 28, "width": 88, "innerHeight": 28, "offset": {"top": 572, "left": 10}, "id": "input", "position": {"top": 572, "left": 10}, "outerHeightWithMargin": 40, "class": "input-small", "tabindex": "1"}, "relatedTarget": {"outerHeight": 25, "nodeName": "INPUT", "outerWidthWithMargin": 81, "outerWidth": 81, "innerWidth": 77, "height": 20, "width": 65, "innerHeight": 25, "offset": {"top": 654, "left": 10}, "position": {"top": 654, "left": 10}, "outerHeightWithMargin": 25, "id": "submit", "tabindex": "2"}, "timeStamp": 1389129625285, "delegateTarget": {"nodeName": "#document", "clientHeight": 679, "height": 719, "clientWidth": 1263, "width": 1263, "offset": {"top": 0, "left": 0}, "offsetHeight": 719, "offsetWidth": 1263, "id": "document"}, "currentTarget": {"nodeName": "#document", "clientHeight": 679, "height": 719, "clientWidth": 1263, "width": 1263, "offset": {"top": 0, "left": 0}, "offsetHeight": 719, "offsetWidth": 1263, "id": "document"}, "which": 0, "eventPhase": 1}, "extra": {}}, {"type": "focusin", "time": 3189.0, "e": {"target": {"outerHeight": 25, "nodeName": "INPUT", "outerWidthWithMargin": 81, "outerWidth": 81, "innerWidth": 77, "height": 20, "width": 65, "innerHeight": 25, "offset": {"top": 654, "left": 10}, "position": {"top": 654, "left": 10}, "outerHeightWithMargin": 25, "id": "submit", "tabindex": "2"}, "relatedTarget": {"outerHeight": 30, "nodeName": "SELECT", "parent": {"outerHeight": 689, "nodeName": "DIV", "outerWidthWithMargin": 1253, "outerWidth": 1253, "innerWidth": 1253, "height": 689, "width": 1253, "innerHeight": 689, "offset": {"top": 10, "left": 10}, "position": {"top": 10, "left": 10}, "outerHeightWithMargin": 689, "id": "page1"}, "outerWidthWithMargin": 90, "outerWidth": 90, "innerWidth": 88, "height": 28, "width": 88, "innerHeight": 28, "offset": {"top": 572, "left": 10}, "id": "input", "position": {"top": 572, "left": 10}, "outerHeightWithMargin": 40, "class": "input-small", "tabindex": "1"}, "timeStamp": 1389129625287, "delegateTarget": {"nodeName": "#document", "clientHeight": 679, "height": 719, "clientWidth": 1263, "width": 1263, "offset": {"top": 0, "left": 0}, "offsetHeight": 719, "offsetWidth": 1263, "id": "document"}, "currentTarget": {"nodeName": "#document", "clientHeight": 679, "height": 719, "clientWidth": 1263, "width": 1263, "offset": {"top": 0, "left": 0}, "offsetHeight": 719, "offsetWidth": 1263, "id": "document"}, "which": 0, "eventPhase": 1}, "extra": {"body": {"outerWidth": 1263, "innerWidth": 1263, "outerHeight": 699, "height": 689, "width": 1253, "innerHeight": 699, "offset": {"top": 0, "left": 0}, "outerWidthWithMargin": 1263, "outerHeightWithMargin": 699}, "window": {"screenX": 0, "outerWidth": 1278, "innerWidth": 1278, "height": 679, "width": 1263, "innerHeight": 679, "offset": {"top": 0, "left": 0}, "screenY": 22, "outerHeight": 774}, "document": {"clientHeight": 679, "height": 719, "clientWidth": 1263, "width": 1263, "offset": {"top": 0, "left": 0}, "offsetHeight": 719, "offsetWidth": 1263}}}]}